<?xml version='1.0' encoding='UTF-8'?>
<gpx version="1.1" creator="https://www.komoot.de" xmlns="http://www.topografix.com/GPX/1/1" xmlns:xsi="http://www.w3.org/2001/XMLSchema-instance" xsi:schemaLocation="http://www.topografix.com/GPX/1/1 http://www.topografix.com/GPX/1/1/gpx.xsd">
  <metadata>
    <name>Buzenol</name>
    <author>
      <link href="https://www.komoot.de">
        <text>komoot</text>
        <type>text/html</type>
      </link>
    </author>
  </metadata>
  <trk>
    <name>Buzenol</name>
    <trkseg>
      <trkpt lat="49.558253" lon="5.529620">
        <ele>205.134190</ele>
        <time>2024-11-24T07:45:40.054Z</time>
      </trkpt>
      <trkpt lat="49.558280" lon="5.529655">
        <ele>205.134190</ele>
        <time>2024-11-24T07:45:40.619Z</time>
      </trkpt>
      <trkpt lat="49.558383" lon="5.530273">
        <ele>205.134190</ele>
        <time>2024-11-24T07:45:47.091Z</time>
      </trkpt>
      <trkpt lat="49.558604" lon="5.531145">
        <ele>205.031656</ele>
        <time>2024-11-24T07:45:56.413Z</time>
      </trkpt>
      <trkpt lat="49.558735" lon="5.531215">
        <ele>204.941189</ele>
        <time>2024-11-24T07:45:58.538Z</time>
      </trkpt>
      <trkpt lat="49.558868" lon="5.531665">
        <ele>204.731883</ele>
        <time>2024-11-24T07:46:03.966Z</time>
      </trkpt>
      <trkpt lat="49.559113" lon="5.531823">
        <ele>204.558595</ele>
        <time>2024-11-24T07:46:08.703Z</time>
      </trkpt>
      <trkpt lat="49.559462" lon="5.531864">
        <ele>204.330210</ele>
        <time>2024-11-24T07:46:15.366Z</time>
      </trkpt>
      <trkpt lat="49.559579" lon="5.531935">
        <ele>204.248165</ele>
        <time>2024-11-24T07:46:17.918Z</time>
      </trkpt>
      <trkpt lat="49.559931" lon="5.531807">
        <ele>204.012180</ele>
        <time>2024-11-24T07:46:25.675Z</time>
      </trkpt>
      <trkpt lat="49.560052" lon="5.531860">
        <ele>204.027747</ele>
        <time>2024-11-24T07:46:28.600Z</time>
      </trkpt>
      <trkpt lat="49.560765" lon="5.532760">
        <ele>205.353864</ele>
        <time>2024-11-24T07:46:52.508Z</time>
      </trkpt>
      <trkpt lat="49.561104" lon="5.533117">
        <ele>205.944663</ele>
        <time>2024-11-24T07:47:03.823Z</time>
      </trkpt>
      <trkpt lat="49.561391" lon="5.533345">
        <ele>206.409287</ele>
        <time>2024-11-24T07:47:12.935Z</time>
      </trkpt>
      <trkpt lat="49.561568" lon="5.533465">
        <ele>206.714559</ele>
        <time>2024-11-24T07:47:18.472Z</time>
      </trkpt>
      <trkpt lat="49.562585" lon="5.534155">
        <ele>208.625230</ele>
        <time>2024-11-24T07:47:51.697Z</time>
      </trkpt>
      <trkpt lat="49.562862" lon="5.534371">
        <ele>209.159015</ele>
        <time>2024-11-24T07:47:59.745Z</time>
      </trkpt>
      <trkpt lat="49.563062" lon="5.534534">
        <ele>209.548028</ele>
        <time>2024-11-24T07:48:05.163Z</time>
      </trkpt>
      <trkpt lat="49.563873" lon="5.535380">
        <ele>210.029131</ele>
        <time>2024-11-24T07:48:27.946Z</time>
      </trkpt>
      <trkpt lat="49.563972" lon="5.535480">
        <ele>210.078701</ele>
        <time>2024-11-24T07:48:30.231Z</time>
      </trkpt>
      <trkpt lat="49.564353" lon="5.536445">
        <ele>210.385592</ele>
        <time>2024-11-24T07:48:43.706Z</time>
      </trkpt>
      <trkpt lat="49.564612" lon="5.537021">
        <ele>210.464232</ele>
        <time>2024-11-24T07:48:52.821Z</time>
      </trkpt>
      <trkpt lat="49.564767" lon="5.537200">
        <ele>210.495203</ele>
        <time>2024-11-24T07:48:56.739Z</time>
      </trkpt>
      <trkpt lat="49.565270" lon="5.538340">
        <ele>210.638221</ele>
        <time>2024-11-24T07:49:13.874Z</time>
      </trkpt>
      <trkpt lat="49.566799" lon="5.541826">
        <ele>211.681000</ele>
        <time>2024-11-24T07:50:15.962Z</time>
      </trkpt>
      <trkpt lat="49.566958" lon="5.542205">
        <ele>211.583372</ele>
        <time>2024-11-24T07:50:21.235Z</time>
      </trkpt>
      <trkpt lat="49.567292" lon="5.543002">
        <ele>211.378135</ele>
        <time>2024-11-24T07:50:31.585Z</time>
      </trkpt>
      <trkpt lat="49.567828" lon="5.544133">
        <ele>211.087945</ele>
        <time>2024-11-24T07:50:46.614Z</time>
      </trkpt>
      <trkpt lat="49.568525" lon="5.545444">
        <ele>210.742279</ele>
        <time>2024-11-24T07:51:07.385Z</time>
      </trkpt>
      <trkpt lat="49.569635" lon="5.547231">
        <ele>212.582332</ele>
        <time>2024-11-24T07:51:48.711Z</time>
      </trkpt>
      <trkpt lat="49.571559" lon="5.549943">
        <ele>216.070041</ele>
        <time>2024-11-24T07:52:58.001Z</time>
      </trkpt>
      <trkpt lat="49.572231" lon="5.550826">
        <ele>217.023330</ele>
        <time>2024-11-24T07:53:19.817Z</time>
      </trkpt>
      <trkpt lat="49.573091" lon="5.551975">
        <ele>217.305529</ele>
        <time>2024-11-24T07:53:44.081Z</time>
      </trkpt>
      <trkpt lat="49.574357" lon="5.553398">
        <ele>216.731361</ele>
        <time>2024-11-24T07:54:11.799Z</time>
      </trkpt>
      <trkpt lat="49.575545" lon="5.554709">
        <ele>215.924690</ele>
        <time>2024-11-24T07:54:36.132Z</time>
      </trkpt>
      <trkpt lat="49.576217" lon="5.555783">
        <ele>216.818521</ele>
        <time>2024-11-24T07:54:58.240Z</time>
      </trkpt>
      <trkpt lat="49.576628" lon="5.556585">
        <ele>217.521609</ele>
        <time>2024-11-24T07:55:18.409Z</time>
      </trkpt>
      <trkpt lat="49.577040" lon="5.557671">
        <ele>219.351322</ele>
        <time>2024-11-24T07:55:45.097Z</time>
      </trkpt>
      <trkpt lat="49.577294" lon="5.558803">
        <ele>221.093253</ele>
        <time>2024-11-24T07:56:09.197Z</time>
      </trkpt>
      <trkpt lat="49.577384" lon="5.559396">
        <ele>221.420789</ele>
        <time>2024-11-24T07:56:19.543Z</time>
      </trkpt>
      <trkpt lat="49.577414" lon="5.560058">
        <ele>221.454071</ele>
        <time>2024-11-24T07:56:29.041Z</time>
      </trkpt>
      <trkpt lat="49.577413" lon="5.563213">
        <ele>221.338808</ele>
        <time>2024-11-24T07:57:04.811Z</time>
      </trkpt>
      <trkpt lat="49.577483" lon="5.565848">
        <ele>221.545892</ele>
        <time>2024-11-24T07:57:40.149Z</time>
      </trkpt>
      <trkpt lat="49.577554" lon="5.568584">
        <ele>221.734926</ele>
        <time>2024-11-24T07:58:19.750Z</time>
      </trkpt>
      <trkpt lat="49.577595" lon="5.569632">
        <ele>221.525942</ele>
        <time>2024-11-24T07:58:31.493Z</time>
      </trkpt>
      <trkpt lat="49.577638" lon="5.570701">
        <ele>220.839172</ele>
        <time>2024-11-24T07:58:42.607Z</time>
      </trkpt>
      <trkpt lat="49.577908" lon="5.571954">
        <ele>219.562774</ele>
        <time>2024-11-24T07:58:56.091Z</time>
      </trkpt>
      <trkpt lat="49.578266" lon="5.573010">
        <ele>218.620821</ele>
        <time>2024-11-24T07:59:08.776Z</time>
      </trkpt>
      <trkpt lat="49.578276" lon="5.573149">
        <ele>218.568343</ele>
        <time>2024-11-24T07:59:10.309Z</time>
      </trkpt>
      <trkpt lat="49.578333" lon="5.573349">
        <ele>218.486367</ele>
        <time>2024-11-24T07:59:12.714Z</time>
      </trkpt>
      <trkpt lat="49.578598" lon="5.574056">
        <ele>218.179941</ele>
        <time>2024-11-24T07:59:21.984Z</time>
      </trkpt>
      <trkpt lat="49.578516" lon="5.574495">
        <ele>218.008515</ele>
        <time>2024-11-24T07:59:27.408Z</time>
      </trkpt>
      <trkpt lat="49.578386" lon="5.574987">
        <ele>217.809160</ele>
        <time>2024-11-24T07:59:33.788Z</time>
      </trkpt>
      <trkpt lat="49.578218" lon="5.575212">
        <ele>217.765851</ele>
        <time>2024-11-24T07:59:37.820Z</time>
      </trkpt>
      <trkpt lat="49.578184" lon="5.575347">
        <ele>217.853254</ele>
        <time>2024-11-24T07:59:39.532Z</time>
      </trkpt>
      <trkpt lat="49.578016" lon="5.576925">
        <ele>218.818332</ele>
        <time>2024-11-24T08:00:03.530Z</time>
      </trkpt>
      <trkpt lat="49.577994" lon="5.577070">
        <ele>218.908204</ele>
        <time>2024-11-24T08:00:05.966Z</time>
      </trkpt>
      <trkpt lat="49.577957" lon="5.577109">
        <ele>218.949916</ele>
        <time>2024-11-24T08:00:07.065Z</time>
      </trkpt>
      <trkpt lat="49.577557" lon="5.577029">
        <ele>219.325330</ele>
        <time>2024-11-24T08:00:17.597Z</time>
      </trkpt>
      <trkpt lat="49.577540" lon="5.577060">
        <ele>219.349832</ele>
        <time>2024-11-24T08:00:18.295Z</time>
      </trkpt>
      <trkpt lat="49.577330" lon="5.578351">
        <ele>220.620762</ele>
        <time>2024-11-24T08:00:44.902Z</time>
      </trkpt>
      <trkpt lat="49.577271" lon="5.578515">
        <ele>220.803066</ele>
        <time>2024-11-24T08:00:48.551Z</time>
      </trkpt>
      <trkpt lat="49.577224" lon="5.578644">
        <ele>220.946896</ele>
        <time>2024-11-24T08:00:51.252Z</time>
      </trkpt>
      <trkpt lat="49.577225" lon="5.578774">
        <ele>221.073269</ele>
        <time>2024-11-24T08:00:53.452Z</time>
      </trkpt>
      <trkpt lat="49.577315" lon="5.579132">
        <ele>221.446492</ele>
        <time>2024-11-24T08:00:59.599Z</time>
      </trkpt>
      <trkpt lat="49.577325" lon="5.579262">
        <ele>221.573742</ele>
        <time>2024-11-24T08:01:01.602Z</time>
      </trkpt>
      <trkpt lat="49.577278" lon="5.579911">
        <ele>222.034746</ele>
        <time>2024-11-24T08:01:11.181Z</time>
      </trkpt>
      <trkpt lat="49.577279" lon="5.580288">
        <ele>221.891786</ele>
        <time>2024-11-24T08:01:16.338Z</time>
      </trkpt>
      <trkpt lat="49.577347" lon="5.580682">
        <ele>221.737179</ele>
        <time>2024-11-24T08:01:21.642Z</time>
      </trkpt>
      <trkpt lat="49.577375" lon="5.581217">
        <ele>221.533647</ele>
        <time>2024-11-24T08:01:28.118Z</time>
      </trkpt>
      <trkpt lat="49.577361" lon="5.581704">
        <ele>221.348795</ele>
        <time>2024-11-24T08:01:33.601Z</time>
      </trkpt>
      <trkpt lat="49.577151" lon="5.583205">
        <ele>220.440341</ele>
        <time>2024-11-24T08:01:51.076Z</time>
      </trkpt>
      <trkpt lat="49.577595" lon="5.584692">
        <ele>219.055863</ele>
        <time>2024-11-24T08:02:09.244Z</time>
      </trkpt>
      <trkpt lat="49.577727" lon="5.584948">
        <ele>218.779258</ele>
        <time>2024-11-24T08:02:12.901Z</time>
      </trkpt>
      <trkpt lat="49.577816" lon="5.585053">
        <ele>218.689580</ele>
        <time>2024-11-24T08:02:14.900Z</time>
      </trkpt>
      <trkpt lat="49.577901" lon="5.585091">
        <ele>218.697901</ele>
        <time>2024-11-24T08:02:16.466Z</time>
      </trkpt>
      <trkpt lat="49.578318" lon="5.585124">
        <ele>218.737157</ele>
        <time>2024-11-24T08:02:24.049Z</time>
      </trkpt>
      <trkpt lat="49.578055" lon="5.586596">
        <ele>218.830236</ele>
        <time>2024-11-24T08:02:42.814Z</time>
      </trkpt>
      <trkpt lat="49.578219" lon="5.587138">
        <ele>219.273891</ele>
        <time>2024-11-24T08:02:54.668Z</time>
      </trkpt>
      <trkpt lat="49.578504" lon="5.588300">
        <ele>221.960334</ele>
        <time>2024-11-24T08:03:20.865Z</time>
      </trkpt>
      <trkpt lat="49.578514" lon="5.588339">
        <ele>222.051021</ele>
        <time>2024-11-24T08:03:21.891Z</time>
      </trkpt>
      <trkpt lat="49.578622" lon="5.588979">
        <ele>223.481042</ele>
        <time>2024-11-24T08:03:39.169Z</time>
      </trkpt>
      <trkpt lat="49.578663" lon="5.589426">
        <ele>224.457246</ele>
        <time>2024-11-24T08:03:51.979Z</time>
      </trkpt>
      <trkpt lat="49.578327" lon="5.590825">
        <ele>230.327075</ele>
        <time>2024-11-24T08:04:38.567Z</time>
      </trkpt>
      <trkpt lat="49.578315" lon="5.590875">
        <ele>230.550063</ele>
        <time>2024-11-24T08:04:40.410Z</time>
      </trkpt>
      <trkpt lat="49.578229" lon="5.591296">
        <ele>232.396195</ele>
        <time>2024-11-24T08:04:56.054Z</time>
      </trkpt>
      <trkpt lat="49.578011" lon="5.593082">
        <ele>240.891075</ele>
        <time>2024-11-24T08:06:04.899Z</time>
      </trkpt>
      <trkpt lat="49.577954" lon="5.593370">
        <ele>242.468273</ele>
        <time>2024-11-24T08:06:17.402Z</time>
      </trkpt>
      <trkpt lat="49.577857" lon="5.593570">
        <ele>243.776461</ele>
        <time>2024-11-24T08:06:27.889Z</time>
      </trkpt>
      <trkpt lat="49.577702" lon="5.593765">
        <ele>245.392293</ele>
        <time>2024-11-24T08:06:40.801Z</time>
      </trkpt>
      <trkpt lat="49.577055" lon="5.594318">
        <ele>251.259614</ele>
        <time>2024-11-24T08:07:26.028Z</time>
      </trkpt>
      <trkpt lat="49.576946" lon="5.594586">
        <ele>252.449450</ele>
        <time>2024-11-24T08:07:37.609Z</time>
      </trkpt>
      <trkpt lat="49.576934" lon="5.594820">
        <ele>253.332288</ele>
        <time>2024-11-24T08:07:45.838Z</time>
      </trkpt>
      <trkpt lat="49.576956" lon="5.595128">
        <ele>254.497704</ele>
        <time>2024-11-24T08:07:56.270Z</time>
      </trkpt>
      <trkpt lat="49.577108" lon="5.596599">
        <ele>260.100031</ele>
        <time>2024-11-24T08:08:39.332Z</time>
      </trkpt>
      <trkpt lat="49.577183" lon="5.597330">
        <ele>262.629615</ele>
        <time>2024-11-24T08:08:58.741Z</time>
      </trkpt>
      <trkpt lat="49.577724" lon="5.600368">
        <ele>272.023967</ele>
        <time>2024-11-24T08:10:27.889Z</time>
      </trkpt>
      <trkpt lat="49.577835" lon="5.600868">
        <ele>273.389672</ele>
        <time>2024-11-24T08:10:42.082Z</time>
      </trkpt>
      <trkpt lat="49.577943" lon="5.601692">
        <ele>275.562072</ele>
        <time>2024-11-24T08:11:02.686Z</time>
      </trkpt>
      <trkpt lat="49.578035" lon="5.602913">
        <ele>278.451992</ele>
        <time>2024-11-24T08:11:29.526Z</time>
      </trkpt>
      <trkpt lat="49.578006" lon="5.603506">
        <ele>279.700402</ele>
        <time>2024-11-24T08:11:42.234Z</time>
      </trkpt>
      <trkpt lat="49.578021" lon="5.603656">
        <ele>280.019017</ele>
        <time>2024-11-24T08:11:45.397Z</time>
      </trkpt>
      <trkpt lat="49.577739" lon="5.604289">
        <ele>281.631283</ele>
        <time>2024-11-24T08:12:08.810Z</time>
      </trkpt>
      <trkpt lat="49.577338" lon="5.604868">
        <ele>283.528616</ele>
        <time>2024-11-24T08:12:36.775Z</time>
      </trkpt>
      <trkpt lat="49.577184" lon="5.605090">
        <ele>284.427346</ele>
        <time>2024-11-24T08:12:48.331Z</time>
      </trkpt>
      <trkpt lat="49.576547" lon="5.606441">
        <ele>289.045182</ele>
        <time>2024-11-24T08:13:46.950Z</time>
      </trkpt>
      <trkpt lat="49.576280" lon="5.606726">
        <ele>290.429577</ele>
        <time>2024-11-24T08:14:04.444Z</time>
      </trkpt>
      <trkpt lat="49.575987" lon="5.606897">
        <ele>291.394366</ele>
        <time>2024-11-24T08:14:20.861Z</time>
      </trkpt>
      <trkpt lat="49.575740" lon="5.607246">
        <ele>292.324018</ele>
        <time>2024-11-24T08:14:37.994Z</time>
      </trkpt>
      <trkpt lat="49.575622" lon="5.607638">
        <ele>293.101722</ele>
        <time>2024-11-24T08:14:51.512Z</time>
      </trkpt>
      <trkpt lat="49.575344" lon="5.608834">
        <ele>295.388021</ele>
        <time>2024-11-24T08:15:25.719Z</time>
      </trkpt>
      <trkpt lat="49.575250" lon="5.609773">
        <ele>296.498302</ele>
        <time>2024-11-24T08:15:48.963Z</time>
      </trkpt>
      <trkpt lat="49.575240" lon="5.610239">
        <ele>296.978953</ele>
        <time>2024-11-24T08:16:00.527Z</time>
      </trkpt>
      <trkpt lat="49.575455" lon="5.611017">
        <ele>297.850768</ele>
        <time>2024-11-24T08:16:22.221Z</time>
      </trkpt>
      <trkpt lat="49.575845" lon="5.612149">
        <ele>298.495423</ele>
        <time>2024-11-24T08:16:57.857Z</time>
      </trkpt>
      <trkpt lat="49.576088" lon="5.612779">
        <ele>298.424217</ele>
        <time>2024-11-24T08:17:14.791Z</time>
      </trkpt>
      <trkpt lat="49.576141" lon="5.613000">
        <ele>298.401328</ele>
        <time>2024-11-24T08:17:19.552Z</time>
      </trkpt>
      <trkpt lat="49.576146" lon="5.613587">
        <ele>298.344302</ele>
        <time>2024-11-24T08:17:30.655Z</time>
      </trkpt>
      <trkpt lat="49.576109" lon="5.614094">
        <ele>298.294741</ele>
        <time>2024-11-24T08:17:39.691Z</time>
      </trkpt>
      <trkpt lat="49.576114" lon="5.614140">
        <ele>298.290211</ele>
        <time>2024-11-24T08:17:40.490Z</time>
      </trkpt>
      <trkpt lat="49.576127" lon="5.614264">
        <ele>298.163616</ele>
        <time>2024-11-24T08:17:42.685Z</time>
      </trkpt>
      <trkpt lat="49.576108" lon="5.615006">
        <ele>296.770956</ele>
        <time>2024-11-24T08:17:55.199Z</time>
      </trkpt>
      <trkpt lat="49.576062" lon="5.615744">
        <ele>295.380501</ele>
        <time>2024-11-24T08:18:07.484Z</time>
      </trkpt>
      <trkpt lat="49.576047" lon="5.616682">
        <ele>293.620801</ele>
        <time>2024-11-24T08:18:23.304Z</time>
      </trkpt>
      <trkpt lat="49.576076" lon="5.616826">
        <ele>293.338013</ele>
        <time>2024-11-24T08:18:25.269Z</time>
      </trkpt>
      <trkpt lat="49.576120" lon="5.618286">
        <ele>290.767314</ele>
        <time>2024-11-24T08:18:44.632Z</time>
      </trkpt>
      <trkpt lat="49.576136" lon="5.619890">
        <ele>288.029837</ele>
        <time>2024-11-24T08:19:05.775Z</time>
      </trkpt>
      <trkpt lat="49.575984" lon="5.620031">
        <ele>287.665971</ele>
        <time>2024-11-24T08:19:08.595Z</time>
      </trkpt>
      <trkpt lat="49.575890" lon="5.620227">
        <ele>287.341696</ele>
        <time>2024-11-24T08:19:11.099Z</time>
      </trkpt>
      <trkpt lat="49.575769" lon="5.620551">
        <ele>286.844351</ele>
        <time>2024-11-24T08:19:14.922Z</time>
      </trkpt>
      <trkpt lat="49.575146" lon="5.622216">
        <ele>284.724971</ele>
        <time>2024-11-24T08:19:35.429Z</time>
      </trkpt>
      <trkpt lat="49.574756" lon="5.623340">
        <ele>285.886419</ele>
        <time>2024-11-24T08:19:53.543Z</time>
      </trkpt>
      <trkpt lat="49.574527" lon="5.623670">
        <ele>286.326782</ele>
        <time>2024-11-24T08:20:03.501Z</time>
      </trkpt>
      <trkpt lat="49.574882" lon="5.623436">
        <ele>286.869217</ele>
        <time>2024-11-24T08:20:17.282Z</time>
      </trkpt>
      <trkpt lat="49.575072" lon="5.623347">
        <ele>287.327496</ele>
        <time>2024-11-24T08:20:24.983Z</time>
      </trkpt>
      <trkpt lat="49.575242" lon="5.623318">
        <ele>288.149822</ele>
        <time>2024-11-24T08:20:31.920Z</time>
      </trkpt>
      <trkpt lat="49.575442" lon="5.623353">
        <ele>289.117572</ele>
        <time>2024-11-24T08:20:40.520Z</time>
      </trkpt>
      <trkpt lat="49.575664" lon="5.623463">
        <ele>290.238664</ele>
        <time>2024-11-24T08:20:51.082Z</time>
      </trkpt>
      <trkpt lat="49.576461" lon="5.623970">
        <ele>294.383753</ele>
        <time>2024-11-24T08:21:30.742Z</time>
      </trkpt>
      <trkpt lat="49.576948" lon="5.624170">
        <ele>296.648219</ele>
        <time>2024-11-24T08:21:52.875Z</time>
      </trkpt>
      <trkpt lat="49.576563" lon="5.626433">
        <ele>302.875997</ele>
        <time>2024-11-24T08:22:52.596Z</time>
      </trkpt>
      <trkpt lat="49.576606" lon="5.628875">
        <ele>307.874065</ele>
        <time>2024-11-24T08:23:47.905Z</time>
      </trkpt>
      <trkpt lat="49.576641" lon="5.629481">
        <ele>308.904495</ele>
        <time>2024-11-24T08:24:00.767Z</time>
      </trkpt>
      <trkpt lat="49.576644" lon="5.629501">
        <ele>308.924495</ele>
        <time>2024-11-24T08:24:01.200Z</time>
      </trkpt>
      <trkpt lat="49.576759" lon="5.630244">
        <ele>309.668690</ele>
        <time>2024-11-24T08:24:16.534Z</time>
      </trkpt>
      <trkpt lat="49.576983" lon="5.631661">
        <ele>311.089613</ele>
        <time>2024-11-24T08:24:41.248Z</time>
      </trkpt>
      <trkpt lat="49.577112" lon="5.632122">
        <ele>311.240745</ele>
        <time>2024-11-24T08:24:48.419Z</time>
      </trkpt>
      <trkpt lat="49.578287" lon="5.633356">
        <ele>308.812097</ele>
        <time>2024-11-24T08:25:12.017Z</time>
      </trkpt>
      <trkpt lat="49.579880" lon="5.633213">
        <ele>301.423258</ele>
        <time>2024-11-24T08:25:50.214Z</time>
      </trkpt>
      <trkpt lat="49.580144" lon="5.633189">
        <ele>300.040040</ele>
        <time>2024-11-24T08:25:56.312Z</time>
      </trkpt>
      <trkpt lat="49.580362" lon="5.633272">
        <ele>298.862376</ele>
        <time>2024-11-24T08:26:01.498Z</time>
      </trkpt>
      <trkpt lat="49.580551" lon="5.633444">
        <ele>297.665146</ele>
        <time>2024-11-24T08:26:06.600Z</time>
      </trkpt>
      <trkpt lat="49.581023" lon="5.634082">
        <ele>294.241118</ele>
        <time>2024-11-24T08:26:21.528Z</time>
      </trkpt>
      <trkpt lat="49.581569" lon="5.634656">
        <ele>290.636193</ele>
        <time>2024-11-24T08:26:37.476Z</time>
      </trkpt>
      <trkpt lat="49.581711" lon="5.634972">
        <ele>289.276213</ele>
        <time>2024-11-24T08:26:43.491Z</time>
      </trkpt>
      <trkpt lat="49.582010" lon="5.635960">
        <ele>284.255521</ele>
        <time>2024-11-24T08:27:00.004Z</time>
      </trkpt>
      <trkpt lat="49.582157" lon="5.636298">
        <ele>282.363963</ele>
        <time>2024-11-24T08:27:05.969Z</time>
      </trkpt>
      <trkpt lat="49.582466" lon="5.636753">
        <ele>279.301648</ele>
        <time>2024-11-24T08:27:15.446Z</time>
      </trkpt>
      <trkpt lat="49.582902" lon="5.637124">
        <ele>275.721497</ele>
        <time>2024-11-24T08:27:26.404Z</time>
      </trkpt>
      <trkpt lat="49.583972" lon="5.636271">
        <ele>266.902933</ele>
        <time>2024-11-24T08:27:53.284Z</time>
      </trkpt>
      <trkpt lat="49.584069" lon="5.636083">
        <ele>265.762433</ele>
        <time>2024-11-24T08:27:56.854Z</time>
      </trkpt>
      <trkpt lat="49.584087" lon="5.635866">
        <ele>264.723985</ele>
        <time>2024-11-24T08:28:00.130Z</time>
      </trkpt>
      <trkpt lat="49.584068" lon="5.635345">
        <ele>262.729779</ele>
        <time>2024-11-24T08:28:08.050Z</time>
      </trkpt>
      <trkpt lat="49.584035" lon="5.634415">
        <ele>260.916122</ele>
        <time>2024-11-24T08:28:22.849Z</time>
      </trkpt>
      <trkpt lat="49.584151" lon="5.633889">
        <ele>259.834234</ele>
        <time>2024-11-24T08:28:32.262Z</time>
      </trkpt>
      <trkpt lat="49.584264" lon="5.633666">
        <ele>259.283099</ele>
        <time>2024-11-24T08:28:37.245Z</time>
      </trkpt>
      <trkpt lat="49.584426" lon="5.633521">
        <ele>258.720546</ele>
        <time>2024-11-24T08:28:42.481Z</time>
      </trkpt>
      <trkpt lat="49.584584" lon="5.633449">
        <ele>258.225718</ele>
        <time>2024-11-24T08:28:47.269Z</time>
      </trkpt>
      <trkpt lat="49.585360" lon="5.633293">
        <ele>258.033292</ele>
        <time>2024-11-24T08:29:12.886Z</time>
      </trkpt>
      <trkpt lat="49.585544" lon="5.633331">
        <ele>258.148638</ele>
        <time>2024-11-24T08:29:19.594Z</time>
      </trkpt>
      <trkpt lat="49.586217" lon="5.633629">
        <ele>258.583689</ele>
        <time>2024-11-24T08:29:45.814Z</time>
      </trkpt>
      <trkpt lat="49.586667" lon="5.633615">
        <ele>258.514400</ele>
        <time>2024-11-24T08:30:03.147Z</time>
      </trkpt>
      <trkpt lat="49.587067" lon="5.633484">
        <ele>257.692439</ele>
        <time>2024-11-24T08:30:17.878Z</time>
      </trkpt>
      <trkpt lat="49.587554" lon="5.633371">
        <ele>256.702509</ele>
        <time>2024-11-24T08:30:32.319Z</time>
      </trkpt>
      <trkpt lat="49.587933" lon="5.633556">
        <ele>255.903450</ele>
        <time>2024-11-24T08:30:42.664Z</time>
      </trkpt>
      <trkpt lat="49.588444" lon="5.633883">
        <ele>253.677922</ele>
        <time>2024-11-24T08:30:55.883Z</time>
      </trkpt>
      <trkpt lat="49.589086" lon="5.634651">
        <ele>247.184113</ele>
        <time>2024-11-24T08:31:13.880Z</time>
      </trkpt>
      <trkpt lat="49.589416" lon="5.635251">
        <ele>243.106948</ele>
        <time>2024-11-24T08:31:24.795Z</time>
      </trkpt>
      <trkpt lat="49.589674" lon="5.634959">
        <ele>240.684401</ele>
        <time>2024-11-24T08:31:28.909Z</time>
      </trkpt>
      <trkpt lat="49.589785" lon="5.634830">
        <ele>240.200353</ele>
        <time>2024-11-24T08:31:30.736Z</time>
      </trkpt>
      <trkpt lat="49.589885" lon="5.634725">
        <ele>239.779027</ele>
        <time>2024-11-24T08:31:32.356Z</time>
      </trkpt>
      <trkpt lat="49.590068" lon="5.634520">
        <ele>238.991311</ele>
        <time>2024-11-24T08:31:35.431Z</time>
      </trkpt>
      <trkpt lat="49.590170" lon="5.634405">
        <ele>238.551276</ele>
        <time>2024-11-24T08:31:37.180Z</time>
      </trkpt>
      <trkpt lat="49.590402" lon="5.634132">
        <ele>237.534969</ele>
        <time>2024-11-24T08:31:41.332Z</time>
      </trkpt>
      <trkpt lat="49.590577" lon="5.633939">
        <ele>236.785701</ele>
        <time>2024-11-24T08:31:44.585Z</time>
      </trkpt>
      <trkpt lat="49.590676" lon="5.633881">
        <ele>236.416858</ele>
        <time>2024-11-24T08:31:46.313Z</time>
      </trkpt>
      <trkpt lat="49.590766" lon="5.634329">
        <ele>235.357898</ele>
        <time>2024-11-24T08:31:51.754Z</time>
      </trkpt>
      <trkpt lat="49.591077" lon="5.635147">
        <ele>236.494397</ele>
        <time>2024-11-24T08:32:12.618Z</time>
      </trkpt>
      <trkpt lat="49.591228" lon="5.635073">
        <ele>237.326011</ele>
        <time>2024-11-24T08:32:21.034Z</time>
      </trkpt>
      <trkpt lat="49.591159" lon="5.634362">
        <ele>239.772163</ele>
        <time>2024-11-24T08:32:47.663Z</time>
      </trkpt>
      <trkpt lat="49.591156" lon="5.634156">
        <ele>240.473260</ele>
        <time>2024-11-24T08:32:55.963Z</time>
      </trkpt>
      <trkpt lat="49.591293" lon="5.633484">
        <ele>242.870164</ele>
        <time>2024-11-24T08:33:26.835Z</time>
      </trkpt>
      <trkpt lat="49.591522" lon="5.632719">
        <ele>246.783107</ele>
        <time>2024-11-24T08:34:06.187Z</time>
      </trkpt>
      <trkpt lat="49.591590" lon="5.632615">
        <ele>247.582337</ele>
        <time>2024-11-24T08:34:13.333Z</time>
      </trkpt>
      <trkpt lat="49.591804" lon="5.632416">
        <ele>249.667939</ele>
        <time>2024-11-24T08:34:32.138Z</time>
      </trkpt>
      <trkpt lat="49.592308" lon="5.632194">
        <ele>254.042772</ele>
        <time>2024-11-24T08:35:12.122Z</time>
      </trkpt>
      <trkpt lat="49.592565" lon="5.632137">
        <ele>256.209917</ele>
        <time>2024-11-24T08:35:31.588Z</time>
      </trkpt>
      <trkpt lat="49.592792" lon="5.632023">
        <ele>258.202474</ele>
        <time>2024-11-24T08:35:49.216Z</time>
      </trkpt>
      <trkpt lat="49.593083" lon="5.631877">
        <ele>260.363686</ele>
        <time>2024-11-24T08:36:11.420Z</time>
      </trkpt>
      <trkpt lat="49.593187" lon="5.631778">
        <ele>261.158413</ele>
        <time>2024-11-24T08:36:20.104Z</time>
      </trkpt>
      <trkpt lat="49.593553" lon="5.631287">
        <ele>264.312648</ele>
        <time>2024-11-24T08:36:53.374Z</time>
      </trkpt>
      <trkpt lat="49.593960" lon="5.630305">
        <ele>269.226016</ele>
        <time>2024-11-24T08:37:40.488Z</time>
      </trkpt>
      <trkpt lat="49.596035" lon="5.625770">
        <ele>284.378761</ele>
        <time>2024-11-24T08:40:49.415Z</time>
      </trkpt>
      <trkpt lat="49.596315" lon="5.625021">
        <ele>286.002577</ele>
        <time>2024-11-24T08:41:14.251Z</time>
      </trkpt>
      <trkpt lat="49.596395" lon="5.624753">
        <ele>286.442213</ele>
        <time>2024-11-24T08:41:22.435Z</time>
      </trkpt>
      <trkpt lat="49.596398" lon="5.624683">
        <ele>286.546741</ele>
        <time>2024-11-24T08:41:24.408Z</time>
      </trkpt>
      <trkpt lat="49.595776" lon="5.623825">
        <ele>288.464784</ele>
        <time>2024-11-24T08:41:59.376Z</time>
      </trkpt>
      <trkpt lat="49.596188" lon="5.623544">
        <ele>289.519713</ele>
        <time>2024-11-24T08:42:17.821Z</time>
      </trkpt>
      <trkpt lat="49.596861" lon="5.623173">
        <ele>291.388368</ele>
        <time>2024-11-24T08:42:48.916Z</time>
      </trkpt>
      <trkpt lat="49.597320" lon="5.622856">
        <ele>292.703275</ele>
        <time>2024-11-24T08:43:12.307Z</time>
      </trkpt>
      <trkpt lat="49.597453" lon="5.622827">
        <ele>293.054486</ele>
        <time>2024-11-24T08:43:18.572Z</time>
      </trkpt>
      <trkpt lat="49.597518" lon="5.622768">
        <ele>293.251674</ele>
        <time>2024-11-24T08:43:22.135Z</time>
      </trkpt>
      <trkpt lat="49.597817" lon="5.622669">
        <ele>294.051271</ele>
        <time>2024-11-24T08:43:36.503Z</time>
      </trkpt>
      <trkpt lat="49.598047" lon="5.622516">
        <ele>294.575587</ele>
        <time>2024-11-24T08:43:48.179Z</time>
      </trkpt>
      <trkpt lat="49.598245" lon="5.622460">
        <ele>294.995220</ele>
        <time>2024-11-24T08:43:57.497Z</time>
      </trkpt>
      <trkpt lat="49.598636" lon="5.622237">
        <ele>295.864212</ele>
        <time>2024-11-24T08:44:15.929Z</time>
      </trkpt>
      <trkpt lat="49.599125" lon="5.622066">
        <ele>296.909447</ele>
        <time>2024-11-24T08:44:36.001Z</time>
      </trkpt>
      <trkpt lat="49.599290" lon="5.621966">
        <ele>297.278994</ele>
        <time>2024-11-24T08:44:42.832Z</time>
      </trkpt>
      <trkpt lat="49.599677" lon="5.621851">
        <ele>298.052123</ele>
        <time>2024-11-24T08:44:57.671Z</time>
      </trkpt>
      <trkpt lat="49.599843" lon="5.621878">
        <ele>298.341765</ele>
        <time>2024-11-24T08:45:03.857Z</time>
      </trkpt>
      <trkpt lat="49.599991" lon="5.622012">
        <ele>298.639527</ele>
        <time>2024-11-24T08:45:10.285Z</time>
      </trkpt>
      <trkpt lat="49.600589" lon="5.623043">
        <ele>300.195524</ele>
        <time>2024-11-24T08:45:45.456Z</time>
      </trkpt>
      <trkpt lat="49.600803" lon="5.623412">
        <ele>300.752389</ele>
        <time>2024-11-24T08:45:59.562Z</time>
      </trkpt>
      <trkpt lat="49.601051" lon="5.623758">
        <ele>301.643901</ele>
        <time>2024-11-24T08:46:14.597Z</time>
      </trkpt>
      <trkpt lat="49.602364" lon="5.624799">
        <ele>306.199238</ele>
        <time>2024-11-24T08:47:24.444Z</time>
      </trkpt>
      <trkpt lat="49.602412" lon="5.624747">
        <ele>306.380221</ele>
        <time>2024-11-24T08:47:27.419Z</time>
      </trkpt>
      <trkpt lat="49.602465" lon="5.624682">
        <ele>306.593810</ele>
        <time>2024-11-24T08:47:30.861Z</time>
      </trkpt>
      <trkpt lat="49.602831" lon="5.624342">
        <ele>307.970085</ele>
        <time>2024-11-24T08:47:53.072Z</time>
      </trkpt>
      <trkpt lat="49.603794" lon="5.623136">
        <ele>311.965608</ele>
        <time>2024-11-24T08:48:54.788Z</time>
      </trkpt>
      <trkpt lat="49.604044" lon="5.622937">
        <ele>311.966576</ele>
        <time>2024-11-24T08:49:06.591Z</time>
      </trkpt>
      <trkpt lat="49.604206" lon="5.622546">
        <ele>311.460142</ele>
        <time>2024-11-24T08:49:17.371Z</time>
      </trkpt>
      <trkpt lat="49.604279" lon="5.622224">
        <ele>311.087874</ele>
        <time>2024-11-24T08:49:24.165Z</time>
      </trkpt>
      <trkpt lat="49.604312" lon="5.621714">
        <ele>310.528562</ele>
        <time>2024-11-24T08:49:33.253Z</time>
      </trkpt>
      <trkpt lat="49.604397" lon="5.621510">
        <ele>310.263902</ele>
        <time>2024-11-24T08:49:37.406Z</time>
      </trkpt>
      <trkpt lat="49.604510" lon="5.621384">
        <ele>310.029142</ele>
        <time>2024-11-24T08:49:41.024Z</time>
      </trkpt>
      <trkpt lat="49.604955" lon="5.621210">
        <ele>309.256129</ele>
        <time>2024-11-24T08:49:52.272Z</time>
      </trkpt>
      <trkpt lat="49.605212" lon="5.621178">
        <ele>307.299492</ele>
        <time>2024-11-24T08:49:58.310Z</time>
      </trkpt>
      <trkpt lat="49.605464" lon="5.620966">
        <ele>305.091549</ele>
        <time>2024-11-24T08:50:04.972Z</time>
      </trkpt>
      <trkpt lat="49.605702" lon="5.620609">
        <ele>302.538217</ele>
        <time>2024-11-24T08:50:12.484Z</time>
      </trkpt>
      <trkpt lat="49.605745" lon="5.620481">
        <ele>301.819468</ele>
        <time>2024-11-24T08:50:14.577Z</time>
      </trkpt>
      <trkpt lat="49.605847" lon="5.620176">
        <ele>300.108453</ele>
        <time>2024-11-24T08:50:19.466Z</time>
      </trkpt>
      <trkpt lat="49.605845" lon="5.619937">
        <ele>298.916889</ele>
        <time>2024-11-24T08:50:22.858Z</time>
      </trkpt>
      <trkpt lat="49.605753" lon="5.619606">
        <ele>297.121416</ele>
        <time>2024-11-24T08:50:27.952Z</time>
      </trkpt>
      <trkpt lat="49.605796" lon="5.619386">
        <ele>295.975871</ele>
        <time>2024-11-24T08:50:31.141Z</time>
      </trkpt>
      <trkpt lat="49.605946" lon="5.619150">
        <ele>294.079048</ele>
        <time>2024-11-24T08:50:35.704Z</time>
      </trkpt>
      <trkpt lat="49.606108" lon="5.619000">
        <ele>292.292063</ele>
        <time>2024-11-24T08:50:39.742Z</time>
      </trkpt>
      <trkpt lat="49.606719" lon="5.618616">
        <ele>286.051896</ele>
        <time>2024-11-24T08:50:53.827Z</time>
      </trkpt>
      <trkpt lat="49.606956" lon="5.618353">
        <ele>283.290748</ele>
        <time>2024-11-24T08:51:00.073Z</time>
      </trkpt>
      <trkpt lat="49.607056" lon="5.618101">
        <ele>281.479526</ele>
        <time>2024-11-24T08:51:04.258Z</time>
      </trkpt>
      <trkpt lat="49.607123" lon="5.617720">
        <ele>279.059746</ele>
        <time>2024-11-24T08:51:09.917Z</time>
      </trkpt>
      <trkpt lat="49.607144" lon="5.617400">
        <ele>277.566481</ele>
        <time>2024-11-24T08:51:14.610Z</time>
      </trkpt>
      <trkpt lat="49.607137" lon="5.617095">
        <ele>276.378085</ele>
        <time>2024-11-24T08:51:19.143Z</time>
      </trkpt>
      <trkpt lat="49.607180" lon="5.616753">
        <ele>275.021523</ele>
        <time>2024-11-24T08:51:24.418Z</time>
      </trkpt>
      <trkpt lat="49.607300" lon="5.616197">
        <ele>272.739575</ele>
        <time>2024-11-24T08:51:33.497Z</time>
      </trkpt>
      <trkpt lat="49.607374" lon="5.616037">
        <ele>271.974142</ele>
        <time>2024-11-24T08:51:36.513Z</time>
      </trkpt>
      <trkpt lat="49.607455" lon="5.615837">
        <ele>271.055772</ele>
        <time>2024-11-24T08:51:40.154Z</time>
      </trkpt>
      <trkpt lat="49.607551" lon="5.614730">
        <ele>266.856395</ele>
        <time>2024-11-24T08:51:57.341Z</time>
      </trkpt>
      <trkpt lat="49.607555" lon="5.614504">
        <ele>266.124918</ele>
        <time>2024-11-24T08:52:00.840Z</time>
      </trkpt>
      <trkpt lat="49.607616" lon="5.613761">
        <ele>263.701790</ele>
        <time>2024-11-24T08:52:12.618Z</time>
      </trkpt>
      <trkpt lat="49.607621" lon="5.613397">
        <ele>262.523835</ele>
        <time>2024-11-24T08:52:18.362Z</time>
      </trkpt>
      <trkpt lat="49.607830" lon="5.612600">
        <ele>259.742083</ele>
        <time>2024-11-24T08:52:31.809Z</time>
      </trkpt>
      <trkpt lat="49.608103" lon="5.612093">
        <ele>257.542911</ele>
        <time>2024-11-24T08:52:42.294Z</time>
      </trkpt>
      <trkpt lat="49.609000" lon="5.611011">
        <ele>251.481657</ele>
        <time>2024-11-24T08:53:08.818Z</time>
      </trkpt>
      <trkpt lat="49.609251" lon="5.610607">
        <ele>249.550815</ele>
        <time>2024-11-24T08:53:17.475Z</time>
      </trkpt>
      <trkpt lat="49.609320" lon="5.610390">
        <ele>248.933750</ele>
        <time>2024-11-24T08:53:21.348Z</time>
      </trkpt>
      <trkpt lat="49.609371" lon="5.610081">
        <ele>248.582209</ele>
        <time>2024-11-24T08:53:26.572Z</time>
      </trkpt>
      <trkpt lat="49.609388" lon="5.609752">
        <ele>248.218345</ele>
        <time>2024-11-24T08:53:32.129Z</time>
      </trkpt>
      <trkpt lat="49.609448" lon="5.609546">
        <ele>247.969349</ele>
        <time>2024-11-24T08:53:36.029Z</time>
      </trkpt>
      <trkpt lat="49.609491" lon="5.609472">
        <ele>247.859769</ele>
        <time>2024-11-24T08:53:37.763Z</time>
      </trkpt>
      <trkpt lat="49.609441" lon="5.609182">
        <ele>247.528929</ele>
        <time>2024-11-24T08:53:43.281Z</time>
      </trkpt>
      <trkpt lat="49.609364" lon="5.608951">
        <ele>247.242539</ele>
        <time>2024-11-24T08:53:48.416Z</time>
      </trkpt>
      <trkpt lat="49.609052" lon="5.608169">
        <ele>246.230091</ele>
        <time>2024-11-24T08:54:08.558Z</time>
      </trkpt>
      <trkpt lat="49.608963" lon="5.607590">
        <ele>245.721728</ele>
        <time>2024-11-24T08:54:20.283Z</time>
      </trkpt>
      <trkpt lat="49.608905" lon="5.606967">
        <ele>245.283130</ele>
        <time>2024-11-24T08:54:32.015Z</time>
      </trkpt>
      <trkpt lat="49.608895" lon="5.606131">
        <ele>244.700459</ele>
        <time>2024-11-24T08:54:47.285Z</time>
      </trkpt>
      <trkpt lat="49.608864" lon="5.605675">
        <ele>244.380948</ele>
        <time>2024-11-24T08:54:55.665Z</time>
      </trkpt>
      <trkpt lat="49.608758" lon="5.605117">
        <ele>244.004882</ele>
        <time>2024-11-24T08:55:06.435Z</time>
      </trkpt>
      <trkpt lat="49.608268" lon="5.603620">
        <ele>243.356469</ele>
        <time>2024-11-24T08:55:39.471Z</time>
      </trkpt>
      <trkpt lat="49.608167" lon="5.603167">
        <ele>243.171253</ele>
        <time>2024-11-24T08:55:48.827Z</time>
      </trkpt>
      <trkpt lat="49.608129" lon="5.602818">
        <ele>243.034430</ele>
        <time>2024-11-24T08:55:55.502Z</time>
      </trkpt>
      <trkpt lat="49.608120" lon="5.602317">
        <ele>243.733157</ele>
        <time>2024-11-24T08:56:05.089Z</time>
      </trkpt>
      <trkpt lat="49.607960" lon="5.601122">
        <ele>246.565782</ele>
        <time>2024-11-24T08:56:35.233Z</time>
      </trkpt>
      <trkpt lat="49.608140" lon="5.601583">
        <ele>247.815181</ele>
        <time>2024-11-24T08:56:53.839Z</time>
      </trkpt>
      <trkpt lat="49.608255" lon="5.601765">
        <ele>248.405273</ele>
        <time>2024-11-24T08:57:04.119Z</time>
      </trkpt>
      <trkpt lat="49.608393" lon="5.601831">
        <ele>248.922825</ele>
        <time>2024-11-24T08:57:14.054Z</time>
      </trkpt>
      <trkpt lat="49.609122" lon="5.601839">
        <ele>256.385534</ele>
        <time>2024-11-24T08:58:16.530Z</time>
      </trkpt>
      <trkpt lat="49.609672" lon="5.602019">
        <ele>263.001760</ele>
        <time>2024-11-24T08:59:12.745Z</time>
      </trkpt>
      <trkpt lat="49.609879" lon="5.602139">
        <ele>265.603890</ele>
        <time>2024-11-24T08:59:34.935Z</time>
      </trkpt>
      <trkpt lat="49.610058" lon="5.602196">
        <ele>267.754700</ele>
        <time>2024-11-24T08:59:52.860Z</time>
      </trkpt>
      <trkpt lat="49.610752" lon="5.602156">
        <ele>274.770653</ele>
        <time>2024-11-24T09:00:56.339Z</time>
      </trkpt>
      <trkpt lat="49.610872" lon="5.602181">
        <ele>275.887538</ele>
        <time>2024-11-24T09:01:06.554Z</time>
      </trkpt>
      <trkpt lat="49.611531" lon="5.602322">
        <ele>282.024102</ele>
        <time>2024-11-24T09:01:58.064Z</time>
      </trkpt>
      <trkpt lat="49.611823" lon="5.602477">
        <ele>284.872289</ele>
        <time>2024-11-24T09:02:19.171Z</time>
      </trkpt>
      <trkpt lat="49.612121" lon="5.602475">
        <ele>287.443726</ele>
        <time>2024-11-24T09:02:38.024Z</time>
      </trkpt>
      <trkpt lat="49.612477" lon="5.602393">
        <ele>289.465900</ele>
        <time>2024-11-24T09:03:00.173Z</time>
      </trkpt>
      <trkpt lat="49.612866" lon="5.602472">
        <ele>291.670156</ele>
        <time>2024-11-24T09:03:23.943Z</time>
      </trkpt>
      <trkpt lat="49.613116" lon="5.602588">
        <ele>293.136769</ele>
        <time>2024-11-24T09:03:39.367Z</time>
      </trkpt>
      <trkpt lat="49.613843" lon="5.603132">
        <ele>297.662460</ele>
        <time>2024-11-24T09:04:25.682Z</time>
      </trkpt>
      <trkpt lat="49.614694" lon="5.603321">
        <ele>302.332696</ele>
        <time>2024-11-24T09:05:13.684Z</time>
      </trkpt>
      <trkpt lat="49.615790" lon="5.603367">
        <ele>308.455682</ele>
        <time>2024-11-24T09:06:20.750Z</time>
      </trkpt>
      <trkpt lat="49.615794" lon="5.603274">
        <ele>308.827770</ele>
        <time>2024-11-24T09:06:24.598Z</time>
      </trkpt>
      <trkpt lat="49.615953" lon="5.603175">
        <ele>309.884180</ele>
        <time>2024-11-24T09:06:36.033Z</time>
      </trkpt>
      <trkpt lat="49.616268" lon="5.603118">
        <ele>311.838377</ele>
        <time>2024-11-24T09:06:57.192Z</time>
      </trkpt>
      <trkpt lat="49.616501" lon="5.603113">
        <ele>313.274168</ele>
        <time>2024-11-24T09:07:12.793Z</time>
      </trkpt>
      <trkpt lat="49.616932" lon="5.602998">
        <ele>315.969206</ele>
        <time>2024-11-24T09:07:41.536Z</time>
      </trkpt>
      <trkpt lat="49.617111" lon="5.602899">
        <ele>317.140803</ele>
        <time>2024-11-24T09:07:53.472Z</time>
      </trkpt>
      <trkpt lat="49.617218" lon="5.602773">
        <ele>317.970063</ele>
        <time>2024-11-24T09:08:01.440Z</time>
      </trkpt>
      <trkpt lat="49.617376" lon="5.602696">
        <ele>318.357169</ele>
        <time>2024-11-24T09:08:10.533Z</time>
      </trkpt>
      <trkpt lat="49.617488" lon="5.602591">
        <ele>318.573566</ele>
        <time>2024-11-24T09:08:17.355Z</time>
      </trkpt>
      <trkpt lat="49.617802" lon="5.601890">
        <ele>319.485357</ele>
        <time>2024-11-24T09:08:42.562Z</time>
      </trkpt>
      <trkpt lat="49.618115" lon="5.601536">
        <ele>320.126142</ele>
        <time>2024-11-24T09:08:56.803Z</time>
      </trkpt>
      <trkpt lat="49.618346" lon="5.601104">
        <ele>320.725419</ele>
        <time>2024-11-24T09:09:08.003Z</time>
      </trkpt>
      <trkpt lat="49.618609" lon="5.600857">
        <ele>320.905883</ele>
        <time>2024-11-24T09:09:16.832Z</time>
      </trkpt>
      <trkpt lat="49.618737" lon="5.600549">
        <ele>320.370344</ele>
        <time>2024-11-24T09:09:23.395Z</time>
      </trkpt>
      <trkpt lat="49.618808" lon="5.600377">
        <ele>320.071862</ele>
        <time>2024-11-24T09:09:27.000Z</time>
      </trkpt>
      <trkpt lat="49.619013" lon="5.599372">
        <ele>318.529833</ele>
        <time>2024-11-24T09:09:45.294Z</time>
      </trkpt>
      <trkpt lat="49.619043" lon="5.599063">
        <ele>318.072553</ele>
        <time>2024-11-24T09:09:50.606Z</time>
      </trkpt>
      <trkpt lat="49.619027" lon="5.598781">
        <ele>317.658259</ele>
        <time>2024-11-24T09:09:55.407Z</time>
      </trkpt>
      <trkpt lat="49.619100" lon="5.598409">
        <ele>317.089400</ele>
        <time>2024-11-24T09:10:02.011Z</time>
      </trkpt>
      <trkpt lat="49.619116" lon="5.597974">
        <ele>316.506110</ele>
        <time>2024-11-24T09:10:09.402Z</time>
      </trkpt>
      <trkpt lat="49.619069" lon="5.597491">
        <ele>315.858252</ele>
        <time>2024-11-24T09:10:17.760Z</time>
      </trkpt>
      <trkpt lat="49.619140" lon="5.596544">
        <ele>314.593727</ele>
        <time>2024-11-24T09:10:34.446Z</time>
      </trkpt>
      <trkpt lat="49.619279" lon="5.596233">
        <ele>314.092562</ele>
        <time>2024-11-24T09:10:41.244Z</time>
      </trkpt>
      <trkpt lat="49.619422" lon="5.595572">
        <ele>313.378159</ele>
        <time>2024-11-24T09:10:54.231Z</time>
      </trkpt>
      <trkpt lat="49.620044" lon="5.595622">
        <ele>313.578523</ele>
        <time>2024-11-24T09:11:06.218Z</time>
      </trkpt>
      <trkpt lat="49.620603" lon="5.595501">
        <ele>313.760110</ele>
        <time>2024-11-24T09:11:19.330Z</time>
      </trkpt>
      <trkpt lat="49.621057" lon="5.595319">
        <ele>313.911004</ele>
        <time>2024-11-24T09:11:31.539Z</time>
      </trkpt>
      <trkpt lat="49.621503" lon="5.595087">
        <ele>314.792260</ele>
        <time>2024-11-24T09:11:44.975Z</time>
      </trkpt>
      <trkpt lat="49.621893" lon="5.594788">
        <ele>315.694497</ele>
        <time>2024-11-24T09:11:58.538Z</time>
      </trkpt>
      <trkpt lat="49.622239" lon="5.594458">
        <ele>316.537193</ele>
        <time>2024-11-24T09:12:11.870Z</time>
      </trkpt>
      <trkpt lat="49.622584" lon="5.594053">
        <ele>317.435236</ele>
        <time>2024-11-24T09:12:26.059Z</time>
      </trkpt>
      <trkpt lat="49.622948" lon="5.593529">
        <ele>318.381351</ele>
        <time>2024-11-24T09:12:41.657Z</time>
      </trkpt>
      <trkpt lat="49.623328" lon="5.592831">
        <ele>319.476749</ele>
        <time>2024-11-24T09:12:59.032Z</time>
      </trkpt>
      <trkpt lat="49.623587" lon="5.592199">
        <ele>320.375220</ele>
        <time>2024-11-24T09:13:12.643Z</time>
      </trkpt>
      <trkpt lat="49.623782" lon="5.591576">
        <ele>321.055872</ele>
        <time>2024-11-24T09:13:25.201Z</time>
      </trkpt>
      <trkpt lat="49.623943" lon="5.590884">
        <ele>321.322722</ele>
        <time>2024-11-24T09:13:38.491Z</time>
      </trkpt>
      <trkpt lat="49.624025" lon="5.590440">
        <ele>321.490281</ele>
        <time>2024-11-24T09:13:46.434Z</time>
      </trkpt>
      <trkpt lat="49.624097" lon="5.589824">
        <ele>321.717452</ele>
        <time>2024-11-24T09:13:55.966Z</time>
      </trkpt>
      <trkpt lat="49.624134" lon="5.589137">
        <ele>321.967640</ele>
        <time>2024-11-24T09:14:04.404Z</time>
      </trkpt>
      <trkpt lat="49.624121" lon="5.588252">
        <ele>321.341577</ele>
        <time>2024-11-24T09:14:14.226Z</time>
      </trkpt>
      <trkpt lat="49.624090" lon="5.587937">
        <ele>321.080202</ele>
        <time>2024-11-24T09:14:17.677Z</time>
      </trkpt>
      <trkpt lat="49.623993" lon="5.587214">
        <ele>320.474502</ele>
        <time>2024-11-24T09:14:25.672Z</time>
      </trkpt>
      <trkpt lat="49.623673" lon="5.585311">
        <ele>319.529449</ele>
        <time>2024-11-24T09:14:48.527Z</time>
      </trkpt>
      <trkpt lat="49.623675" lon="5.585193">
        <ele>319.507898</ele>
        <time>2024-11-24T09:14:49.961Z</time>
      </trkpt>
      <trkpt lat="49.623537" lon="5.584064">
        <ele>319.298138</ele>
        <time>2024-11-24T09:15:04.230Z</time>
      </trkpt>
      <trkpt lat="49.623462" lon="5.583440">
        <ele>319.484092</ele>
        <time>2024-11-24T09:15:14.114Z</time>
      </trkpt>
      <trkpt lat="49.623459" lon="5.583414">
        <ele>319.525563</ele>
        <time>2024-11-24T09:15:14.541Z</time>
      </trkpt>
      <trkpt lat="49.623444" lon="5.583100">
        <ele>320.019987</ele>
        <time>2024-11-24T09:15:20.057Z</time>
      </trkpt>
      <trkpt lat="49.623295" lon="5.583184">
        <ele>320.404508</ele>
        <time>2024-11-24T09:15:26.556Z</time>
      </trkpt>
      <trkpt lat="49.623017" lon="5.583235">
        <ele>321.083143</ele>
        <time>2024-11-24T09:15:38.762Z</time>
      </trkpt>
      <trkpt lat="49.622951" lon="5.583289">
        <ele>321.264216</ele>
        <time>2024-11-24T09:15:42.164Z</time>
      </trkpt>
      <trkpt lat="49.622921" lon="5.583292">
        <ele>321.337090</ele>
        <time>2024-11-24T09:15:43.540Z</time>
      </trkpt>
      <trkpt lat="49.622791" lon="5.583305">
        <ele>321.652881</ele>
        <time>2024-11-24T09:15:49.642Z</time>
      </trkpt>
      <trkpt lat="49.622722" lon="5.583251">
        <ele>321.840410</ele>
        <time>2024-11-24T09:15:53.360Z</time>
      </trkpt>
      <trkpt lat="49.622656" lon="5.583294">
        <ele>322.014065</ele>
        <time>2024-11-24T09:15:56.905Z</time>
      </trkpt>
      <trkpt lat="49.622614" lon="5.583410">
        <ele>322.222748</ele>
        <time>2024-11-24T09:16:01.141Z</time>
      </trkpt>
      <trkpt lat="49.622406" lon="5.583583">
        <ele>322.795489</ele>
        <time>2024-11-24T09:16:13.307Z</time>
      </trkpt>
      <trkpt lat="49.622379" lon="5.583605">
        <ele>322.869497</ele>
        <time>2024-11-24T09:16:14.894Z</time>
      </trkpt>
      <trkpt lat="49.622232" lon="5.583619">
        <ele>323.226514</ele>
        <time>2024-11-24T09:16:22.438Z</time>
      </trkpt>
      <trkpt lat="49.622145" lon="5.583689">
        <ele>323.464338</ele>
        <time>2024-11-24T09:16:27.311Z</time>
      </trkpt>
      <trkpt lat="49.622014" lon="5.583713">
        <ele>323.676078</ele>
        <time>2024-11-24T09:16:33.629Z</time>
      </trkpt>
      <trkpt lat="49.621868" lon="5.583925">
        <ele>323.912424</ele>
        <time>2024-11-24T09:16:42.829Z</time>
      </trkpt>
      <trkpt lat="49.621750" lon="5.584013">
        <ele>324.066945</ele>
        <time>2024-11-24T09:16:48.597Z</time>
      </trkpt>
      <trkpt lat="49.621342" lon="5.584043">
        <ele>324.548566</ele>
        <time>2024-11-24T09:17:04.726Z</time>
      </trkpt>
      <trkpt lat="49.621213" lon="5.584145">
        <ele>324.719465</ele>
        <time>2024-11-24T09:17:09.779Z</time>
      </trkpt>
      <trkpt lat="49.621158" lon="5.584190">
        <ele>324.792862</ele>
        <time>2024-11-24T09:17:11.963Z</time>
      </trkpt>
      <trkpt lat="49.620967" lon="5.584206">
        <ele>325.018403</ele>
        <time>2024-11-24T09:17:18.454Z</time>
      </trkpt>
      <trkpt lat="49.620647" lon="5.584311">
        <ele>325.404147</ele>
        <time>2024-11-24T09:17:29.114Z</time>
      </trkpt>
      <trkpt lat="49.620569" lon="5.584425">
        <ele>325.530803</ele>
        <time>2024-11-24T09:17:32.475Z</time>
      </trkpt>
      <trkpt lat="49.620249" lon="5.584531">
        <ele>325.600869</ele>
        <time>2024-11-24T09:17:42.412Z</time>
      </trkpt>
      <trkpt lat="49.620243" lon="5.584035">
        <ele>325.441092</ele>
        <time>2024-11-24T09:17:51.946Z</time>
      </trkpt>
      <trkpt lat="49.620238" lon="5.583660">
        <ele>325.320288</ele>
        <time>2024-11-24T09:17:59.070Z</time>
      </trkpt>
      <trkpt lat="49.620142" lon="5.582593">
        <ele>324.973334</ele>
        <time>2024-11-24T09:18:20.225Z</time>
      </trkpt>
      <trkpt lat="49.620191" lon="5.581900">
        <ele>324.808567</ele>
        <time>2024-11-24T09:18:34.114Z</time>
      </trkpt>
      <trkpt lat="49.620332" lon="5.581405">
        <ele>324.836317</ele>
        <time>2024-11-24T09:18:44.894Z</time>
      </trkpt>
      <trkpt lat="49.620502" lon="5.581081">
        <ele>324.857713</ele>
        <time>2024-11-24T09:18:53.409Z</time>
      </trkpt>
      <trkpt lat="49.620502" lon="5.581081">
        <ele>324.857713</ele>
        <time>2024-11-24T09:18:53.412Z</time>
      </trkpt>
      <trkpt lat="49.620502" lon="5.581081">
        <ele>324.857713</ele>
        <time>2024-11-24T09:18:53.416Z</time>
      </trkpt>
      <trkpt lat="49.620332" lon="5.581405">
        <ele>324.879109</ele>
        <time>2024-11-24T09:19:02.141Z</time>
      </trkpt>
      <trkpt lat="49.620191" lon="5.581900">
        <ele>324.906859</ele>
        <time>2024-11-24T09:19:13.822Z</time>
      </trkpt>
      <trkpt lat="49.620142" lon="5.582593">
        <ele>324.942633</ele>
        <time>2024-11-24T09:19:29.000Z</time>
      </trkpt>
      <trkpt lat="49.620238" lon="5.583660">
        <ele>325.253503</ele>
        <time>2024-11-24T09:19:53.084Z</time>
      </trkpt>
      <trkpt lat="49.620243" lon="5.584035">
        <ele>325.362061</ele>
        <time>2024-11-24T09:20:01.917Z</time>
      </trkpt>
      <trkpt lat="49.620249" lon="5.584531">
        <ele>325.505642</ele>
        <time>2024-11-24T09:20:13.436Z</time>
      </trkpt>
      <trkpt lat="49.620569" lon="5.584425">
        <ele>325.651857</ele>
        <time>2024-11-24T09:20:24.654Z</time>
      </trkpt>
      <trkpt lat="49.620647" lon="5.584311">
        <ele>325.699846</ele>
        <time>2024-11-24T09:20:28.162Z</time>
      </trkpt>
      <trkpt lat="49.620967" lon="5.584206">
        <ele>325.671810</ele>
        <time>2024-11-24T09:20:38.388Z</time>
      </trkpt>
      <trkpt lat="49.621158" lon="5.584190">
        <ele>325.607852</ele>
        <time>2024-11-24T09:20:44.240Z</time>
      </trkpt>
      <trkpt lat="49.621213" lon="5.584145">
        <ele>325.587038</ele>
        <time>2024-11-24T09:20:46.141Z</time>
      </trkpt>
      <trkpt lat="49.621342" lon="5.584043">
        <ele>325.538575</ele>
        <time>2024-11-24T09:20:50.487Z</time>
      </trkpt>
      <trkpt lat="49.621750" lon="5.584013">
        <ele>325.401998</ele>
        <time>2024-11-24T09:21:02.612Z</time>
      </trkpt>
      <trkpt lat="49.621868" lon="5.583925">
        <ele>325.358179</ele>
        <time>2024-11-24T09:21:06.503Z</time>
      </trkpt>
      <trkpt lat="49.622014" lon="5.583713">
        <ele>325.291157</ele>
        <time>2024-11-24T09:21:12.556Z</time>
      </trkpt>
      <trkpt lat="49.622145" lon="5.583689">
        <ele>325.247048</ele>
        <time>2024-11-24T09:21:16.558Z</time>
      </trkpt>
      <trkpt lat="49.622232" lon="5.583619">
        <ele>325.214243</ele>
        <time>2024-11-24T09:21:19.577Z</time>
      </trkpt>
      <trkpt lat="49.622379" lon="5.583605">
        <ele>325.164998</ele>
        <time>2024-11-24T09:21:24.222Z</time>
      </trkpt>
      <trkpt lat="49.622406" lon="5.583583">
        <ele>325.154789</ele>
        <time>2024-11-24T09:21:25.162Z</time>
      </trkpt>
      <trkpt lat="49.622379" lon="5.583605">
        <ele>325.145352</ele>
        <time>2024-11-24T09:21:26.174Z</time>
      </trkpt>
      <trkpt lat="49.622232" lon="5.583619">
        <ele>325.194563</ele>
        <time>2024-11-24T09:21:30.970Z</time>
      </trkpt>
      <trkpt lat="49.622145" lon="5.583689">
        <ele>325.227344</ele>
        <time>2024-11-24T09:21:34.245Z</time>
      </trkpt>
      <trkpt lat="49.622014" lon="5.583713">
        <ele>325.271423</ele>
        <time>2024-11-24T09:21:38.718Z</time>
      </trkpt>
      <trkpt lat="49.621868" lon="5.583925">
        <ele>325.338397</ele>
        <time>2024-11-24T09:21:45.664Z</time>
      </trkpt>
      <trkpt lat="49.621750" lon="5.584013">
        <ele>325.382185</ele>
        <time>2024-11-24T09:21:50.369Z</time>
      </trkpt>
      <trkpt lat="49.621342" lon="5.584043">
        <ele>325.518665</ele>
        <time>2024-11-24T09:22:05.022Z</time>
      </trkpt>
      <trkpt lat="49.621213" lon="5.584145">
        <ele>325.567094</ele>
        <time>2024-11-24T09:22:10.075Z</time>
      </trkpt>
      <trkpt lat="49.621158" lon="5.584190">
        <ele>325.587893</ele>
        <time>2024-11-24T09:22:12.259Z</time>
      </trkpt>
      <trkpt lat="49.620967" lon="5.584206">
        <ele>325.651806</ele>
        <time>2024-11-24T09:22:18.750Z</time>
      </trkpt>
      <trkpt lat="49.620647" lon="5.584311">
        <ele>325.726530</ele>
        <time>2024-11-24T09:22:29.409Z</time>
      </trkpt>
      <trkpt lat="49.620569" lon="5.584425">
        <ele>325.680581</ele>
        <time>2024-11-24T09:22:32.770Z</time>
      </trkpt>
      <trkpt lat="49.620249" lon="5.584531">
        <ele>325.540581</ele>
        <time>2024-11-24T09:22:42.708Z</time>
      </trkpt>
      <trkpt lat="49.620243" lon="5.584035">
        <ele>325.403102</ele>
        <time>2024-11-24T09:22:52.242Z</time>
      </trkpt>
      <trkpt lat="49.620238" lon="5.583660">
        <ele>325.299157</ele>
        <time>2024-11-24T09:22:59.366Z</time>
      </trkpt>
      <trkpt lat="49.620142" lon="5.582593">
        <ele>325.000625</ele>
        <time>2024-11-24T09:23:20.521Z</time>
      </trkpt>
      <trkpt lat="49.620191" lon="5.581900">
        <ele>325.133203</ele>
        <time>2024-11-24T09:23:34.674Z</time>
      </trkpt>
      <trkpt lat="49.620332" lon="5.581405">
        <ele>325.272002</ele>
        <time>2024-11-24T09:23:45.871Z</time>
      </trkpt>
      <trkpt lat="49.620502" lon="5.581081">
        <ele>325.379023</ele>
        <time>2024-11-24T09:23:54.920Z</time>
      </trkpt>
      <trkpt lat="49.620752" lon="5.580417">
        <ele>325.576155</ele>
        <time>2024-11-24T09:24:12.473Z</time>
      </trkpt>
      <trkpt lat="49.620932" lon="5.579706">
        <ele>325.982201</ele>
        <time>2024-11-24T09:24:31.056Z</time>
      </trkpt>
      <trkpt lat="49.621212" lon="5.578841">
        <ele>326.859496</ele>
        <time>2024-11-24T09:24:55.605Z</time>
      </trkpt>
      <trkpt lat="49.621272" lon="5.578239">
        <ele>327.412093</ele>
        <time>2024-11-24T09:25:11.456Z</time>
      </trkpt>
      <trkpt lat="49.621648" lon="5.576530">
        <ele>328.554322</ele>
        <time>2024-11-24T09:25:56.802Z</time>
      </trkpt>
      <trkpt lat="49.621844" lon="5.576034">
        <ele>328.771198</ele>
        <time>2024-11-24T09:26:10.253Z</time>
      </trkpt>
      <trkpt lat="49.621920" lon="5.575536">
        <ele>328.962183</ele>
        <time>2024-11-24T09:26:21.245Z</time>
      </trkpt>
      <trkpt lat="49.621844" lon="5.576034">
        <ele>329.153168</ele>
        <time>2024-11-24T09:26:31.500Z</time>
      </trkpt>
      <trkpt lat="49.621648" lon="5.576530">
        <ele>329.238402</ele>
        <time>2024-11-24T09:26:42.768Z</time>
      </trkpt>
      <trkpt lat="49.621347" lon="5.577901">
        <ele>329.212161</ele>
        <time>2024-11-24T09:27:11.901Z</time>
      </trkpt>
      <trkpt lat="49.621648" lon="5.576530">
        <ele>329.666964</ele>
        <time>2024-11-24T09:27:43.239Z</time>
      </trkpt>
      <trkpt lat="49.621844" lon="5.576034">
        <ele>330.270530</ele>
        <time>2024-11-24T09:27:57.358Z</time>
      </trkpt>
      <trkpt lat="49.621933" lon="5.575452">
        <ele>330.891758</ele>
        <time>2024-11-24T09:28:12.336Z</time>
      </trkpt>
      <trkpt lat="49.621912" lon="5.574751">
        <ele>331.620771</ele>
        <time>2024-11-24T09:28:31.452Z</time>
      </trkpt>
      <trkpt lat="49.621908" lon="5.574113">
        <ele>332.395546</ele>
        <time>2024-11-24T09:28:50.495Z</time>
      </trkpt>
      <trkpt lat="49.621766" lon="5.574218">
        <ele>332.785837</ele>
        <time>2024-11-24T09:28:58.051Z</time>
      </trkpt>
      <trkpt lat="49.621693" lon="5.574249">
        <ele>332.973511</ele>
        <time>2024-11-24T09:29:01.715Z</time>
      </trkpt>
      <trkpt lat="49.621272" lon="5.574430">
        <ele>334.056805</ele>
        <time>2024-11-24T09:29:23.387Z</time>
      </trkpt>
      <trkpt lat="49.621186" lon="5.574494">
        <ele>334.293463</ele>
        <time>2024-11-24T09:29:28.083Z</time>
      </trkpt>
      <trkpt lat="49.620673" lon="5.575106">
        <ele>335.900603</ele>
        <time>2024-11-24T09:29:56.904Z</time>
      </trkpt>
      <trkpt lat="49.620407" lon="5.575425">
        <ele>336.799754</ele>
        <time>2024-11-24T09:30:08.480Z</time>
      </trkpt>
      <trkpt lat="49.619961" lon="5.575751">
        <ele>338.418163</ele>
        <time>2024-11-24T09:30:26.158Z</time>
      </trkpt>
      <trkpt lat="49.619863" lon="5.575760">
        <ele>338.740131</ele>
        <time>2024-11-24T09:30:29.984Z</time>
      </trkpt>
      <trkpt lat="49.619596" lon="5.575928">
        <ele>339.685742</ele>
        <time>2024-11-24T09:30:41.734Z</time>
      </trkpt>
      <trkpt lat="49.619551" lon="5.575803">
        <ele>339.989581</ele>
        <time>2024-11-24T09:30:45.745Z</time>
      </trkpt>
      <trkpt lat="49.619349" lon="5.575107">
        <ele>341.609996</ele>
        <time>2024-11-24T09:31:10.969Z</time>
      </trkpt>
      <trkpt lat="49.619255" lon="5.574965">
        <ele>342.041351</ele>
        <time>2024-11-24T09:31:19.097Z</time>
      </trkpt>
      <trkpt lat="49.618951" lon="5.574644">
        <ele>344.341593</ele>
        <time>2024-11-24T09:31:45.276Z</time>
      </trkpt>
      <trkpt lat="49.618846" lon="5.574458">
        <ele>345.569523</ele>
        <time>2024-11-24T09:31:58.301Z</time>
      </trkpt>
      <trkpt lat="49.618523" lon="5.573711">
        <ele>350.039654</ele>
        <time>2024-11-24T09:32:44.375Z</time>
      </trkpt>
      <trkpt lat="49.618325" lon="5.573182">
        <ele>353.080519</ele>
        <time>2024-11-24T09:33:12.716Z</time>
      </trkpt>
      <trkpt lat="49.618207" lon="5.573062">
        <ele>354.166149</ele>
        <time>2024-11-24T09:33:22.123Z</time>
      </trkpt>
      <trkpt lat="49.618014" lon="5.572979">
        <ele>355.705379</ele>
        <time>2024-11-24T09:33:34.897Z</time>
      </trkpt>
      <trkpt lat="49.617380" lon="5.573024">
        <ele>357.616480</ele>
        <time>2024-11-24T09:34:13.614Z</time>
      </trkpt>
      <trkpt lat="49.617265" lon="5.572971">
        <ele>357.906778</ele>
        <time>2024-11-24T09:34:20.796Z</time>
      </trkpt>
      <trkpt lat="49.617230" lon="5.572931">
        <ele>358.012118</ele>
        <time>2024-11-24T09:34:23.242Z</time>
      </trkpt>
      <trkpt lat="49.617076" lon="5.572761">
        <ele>358.470080</ele>
        <time>2024-11-24T09:34:33.202Z</time>
      </trkpt>
      <trkpt lat="49.616838" lon="5.572335">
        <ele>359.351608</ele>
        <time>2024-11-24T09:34:48.750Z</time>
      </trkpt>
      <trkpt lat="49.617077" lon="5.571668">
        <ele>360.546095</ele>
        <time>2024-11-24T09:35:03.532Z</time>
      </trkpt>
      <trkpt lat="49.617022" lon="5.571648">
        <ele>360.255957</ele>
        <time>2024-11-24T09:35:04.990Z</time>
      </trkpt>
      <trkpt lat="49.617004" lon="5.571520">
        <ele>359.339547</ele>
        <time>2024-11-24T09:35:07.249Z</time>
      </trkpt>
      <trkpt lat="49.616955" lon="5.571388">
        <ele>358.275155</ele>
        <time>2024-11-24T09:35:09.691Z</time>
      </trkpt>
      <trkpt lat="49.616726" lon="5.571168">
        <ele>355.362294</ele>
        <time>2024-11-24T09:35:16.051Z</time>
      </trkpt>
      <trkpt lat="49.616291" lon="5.570557">
        <ele>349.010776</ele>
        <time>2024-11-24T09:35:28.463Z</time>
      </trkpt>
      <trkpt lat="49.616070" lon="5.570361">
        <ele>346.258277</ele>
        <time>2024-11-24T09:35:33.572Z</time>
      </trkpt>
      <trkpt lat="49.615972" lon="5.570142">
        <ele>344.396061</ele>
        <time>2024-11-24T09:35:37.015Z</time>
      </trkpt>
      <trkpt lat="49.615917" lon="5.569942">
        <ele>342.875891</ele>
        <time>2024-11-24T09:35:39.820Z</time>
      </trkpt>
      <trkpt lat="49.615638" lon="5.569385">
        <ele>337.238325</ele>
        <time>2024-11-24T09:35:48.971Z</time>
      </trkpt>
      <trkpt lat="49.615366" lon="5.569081">
        <ele>332.813184</ele>
        <time>2024-11-24T09:35:55.715Z</time>
      </trkpt>
      <trkpt lat="49.615151" lon="5.568783">
        <ele>329.005444</ele>
        <time>2024-11-24T09:36:01.561Z</time>
      </trkpt>
      <trkpt lat="49.615017" lon="5.568408">
        <ele>325.349244</ele>
        <time>2024-11-24T09:36:07.287Z</time>
      </trkpt>
      <trkpt lat="49.614916" lon="5.567949">
        <ele>321.210677</ele>
        <time>2024-11-24T09:36:13.895Z</time>
      </trkpt>
      <trkpt lat="49.614876" lon="5.567370">
        <ele>316.971729</ele>
        <time>2024-11-24T09:36:22.087Z</time>
      </trkpt>
      <trkpt lat="49.614782" lon="5.566922">
        <ele>315.323028</ele>
        <time>2024-11-24T09:36:28.934Z</time>
      </trkpt>
      <trkpt lat="49.614394" lon="5.566222">
        <ele>312.097785</ele>
        <time>2024-11-24T09:36:43.135Z</time>
      </trkpt>
      <trkpt lat="49.614040" lon="5.565733">
        <ele>309.530624</ele>
        <time>2024-11-24T09:36:55.393Z</time>
      </trkpt>
      <trkpt lat="49.613859" lon="5.565483">
        <ele>308.218092</ele>
        <time>2024-11-24T09:37:01.762Z</time>
      </trkpt>
      <trkpt lat="49.613442" lon="5.565053">
        <ele>305.874666</ele>
        <time>2024-11-24T09:37:14.678Z</time>
      </trkpt>
      <trkpt lat="49.613181" lon="5.564597">
        <ele>304.090898</ele>
        <time>2024-11-24T09:37:24.588Z</time>
      </trkpt>
      <trkpt lat="49.612778" lon="5.563447">
        <ele>300.257882</ele>
        <time>2024-11-24T09:37:44.863Z</time>
      </trkpt>
      <trkpt lat="49.612728" lon="5.563304">
        <ele>299.781495</ele>
        <time>2024-11-24T09:37:47.324Z</time>
      </trkpt>
      <trkpt lat="49.612465" lon="5.562751">
        <ele>297.546137</ele>
        <time>2024-11-24T09:37:57.634Z</time>
      </trkpt>
      <trkpt lat="49.611772" lon="5.561734">
        <ele>292.695599</ele>
        <time>2024-11-24T09:38:20.466Z</time>
      </trkpt>
      <trkpt lat="49.611440" lon="5.561244">
        <ele>290.385162</ele>
        <time>2024-11-24T09:38:31.956Z</time>
      </trkpt>
      <trkpt lat="49.610936" lon="5.560610">
        <ele>287.568319</ele>
        <time>2024-11-24T09:38:48.308Z</time>
      </trkpt>
      <trkpt lat="49.610513" lon="5.560275">
        <ele>285.508613</ele>
        <time>2024-11-24T09:39:00.077Z</time>
      </trkpt>
      <trkpt lat="49.610333" lon="5.559726">
        <ele>283.781436</ele>
        <time>2024-11-24T09:39:09.838Z</time>
      </trkpt>
      <trkpt lat="49.610175" lon="5.559232">
        <ele>282.291359</ele>
        <time>2024-11-24T09:39:18.432Z</time>
      </trkpt>
      <trkpt lat="49.609978" lon="5.558749">
        <ele>280.880148</ele>
        <time>2024-11-24T09:39:27.313Z</time>
      </trkpt>
      <trkpt lat="49.609747" lon="5.558280">
        <ele>279.423460</ele>
        <time>2024-11-24T09:39:36.518Z</time>
      </trkpt>
      <trkpt lat="49.609626" lon="5.558138">
        <ele>278.843384</ele>
        <time>2024-11-24T09:39:40.231Z</time>
      </trkpt>
      <trkpt lat="49.609489" lon="5.558103">
        <ele>278.313479</ele>
        <time>2024-11-24T09:39:43.700Z</time>
      </trkpt>
      <trkpt lat="49.609375" lon="5.558116">
        <ele>277.877271</ele>
        <time>2024-11-24T09:39:46.624Z</time>
      </trkpt>
      <trkpt lat="49.609172" lon="5.558138">
        <ele>277.100718</ele>
        <time>2024-11-24T09:39:49.567Z</time>
      </trkpt>
      <trkpt lat="49.608856" lon="5.557286">
        <ele>276.298691</ele>
        <time>2024-11-24T09:39:59.996Z</time>
      </trkpt>
      <trkpt lat="49.608798" lon="5.557207">
        <ele>276.413117</ele>
        <time>2024-11-24T09:40:01.379Z</time>
      </trkpt>
      <trkpt lat="49.608730" lon="5.557182">
        <ele>276.516512</ele>
        <time>2024-11-24T09:40:02.658Z</time>
      </trkpt>
      <trkpt lat="49.608216" lon="5.557413">
        <ele>277.308367</ele>
        <time>2024-11-24T09:40:15.115Z</time>
      </trkpt>
      <trkpt lat="49.608171" lon="5.557371">
        <ele>277.386154</ele>
        <time>2024-11-24T09:40:17.372Z</time>
      </trkpt>
      <trkpt lat="49.607811" lon="5.557309">
        <ele>277.921945</ele>
        <time>2024-11-24T09:40:34.573Z</time>
      </trkpt>
      <trkpt lat="49.607711" lon="5.557274">
        <ele>278.073615</ele>
        <time>2024-11-24T09:40:40.106Z</time>
      </trkpt>
      <trkpt lat="49.607666" lon="5.557223">
        <ele>278.156197</ele>
        <time>2024-11-24T09:40:43.153Z</time>
      </trkpt>
      <trkpt lat="49.607571" lon="5.557077">
        <ele>278.354512</ele>
        <time>2024-11-24T09:40:50.693Z</time>
      </trkpt>
      <trkpt lat="49.607444" lon="5.556724">
        <ele>279.124758</ele>
        <time>2024-11-24T09:41:06.020Z</time>
      </trkpt>
      <trkpt lat="49.607167" lon="5.556340">
        <ele>280.568217</ele>
        <time>2024-11-24T09:41:28.270Z</time>
      </trkpt>
      <trkpt lat="49.606881" lon="5.555693">
        <ele>282.535670</ele>
        <time>2024-11-24T09:41:57.349Z</time>
      </trkpt>
      <trkpt lat="49.606758" lon="5.555562">
        <ele>283.115022</ele>
        <time>2024-11-24T09:42:05.071Z</time>
      </trkpt>
      <trkpt lat="49.606666" lon="5.555463">
        <ele>283.549813</ele>
        <time>2024-11-24T09:42:10.582Z</time>
      </trkpt>
      <trkpt lat="49.606500" lon="5.555364">
        <ele>284.239704</ele>
        <time>2024-11-24T09:42:18.802Z</time>
      </trkpt>
      <trkpt lat="49.606263" lon="5.555292">
        <ele>285.176077</ele>
        <time>2024-11-24T09:42:29.133Z</time>
      </trkpt>
      <trkpt lat="49.606106" lon="5.555207">
        <ele>285.426935</ele>
        <time>2024-11-24T09:42:35.759Z</time>
      </trkpt>
      <trkpt lat="49.605839" lon="5.554912">
        <ele>285.239339</ele>
        <time>2024-11-24T09:42:47.455Z</time>
      </trkpt>
      <trkpt lat="49.605673" lon="5.554612">
        <ele>285.093298</ele>
        <time>2024-11-24T09:42:55.283Z</time>
      </trkpt>
      <trkpt lat="49.605489" lon="5.553966">
        <ele>284.832061</ele>
        <time>2024-11-24T09:43:08.573Z</time>
      </trkpt>
      <trkpt lat="49.605294" lon="5.553630">
        <ele>284.665079</ele>
        <time>2024-11-24T09:43:16.940Z</time>
      </trkpt>
      <trkpt lat="49.605141" lon="5.553621">
        <ele>284.577611</ele>
        <time>2024-11-24T09:43:21.313Z</time>
      </trkpt>
      <trkpt lat="49.604859" lon="5.553363">
        <ele>283.930893</ele>
        <time>2024-11-24T09:43:30.530Z</time>
      </trkpt>
      <trkpt lat="49.604747" lon="5.553187">
        <ele>283.136988</ele>
        <time>2024-11-24T09:43:34.840Z</time>
      </trkpt>
      <trkpt lat="49.604554" lon="5.552755">
        <ele>281.448196</ele>
        <time>2024-11-24T09:43:43.542Z</time>
      </trkpt>
      <trkpt lat="49.604436" lon="5.552322">
        <ele>279.936355</ele>
        <time>2024-11-24T09:43:50.883Z</time>
      </trkpt>
      <trkpt lat="49.604249" lon="5.551996">
        <ele>278.535118</ele>
        <time>2024-11-24T09:43:57.518Z</time>
      </trkpt>
      <trkpt lat="49.603913" lon="5.551633">
        <ele>276.498041</ele>
        <time>2024-11-24T09:44:06.927Z</time>
      </trkpt>
      <trkpt lat="49.603451" lon="5.550874">
        <ele>272.683081</ele>
        <time>2024-11-24T09:44:22.070Z</time>
      </trkpt>
      <trkpt lat="49.603397" lon="5.550707">
        <ele>271.964944</ele>
        <time>2024-11-24T09:44:24.746Z</time>
      </trkpt>
      <trkpt lat="49.603367" lon="5.550437">
        <ele>270.910863</ele>
        <time>2024-11-24T09:44:28.707Z</time>
      </trkpt>
      <trkpt lat="49.603355" lon="5.549656">
        <ele>267.904838</ele>
        <time>2024-11-24T09:44:40.310Z</time>
      </trkpt>
      <trkpt lat="49.603166" lon="5.548982">
        <ele>265.079010</ele>
        <time>2024-11-24T09:44:52.091Z</time>
      </trkpt>
      <trkpt lat="49.603114" lon="5.548660">
        <ele>264.724813</ele>
        <time>2024-11-24T09:44:58.051Z</time>
      </trkpt>
      <trkpt lat="49.603062" lon="5.548172">
        <ele>264.516951</ele>
        <time>2024-11-24T09:45:07.552Z</time>
      </trkpt>
      <trkpt lat="49.603072" lon="5.547860">
        <ele>264.385656</ele>
        <time>2024-11-24T09:45:13.414Z</time>
      </trkpt>
      <trkpt lat="49.603032" lon="5.547600">
        <ele>264.273340</ele>
        <time>2024-11-24T09:45:18.495Z</time>
      </trkpt>
      <trkpt lat="49.602881" lon="5.547161">
        <ele>264.064449</ele>
        <time>2024-11-24T09:45:28.687Z</time>
      </trkpt>
      <trkpt lat="49.602831" lon="5.546912">
        <ele>263.954885</ele>
        <time>2024-11-24T09:45:34.665Z</time>
      </trkpt>
      <trkpt lat="49.602828" lon="5.546905">
        <ele>263.951357</ele>
        <time>2024-11-24T09:45:34.875Z</time>
      </trkpt>
      <trkpt lat="49.602831" lon="5.546912">
        <ele>263.947830</ele>
        <time>2024-11-24T09:45:35.030Z</time>
      </trkpt>
      <trkpt lat="49.602881" lon="5.547161">
        <ele>263.838266</ele>
        <time>2024-11-24T09:45:40.986Z</time>
      </trkpt>
      <trkpt lat="49.603032" lon="5.547600">
        <ele>263.768344</ele>
        <time>2024-11-24T09:45:52.900Z</time>
      </trkpt>
      <trkpt lat="49.603319" lon="5.546747">
        <ele>264.697906</ele>
        <time>2024-11-24T09:46:08.251Z</time>
      </trkpt>
      <trkpt lat="49.603365" lon="5.546662">
        <ele>264.805010</ele>
        <time>2024-11-24T09:46:09.659Z</time>
      </trkpt>
      <trkpt lat="49.603387" lon="5.546245">
        <ele>265.209657</ele>
        <time>2024-11-24T09:46:16.327Z</time>
      </trkpt>
      <trkpt lat="49.603369" lon="5.545642">
        <ele>265.793483</ele>
        <time>2024-11-24T09:46:28.396Z</time>
      </trkpt>
      <trkpt lat="49.603403" lon="5.545155">
        <ele>266.267223</ele>
        <time>2024-11-24T09:46:38.689Z</time>
      </trkpt>
      <trkpt lat="49.603332" lon="5.543823">
        <ele>269.621549</ele>
        <time>2024-11-24T09:47:18.177Z</time>
      </trkpt>
      <trkpt lat="49.603390" lon="5.543436">
        <ele>270.663513</ele>
        <time>2024-11-24T09:47:29.814Z</time>
      </trkpt>
      <trkpt lat="49.603549" lon="5.542950">
        <ele>272.091615</ele>
        <time>2024-11-24T09:47:47.081Z</time>
      </trkpt>
      <trkpt lat="49.603471" lon="5.542890">
        <ele>272.444388</ele>
        <time>2024-11-24T09:47:51.926Z</time>
      </trkpt>
      <trkpt lat="49.603321" lon="5.542906">
        <ele>273.052986</ele>
        <time>2024-11-24T09:48:00.849Z</time>
      </trkpt>
      <trkpt lat="49.602744" lon="5.543418">
        <ele>279.580561</ele>
        <time>2024-11-24T09:48:50.231Z</time>
      </trkpt>
      <trkpt lat="49.602379" lon="5.543797">
        <ele>284.594924</ele>
        <time>2024-11-24T09:49:30.146Z</time>
      </trkpt>
      <trkpt lat="49.602210" lon="5.543935">
        <ele>286.774211</ele>
        <time>2024-11-24T09:49:49.051Z</time>
      </trkpt>
      <trkpt lat="49.601711" lon="5.544204">
        <ele>292.798710</ele>
        <time>2024-11-24T09:50:45.065Z</time>
      </trkpt>
      <trkpt lat="49.601036" lon="5.544209">
        <ele>298.844997</ele>
        <time>2024-11-24T09:51:53.551Z</time>
      </trkpt>
      <trkpt lat="49.600360" lon="5.544311">
        <ele>304.580285</ele>
        <time>2024-11-24T09:52:43.984Z</time>
      </trkpt>
      <trkpt lat="49.600169" lon="5.544125">
        <ele>306.487427</ele>
        <time>2024-11-24T09:52:57.042Z</time>
      </trkpt>
      <trkpt lat="49.600105" lon="5.543614">
        <ele>309.324089</ele>
        <time>2024-11-24T09:53:13.725Z</time>
      </trkpt>
      <trkpt lat="49.599873" lon="5.542357">
        <ele>309.559057</ele>
        <time>2024-11-24T09:53:42.311Z</time>
      </trkpt>
      <trkpt lat="49.599817" lon="5.541457">
        <ele>309.721603</ele>
        <time>2024-11-24T09:53:59.507Z</time>
      </trkpt>
      <trkpt lat="49.599798" lon="5.541136">
        <ele>309.779553</ele>
        <time>2024-11-24T09:54:05.618Z</time>
      </trkpt>
      <trkpt lat="49.599827" lon="5.540320">
        <ele>309.635737</ele>
        <time>2024-11-24T09:54:21.387Z</time>
      </trkpt>
      <trkpt lat="49.599815" lon="5.539762">
        <ele>309.455131</ele>
        <time>2024-11-24T09:54:32.407Z</time>
      </trkpt>
      <trkpt lat="49.599796" lon="5.539317">
        <ele>309.310867</ele>
        <time>2024-11-24T09:54:41.343Z</time>
      </trkpt>
      <trkpt lat="49.599720" lon="5.538847">
        <ele>309.154166</ele>
        <time>2024-11-24T09:54:51.007Z</time>
      </trkpt>
      <trkpt lat="49.599654" lon="5.538641">
        <ele>309.079830</ele>
        <time>2024-11-24T09:54:55.561Z</time>
      </trkpt>
      <trkpt lat="49.599298" lon="5.537898">
        <ele>309.021051</ele>
        <time>2024-11-24T09:55:13.834Z</time>
      </trkpt>
      <trkpt lat="49.599165" lon="5.537721">
        <ele>309.079614</ele>
        <time>2024-11-24T09:55:19.317Z</time>
      </trkpt>
      <trkpt lat="49.598678" lon="5.537282">
        <ele>309.267676</ele>
        <time>2024-11-24T09:55:37.686Z</time>
      </trkpt>
      <trkpt lat="49.598431" lon="5.536938">
        <ele>309.378623</ele>
        <time>2024-11-24T09:55:49.755Z</time>
      </trkpt>
      <trkpt lat="49.598330" lon="5.536602">
        <ele>309.458664</ele>
        <time>2024-11-24T09:55:59.044Z</time>
      </trkpt>
      <trkpt lat="49.598254" lon="5.536160">
        <ele>309.450626</ele>
        <time>2024-11-24T09:56:10.267Z</time>
      </trkpt>
      <trkpt lat="49.597976" lon="5.535037">
        <ele>308.866273</ele>
        <time>2024-11-24T09:56:36.102Z</time>
      </trkpt>
      <trkpt lat="49.597931" lon="5.534980">
        <ele>308.822607</ele>
        <time>2024-11-24T09:56:37.851Z</time>
      </trkpt>
      <trkpt lat="49.597879" lon="5.534966">
        <ele>308.783018</ele>
        <time>2024-11-24T09:56:39.391Z</time>
      </trkpt>
      <trkpt lat="49.597711" lon="5.535023">
        <ele>308.654010</ele>
        <time>2024-11-24T09:56:42.247Z</time>
      </trkpt>
      <trkpt lat="49.597395" lon="5.535011">
        <ele>308.416942</ele>
        <time>2024-11-24T09:56:47.249Z</time>
      </trkpt>
      <trkpt lat="49.597006" lon="5.534946">
        <ele>307.980710</ele>
        <time>2024-11-24T09:56:53.084Z</time>
      </trkpt>
      <trkpt lat="49.596893" lon="5.534927">
        <ele>307.662055</ele>
        <time>2024-11-24T09:56:54.694Z</time>
      </trkpt>
      <trkpt lat="49.596659" lon="5.534829">
        <ele>306.982330</ele>
        <time>2024-11-24T09:56:58.169Z</time>
      </trkpt>
      <trkpt lat="49.596051" lon="5.534552">
        <ele>305.205126</ele>
        <time>2024-11-24T09:57:07.673Z</time>
      </trkpt>
      <trkpt lat="49.595876" lon="5.534690">
        <ele>304.654168</ele>
        <time>2024-11-24T09:57:12.883Z</time>
      </trkpt>
      <trkpt lat="49.595813" lon="5.534813">
        <ele>304.369311</ele>
        <time>2024-11-24T09:57:15.576Z</time>
      </trkpt>
      <trkpt lat="49.595876" lon="5.534690">
        <ele>304.084454</ele>
        <time>2024-11-24T09:57:18.256Z</time>
      </trkpt>
      <trkpt lat="49.596051" lon="5.534552">
        <ele>303.533497</ele>
        <time>2024-11-24T09:57:23.368Z</time>
      </trkpt>
      <trkpt lat="49.595699" lon="5.534331">
        <ele>302.529448</ele>
        <time>2024-11-24T09:57:28.745Z</time>
      </trkpt>
      <trkpt lat="49.594754" lon="5.533698">
        <ele>299.907532</ele>
        <time>2024-11-24T09:57:43.228Z</time>
      </trkpt>
      <trkpt lat="49.594561" lon="5.533644">
        <ele>299.408337</ele>
        <time>2024-11-24T09:57:46.161Z</time>
      </trkpt>
      <trkpt lat="49.594333" lon="5.533633">
        <ele>298.827797</ele>
        <time>2024-11-24T09:57:49.781Z</time>
      </trkpt>
      <trkpt lat="49.593340" lon="5.533666">
        <ele>298.640105</ele>
        <time>2024-11-24T09:58:14.693Z</time>
      </trkpt>
      <trkpt lat="49.592796" lon="5.533690">
        <ele>298.691818</ele>
        <time>2024-11-24T09:58:29.363Z</time>
      </trkpt>
      <trkpt lat="49.592550" lon="5.533651">
        <ele>298.715316</ele>
        <time>2024-11-24T09:58:34.652Z</time>
      </trkpt>
      <trkpt lat="49.591111" lon="5.533169">
        <ele>293.262932</ele>
        <time>2024-11-24T09:58:55.460Z</time>
      </trkpt>
      <trkpt lat="49.590380" lon="5.532788">
        <ele>289.945430</ele>
        <time>2024-11-24T09:59:05.203Z</time>
      </trkpt>
      <trkpt lat="49.589627" lon="5.532547">
        <ele>286.366347</ele>
        <time>2024-11-24T09:59:15.106Z</time>
      </trkpt>
      <trkpt lat="49.589384" lon="5.532404">
        <ele>285.155930</ele>
        <time>2024-11-24T09:59:18.738Z</time>
      </trkpt>
      <trkpt lat="49.589385" lon="5.532355">
        <ele>285.008024</ele>
        <time>2024-11-24T09:59:19.256Z</time>
      </trkpt>
      <trkpt lat="49.589336" lon="5.532299">
        <ele>284.724212</ele>
        <time>2024-11-24T09:59:20.188Z</time>
      </trkpt>
      <trkpt lat="49.589312" lon="5.531858">
        <ele>283.389034</ele>
        <time>2024-11-24T09:59:28.010Z</time>
      </trkpt>
      <trkpt lat="49.589161" lon="5.531244">
        <ele>283.002735</ele>
        <time>2024-11-24T09:59:40.348Z</time>
      </trkpt>
      <trkpt lat="49.588884" lon="5.530304">
        <ele>282.848311</ele>
        <time>2024-11-24T10:00:02.910Z</time>
      </trkpt>
      <trkpt lat="49.588489" lon="5.529117">
        <ele>282.846036</ele>
        <time>2024-11-24T10:00:30.536Z</time>
      </trkpt>
      <trkpt lat="49.588112" lon="5.527979">
        <ele>284.352573</ele>
        <time>2024-11-24T10:01:00.792Z</time>
      </trkpt>
      <trkpt lat="49.587718" lon="5.526702">
        <ele>286.032306</ele>
        <time>2024-11-24T10:01:43.571Z</time>
      </trkpt>
      <trkpt lat="49.587573" lon="5.526185">
        <ele>286.803048</ele>
        <time>2024-11-24T10:01:56.731Z</time>
      </trkpt>
      <trkpt lat="49.587482" lon="5.525878">
        <ele>287.264926</ele>
        <time>2024-11-24T10:02:04.231Z</time>
      </trkpt>
      <trkpt lat="49.587342" lon="5.525392">
        <ele>287.992587</ele>
        <time>2024-11-24T10:02:15.277Z</time>
      </trkpt>
      <trkpt lat="49.586737" lon="5.523281">
        <ele>290.448684</ele>
        <time>2024-11-24T10:02:52.509Z</time>
      </trkpt>
      <trkpt lat="49.586412" lon="5.523118">
        <ele>290.811598</ele>
        <time>2024-11-24T10:03:01.164Z</time>
      </trkpt>
      <trkpt lat="49.586222" lon="5.523102">
        <ele>291.013667</ele>
        <time>2024-11-24T10:03:05.952Z</time>
      </trkpt>
      <trkpt lat="49.586188" lon="5.522841">
        <ele>291.196946</ele>
        <time>2024-11-24T10:03:10.272Z</time>
      </trkpt>
      <trkpt lat="49.586125" lon="5.522664">
        <ele>291.335960</ele>
        <time>2024-11-24T10:03:13.442Z</time>
      </trkpt>
      <trkpt lat="49.586079" lon="5.522589">
        <ele>291.407040</ele>
        <time>2024-11-24T10:03:15.052Z</time>
      </trkpt>
      <trkpt lat="49.585739" lon="5.521704">
        <ele>291.506044</ele>
        <time>2024-11-24T10:03:30.153Z</time>
      </trkpt>
      <trkpt lat="49.585672" lon="5.521389">
        <ele>291.436792</ele>
        <time>2024-11-24T10:03:34.891Z</time>
      </trkpt>
      <trkpt lat="49.585552" lon="5.521214">
        <ele>291.383581</ele>
        <time>2024-11-24T10:03:38.161Z</time>
      </trkpt>
      <trkpt lat="49.585381" lon="5.520868">
        <ele>291.292698</ele>
        <time>2024-11-24T10:03:43.475Z</time>
      </trkpt>
      <trkpt lat="49.585267" lon="5.520556">
        <ele>291.217885</ele>
        <time>2024-11-24T10:03:47.698Z</time>
      </trkpt>
      <trkpt lat="49.585192" lon="5.520170">
        <ele>291.133708</ele>
        <time>2024-11-24T10:03:52.250Z</time>
      </trkpt>
      <trkpt lat="49.585144" lon="5.519764">
        <ele>290.976640</ele>
        <time>2024-11-24T10:03:56.745Z</time>
      </trkpt>
      <trkpt lat="49.585061" lon="5.518814">
        <ele>290.095011</ele>
        <time>2024-11-24T10:04:07.433Z</time>
      </trkpt>
      <trkpt lat="49.585056" lon="5.518757">
        <ele>290.042109</ele>
        <time>2024-11-24T10:04:08.090Z</time>
      </trkpt>
      <trkpt lat="49.584987" lon="5.518153">
        <ele>289.478041</ele>
        <time>2024-11-24T10:04:19.613Z</time>
      </trkpt>
      <trkpt lat="49.584888" lon="5.517067">
        <ele>288.436418</ele>
        <time>2024-11-24T10:04:39.800Z</time>
      </trkpt>
      <trkpt lat="49.584820" lon="5.516715">
        <ele>287.863214</ele>
        <time>2024-11-24T10:04:46.475Z</time>
      </trkpt>
      <trkpt lat="49.584322" lon="5.515148">
        <ele>285.139705</ele>
        <time>2024-11-24T10:05:16.969Z</time>
      </trkpt>
      <trkpt lat="49.583564" lon="5.513134">
        <ele>279.741462</ele>
        <time>2024-11-24T10:05:55.666Z</time>
      </trkpt>
      <trkpt lat="49.583305" lon="5.512229">
        <ele>277.182123</ele>
        <time>2024-11-24T10:06:11.323Z</time>
      </trkpt>
      <trkpt lat="49.583277" lon="5.512129">
        <ele>276.884854</ele>
        <time>2024-11-24T10:06:13.005Z</time>
      </trkpt>
      <trkpt lat="49.582944" lon="5.511207">
        <ele>273.768639</ele>
        <time>2024-11-24T10:06:28.935Z</time>
      </trkpt>
      <trkpt lat="49.582811" lon="5.510701">
        <ele>272.156499</ele>
        <time>2024-11-24T10:06:37.244Z</time>
      </trkpt>
      <trkpt lat="49.582751" lon="5.510376">
        <ele>271.158747</ele>
        <time>2024-11-24T10:06:42.544Z</time>
      </trkpt>
      <trkpt lat="49.582679" lon="5.509482">
        <ele>268.714991</ele>
        <time>2024-11-24T10:06:57.844Z</time>
      </trkpt>
      <trkpt lat="49.582504" lon="5.508745">
        <ele>267.964380</ele>
        <time>2024-11-24T10:07:12.518Z</time>
      </trkpt>
      <trkpt lat="49.582388" lon="5.508544">
        <ele>267.707032</ele>
        <time>2024-11-24T10:07:17.722Z</time>
      </trkpt>
      <trkpt lat="49.582245" lon="5.508365">
        <ele>267.435375</ele>
        <time>2024-11-24T10:07:23.164Z</time>
      </trkpt>
      <trkpt lat="49.582091" lon="5.508309">
        <ele>267.201990</ele>
        <time>2024-11-24T10:07:27.776Z</time>
      </trkpt>
      <trkpt lat="49.581626" lon="5.508270">
        <ele>266.515079</ele>
        <time>2024-11-24T10:07:41.056Z</time>
      </trkpt>
      <trkpt lat="49.580806" lon="5.507805">
        <ele>266.785093</ele>
        <time>2024-11-24T10:07:56.011Z</time>
      </trkpt>
      <trkpt lat="49.580422" lon="5.507244">
        <ele>267.299862</ele>
        <time>2024-11-24T10:08:08.753Z</time>
      </trkpt>
      <trkpt lat="49.580321" lon="5.507175">
        <ele>267.407370</ele>
        <time>2024-11-24T10:08:12.276Z</time>
      </trkpt>
      <trkpt lat="49.580178" lon="5.507173">
        <ele>267.546548</ele>
        <time>2024-11-24T10:08:17.166Z</time>
      </trkpt>
      <trkpt lat="49.580035" lon="5.507230">
        <ele>267.690293</ele>
        <time>2024-11-24T10:08:22.644Z</time>
      </trkpt>
      <trkpt lat="49.579583" lon="5.507506">
        <ele>268.481288</ele>
        <time>2024-11-24T10:08:42.931Z</time>
      </trkpt>
      <trkpt lat="49.579307" lon="5.507511">
        <ele>269.095009</ele>
        <time>2024-11-24T10:08:54.326Z</time>
      </trkpt>
      <trkpt lat="49.578831" lon="5.507324">
        <ele>270.187181</ele>
        <time>2024-11-24T10:09:12.190Z</time>
      </trkpt>
      <trkpt lat="49.578254" lon="5.507182">
        <ele>271.486358</ele>
        <time>2024-11-24T10:09:27.901Z</time>
      </trkpt>
      <trkpt lat="49.577922" lon="5.507007">
        <ele>271.596289</ele>
        <time>2024-11-24T10:09:34.690Z</time>
      </trkpt>
      <trkpt lat="49.577668" lon="5.506747">
        <ele>270.980842</ele>
        <time>2024-11-24T10:09:40.110Z</time>
      </trkpt>
      <trkpt lat="49.577013" lon="5.506780">
        <ele>269.657819</ele>
        <time>2024-11-24T10:09:50.851Z</time>
      </trkpt>
      <trkpt lat="49.576281" lon="5.506616">
        <ele>268.068469</ele>
        <time>2024-11-24T10:10:02.152Z</time>
      </trkpt>
      <trkpt lat="49.574548" lon="5.505832">
        <ele>261.478086</ele>
        <time>2024-11-24T10:10:29.104Z</time>
      </trkpt>
      <trkpt lat="49.574323" lon="5.505708">
        <ele>260.555227</ele>
        <time>2024-11-24T10:10:32.669Z</time>
      </trkpt>
      <trkpt lat="49.573524" lon="5.505271">
        <ele>257.280852</ele>
        <time>2024-11-24T10:10:45.307Z</time>
      </trkpt>
      <trkpt lat="49.572902" lon="5.504763">
        <ele>254.582034</ele>
        <time>2024-11-24T10:10:55.622Z</time>
      </trkpt>
      <trkpt lat="49.572211" lon="5.503914">
        <ele>251.467110</ele>
        <time>2024-11-24T10:11:08.741Z</time>
      </trkpt>
      <trkpt lat="49.571790" lon="5.503632">
        <ele>249.848848</ele>
        <time>2024-11-24T10:11:20.572Z</time>
      </trkpt>
      <trkpt lat="49.571536" lon="5.503556">
        <ele>248.936643</ele>
        <time>2024-11-24T10:11:27.312Z</time>
      </trkpt>
      <trkpt lat="49.571005" lon="5.503545">
        <ele>246.939315</ele>
        <time>2024-11-24T10:11:41.146Z</time>
      </trkpt>
      <trkpt lat="49.570586" lon="5.503586">
        <ele>245.325231</ele>
        <time>2024-11-24T10:11:51.942Z</time>
      </trkpt>
      <trkpt lat="49.569848" lon="5.503454">
        <ele>242.468968</ele>
        <time>2024-11-24T10:12:10.387Z</time>
      </trkpt>
      <trkpt lat="49.569184" lon="5.503044">
        <ele>239.410922</ele>
        <time>2024-11-24T10:12:27.661Z</time>
      </trkpt>
      <trkpt lat="49.568057" lon="5.502535">
        <ele>234.128577</ele>
        <time>2024-11-24T10:12:56.274Z</time>
      </trkpt>
      <trkpt lat="49.567331" lon="5.502279">
        <ele>231.702942</ele>
        <time>2024-11-24T10:13:07.402Z</time>
      </trkpt>
      <trkpt lat="49.565726" lon="5.501131">
        <ele>226.337444</ele>
        <time>2024-11-24T10:13:35.681Z</time>
      </trkpt>
      <trkpt lat="49.565330" lon="5.500705">
        <ele>224.774070</ele>
        <time>2024-11-24T10:13:43.294Z</time>
      </trkpt>
      <trkpt lat="49.564864" lon="5.500235">
        <ele>222.971145</ele>
        <time>2024-11-24T10:13:51.666Z</time>
      </trkpt>
      <trkpt lat="49.564432" lon="5.500025">
        <ele>220.839677</ele>
        <time>2024-11-24T10:13:58.195Z</time>
      </trkpt>
      <trkpt lat="49.563432" lon="5.499888">
        <ele>214.988957</ele>
        <time>2024-11-24T10:14:12.045Z</time>
      </trkpt>
      <trkpt lat="49.563112" lon="5.499823">
        <ele>213.107959</ele>
        <time>2024-11-24T10:14:16.409Z</time>
      </trkpt>
      <trkpt lat="49.562962" lon="5.499793">
        <ele>212.226471</ele>
        <time>2024-11-24T10:14:18.447Z</time>
      </trkpt>
      <trkpt lat="49.562800" lon="5.499708">
        <ele>211.257544</ele>
        <time>2024-11-24T10:14:20.760Z</time>
      </trkpt>
      <trkpt lat="49.562615" lon="5.499560">
        <ele>210.098038</ele>
        <time>2024-11-24T10:14:23.576Z</time>
      </trkpt>
      <trkpt lat="49.562412" lon="5.499289">
        <ele>208.604164</ele>
        <time>2024-11-24T10:14:27.193Z</time>
      </trkpt>
      <trkpt lat="49.562055" lon="5.498506">
        <ele>205.150551</ele>
        <time>2024-11-24T10:14:35.736Z</time>
      </trkpt>
      <trkpt lat="49.561754" lon="5.498126">
        <ele>202.986226</ele>
        <time>2024-11-24T10:14:41.270Z</time>
      </trkpt>
      <trkpt lat="49.561693" lon="5.497987">
        <ele>202.380631</ele>
        <time>2024-11-24T10:14:42.861Z</time>
      </trkpt>
      <trkpt lat="49.561590" lon="5.497556">
        <ele>201.470053</ele>
        <time>2024-11-24T10:14:47.328Z</time>
      </trkpt>
      <trkpt lat="49.561366" lon="5.497576">
        <ele>201.051080</ele>
        <time>2024-11-24T10:14:50.599Z</time>
      </trkpt>
      <trkpt lat="49.560998" lon="5.497632">
        <ele>200.360579</ele>
        <time>2024-11-24T10:14:56.303Z</time>
      </trkpt>
      <trkpt lat="49.560141" lon="5.497890">
        <ele>198.730088</ele>
        <time>2024-11-24T10:15:10.920Z</time>
      </trkpt>
      <trkpt lat="49.559867" lon="5.498138">
        <ele>198.518320</ele>
        <time>2024-11-24T10:15:16.561Z</time>
      </trkpt>
      <trkpt lat="49.559525" lon="5.498528">
        <ele>198.584906</ele>
        <time>2024-11-24T10:15:24.721Z</time>
      </trkpt>
      <trkpt lat="49.559336" lon="5.498868">
        <ele>198.630370</ele>
        <time>2024-11-24T10:15:31.155Z</time>
      </trkpt>
      <trkpt lat="49.559183" lon="5.499309">
        <ele>198.681148</ele>
        <time>2024-11-24T10:15:38.310Z</time>
      </trkpt>
      <trkpt lat="49.559082" lon="5.499916">
        <ele>198.744775</ele>
        <time>2024-11-24T10:15:47.028Z</time>
      </trkpt>
      <trkpt lat="49.559073" lon="5.500413">
        <ele>198.717562</ele>
        <time>2024-11-24T10:15:53.860Z</time>
      </trkpt>
      <trkpt lat="49.559129" lon="5.501049">
        <ele>198.579448</ele>
        <time>2024-11-24T10:16:02.594Z</time>
      </trkpt>
      <trkpt lat="49.559199" lon="5.501445">
        <ele>198.491127</ele>
        <time>2024-11-24T10:16:07.462Z</time>
      </trkpt>
      <trkpt lat="49.559337" lon="5.501837">
        <ele>198.395151</ele>
        <time>2024-11-24T10:16:12.466Z</time>
      </trkpt>
      <trkpt lat="49.559433" lon="5.501987">
        <ele>198.349807</ele>
        <time>2024-11-24T10:16:14.761Z</time>
      </trkpt>
      <trkpt lat="49.559562" lon="5.502121">
        <ele>198.298205</ele>
        <time>2024-11-24T10:16:17.337Z</time>
      </trkpt>
      <trkpt lat="49.559295" lon="5.502580">
        <ele>198.177999</ele>
        <time>2024-11-24T10:16:24.549Z</time>
      </trkpt>
      <trkpt lat="49.559249" lon="5.502760">
        <ele>198.200165</ele>
        <time>2024-11-24T10:16:26.881Z</time>
      </trkpt>
      <trkpt lat="49.559248" lon="5.502905">
        <ele>198.216779</ele>
        <time>2024-11-24T10:16:28.673Z</time>
      </trkpt>
      <trkpt lat="49.559308" lon="5.502993">
        <ele>198.231407</ele>
        <time>2024-11-24T10:16:30.235Z</time>
      </trkpt>
      <trkpt lat="49.559708" lon="5.503183">
        <ele>198.305335</ele>
        <time>2024-11-24T10:16:38.441Z</time>
      </trkpt>
      <trkpt lat="49.560136" lon="5.503449">
        <ele>198.386844</ele>
        <time>2024-11-24T10:16:48.438Z</time>
      </trkpt>
      <trkpt lat="49.560515" lon="5.503822">
        <ele>198.466263</ele>
        <time>2024-11-24T10:16:59.671Z</time>
      </trkpt>
      <trkpt lat="49.561304" lon="5.504893">
        <ele>199.112484</ele>
        <time>2024-11-24T10:17:26.154Z</time>
      </trkpt>
      <trkpt lat="49.561568" lon="5.505360">
        <ele>199.386995</ele>
        <time>2024-11-24T10:17:35.509Z</time>
      </trkpt>
      <trkpt lat="49.561761" lon="5.505828">
        <ele>199.632749</ele>
        <time>2024-11-24T10:17:43.482Z</time>
      </trkpt>
      <trkpt lat="49.562137" lon="5.506738">
        <ele>199.899626</ele>
        <time>2024-11-24T10:17:58.096Z</time>
      </trkpt>
      <trkpt lat="49.562523" lon="5.508077">
        <ele>200.197872</ele>
        <time>2024-11-24T10:18:18.769Z</time>
      </trkpt>
      <trkpt lat="49.562661" lon="5.508813">
        <ele>200.342146</ele>
        <time>2024-11-24T10:18:30.221Z</time>
      </trkpt>
      <trkpt lat="49.562729" lon="5.509727">
        <ele>200.497845</ele>
        <time>2024-11-24T10:18:43.597Z</time>
      </trkpt>
      <trkpt lat="49.562727" lon="5.510245">
        <ele>200.585512</ele>
        <time>2024-11-24T10:18:50.854Z</time>
      </trkpt>
      <trkpt lat="49.562695" lon="5.510764">
        <ele>200.673743</ele>
        <time>2024-11-24T10:18:57.930Z</time>
      </trkpt>
      <trkpt lat="49.562612" lon="5.511392">
        <ele>200.739469</ele>
        <time>2024-11-24T10:19:06.302Z</time>
      </trkpt>
      <trkpt lat="49.562462" lon="5.511992">
        <ele>200.683994</ele>
        <time>2024-11-24T10:19:14.522Z</time>
      </trkpt>
      <trkpt lat="49.562254" lon="5.512630">
        <ele>200.622391</ele>
        <time>2024-11-24T10:19:23.601Z</time>
      </trkpt>
      <trkpt lat="49.562250" lon="5.512643">
        <ele>200.621149</ele>
        <time>2024-11-24T10:19:23.780Z</time>
      </trkpt>
      <trkpt lat="49.562007" lon="5.513231">
        <ele>200.561000</ele>
        <time>2024-11-24T10:19:32.702Z</time>
      </trkpt>
      <trkpt lat="49.561507" lon="5.514281">
        <ele>200.615520</ele>
        <time>2024-11-24T10:19:49.330Z</time>
      </trkpt>
      <trkpt lat="49.561196" lon="5.515346">
        <ele>200.769397</ele>
        <time>2024-11-24T10:20:13.759Z</time>
      </trkpt>
      <trkpt lat="49.560382" lon="5.517835">
        <ele>201.813598</ele>
        <time>2024-11-24T10:21:17.511Z</time>
      </trkpt>
      <trkpt lat="49.559860" lon="5.519084">
        <ele>202.571536</ele>
        <time>2024-11-24T10:21:52.394Z</time>
      </trkpt>
      <trkpt lat="49.559424" lon="5.520041">
        <ele>203.213139</ele>
        <time>2024-11-24T10:22:20.002Z</time>
      </trkpt>
      <trkpt lat="49.559183" lon="5.520658">
        <ele>203.608280</ele>
        <time>2024-11-24T10:22:36.915Z</time>
      </trkpt>
      <trkpt lat="49.559094" lon="5.520926">
        <ele>203.762836</ele>
        <time>2024-11-24T10:22:43.834Z</time>
      </trkpt>
      <trkpt lat="49.558878" lon="5.521584">
        <ele>204.067904</ele>
        <time>2024-11-24T10:23:00.338Z</time>
      </trkpt>
      <trkpt lat="49.558713" lon="5.521933">
        <ele>204.246554</ele>
        <time>2024-11-24T10:23:09.727Z</time>
      </trkpt>
      <trkpt lat="49.558350" lon="5.522196">
        <ele>204.502342</ele>
        <time>2024-11-24T10:23:23.064Z</time>
      </trkpt>
      <trkpt lat="49.558275" lon="5.522200">
        <ele>204.550200</ele>
        <time>2024-11-24T10:23:25.577Z</time>
      </trkpt>
      <trkpt lat="49.557801" lon="5.521758">
        <ele>204.970303</ele>
        <time>2024-11-24T10:23:44.896Z</time>
      </trkpt>
      <trkpt lat="49.557447" lon="5.521672">
        <ele>205.782397</ele>
        <time>2024-11-24T10:23:58.806Z</time>
      </trkpt>
      <trkpt lat="49.557190" lon="5.521750">
        <ele>206.375959</ele>
        <time>2024-11-24T10:24:09.796Z</time>
      </trkpt>
      <trkpt lat="49.557137" lon="5.521792">
        <ele>206.511001</ele>
        <time>2024-11-24T10:24:12.382Z</time>
      </trkpt>
      <trkpt lat="49.557100" lon="5.521866">
        <ele>206.648343</ele>
        <time>2024-11-24T10:24:15.029Z</time>
      </trkpt>
      <trkpt lat="49.557080" lon="5.521999">
        <ele>206.849036</ele>
        <time>2024-11-24T10:24:18.957Z</time>
      </trkpt>
      <trkpt lat="49.557172" lon="5.522474">
        <ele>207.577738</ele>
        <time>2024-11-24T10:24:33.633Z</time>
      </trkpt>
      <trkpt lat="49.557345" lon="5.522980">
        <ele>208.418537</ele>
        <time>2024-11-24T10:24:51.186Z</time>
      </trkpt>
      <trkpt lat="49.557370" lon="5.523327">
        <ele>208.931755</ele>
        <time>2024-11-24T10:25:02.051Z</time>
      </trkpt>
      <trkpt lat="49.557382" lon="5.523401">
        <ele>208.997425</ele>
        <time>2024-11-24T10:25:03.775Z</time>
      </trkpt>
      <trkpt lat="49.557462" lon="5.523907">
        <ele>209.370848</ele>
        <time>2024-11-24T10:25:15.246Z</time>
      </trkpt>
      <trkpt lat="49.557627" lon="5.524674">
        <ele>209.950239</ele>
        <time>2024-11-24T10:25:31.235Z</time>
      </trkpt>
      <trkpt lat="49.558185" lon="5.526434">
        <ele>209.958796</ele>
        <time>2024-11-24T10:25:54.874Z</time>
      </trkpt>
      <trkpt lat="49.557782" lon="5.527121">
        <ele>208.381097</ele>
        <time>2024-11-24T10:26:03.629Z</time>
      </trkpt>
      <trkpt lat="49.556868" lon="5.528681">
        <ele>205.594793</ele>
        <time>2024-11-24T10:26:22.651Z</time>
      </trkpt>
      <trkpt lat="49.556585" lon="5.529166">
        <ele>205.106130</ele>
        <time>2024-11-24T10:26:29.207Z</time>
      </trkpt>
      <trkpt lat="49.556730" lon="5.529276">
        <ele>204.919512</ele>
        <time>2024-11-24T10:26:31.950Z</time>
      </trkpt>
      <trkpt lat="49.557143" lon="5.529377">
        <ele>204.436630</ele>
        <time>2024-11-24T10:26:41.296Z</time>
      </trkpt>
      <trkpt lat="49.557263" lon="5.529407">
        <ele>204.296247</ele>
        <time>2024-11-24T10:26:44.845Z</time>
      </trkpt>
      <trkpt lat="49.557402" lon="5.529484">
        <ele>204.141306</ele>
        <time>2024-11-24T10:26:49.282Z</time>
      </trkpt>
      <trkpt lat="49.557652" lon="5.529775">
        <ele>204.141306</ele>
        <time>2024-11-24T10:26:59.056Z</time>
      </trkpt>
      <trkpt lat="49.557744" lon="5.529783">
        <ele>204.141306</ele>
        <time>2024-11-24T10:27:01.984Z</time>
      </trkpt>
      <trkpt lat="49.558063" lon="5.529658">
        <ele>204.141306</ele>
        <time>2024-11-24T10:27:12.135Z</time>
      </trkpt>
      <trkpt lat="49.558253" lon="5.529620">
        <ele>204.141306</ele>
        <time>2024-11-24T10:27:17.982Z</time>
      </trkpt>
    </trkseg>
  </trk>
</gpx>