<?xml version='1.0' encoding='UTF-8'?>
<gpx version="1.1" creator="https://www.komoot.de" xmlns="http://www.topografix.com/GPX/1/1" xmlns:xsi="http://www.w3.org/2001/XMLSchema-instance" xsi:schemaLocation="http://www.topografix.com/GPX/1/1 http://www.topografix.com/GPX/1/1/gpx.xsd">
  <metadata>
    <name>Toussaint</name>
    <author>
      <link href="https://www.komoot.de">
        <text>komoot</text>
        <type>text/html</type>
      </link>
    </author>
  </metadata>
  <trk>
    <name>Toussaint</name>
    <trkseg>
      <trkpt lat="49.558305" lon="5.529719">
        <ele>208.429718</ele>
        <time>2024-11-01T12:32:28.999Z</time>
      </trkpt>
      <trkpt lat="49.558325" lon="5.529910">
        <ele>208.429718</ele>
        <time>2024-11-01T12:32:31.998Z</time>
      </trkpt>
      <trkpt lat="49.558361" lon="5.530082">
        <ele>208.429718</ele>
        <time>2024-11-01T12:32:33.998Z</time>
      </trkpt>
      <trkpt lat="49.558392" lon="5.530277">
        <ele>208.429718</ele>
        <time>2024-11-01T12:32:35.998Z</time>
      </trkpt>
      <trkpt lat="49.558433" lon="5.530476">
        <ele>208.429718</ele>
        <time>2024-11-01T12:32:37.998Z</time>
      </trkpt>
      <trkpt lat="49.558476" lon="5.530679">
        <ele>208.429718</ele>
        <time>2024-11-01T12:32:39.998Z</time>
      </trkpt>
      <trkpt lat="49.558514" lon="5.530887">
        <ele>208.429718</ele>
        <time>2024-11-01T12:32:41.998Z</time>
      </trkpt>
      <trkpt lat="49.558581" lon="5.531100">
        <ele>208.389534</ele>
        <time>2024-11-01T12:32:43.998Z</time>
      </trkpt>
      <trkpt lat="49.558689" lon="5.531247">
        <ele>208.249494</ele>
        <time>2024-11-01T12:32:45.998Z</time>
      </trkpt>
      <trkpt lat="49.558796" lon="5.531366">
        <ele>208.121248</ele>
        <time>2024-11-01T12:32:47.998Z</time>
      </trkpt>
      <trkpt lat="49.558840" lon="5.531487">
        <ele>208.033785</ele>
        <time>2024-11-01T12:32:49.998Z</time>
      </trkpt>
      <trkpt lat="49.558908" lon="5.531671">
        <ele>207.900262</ele>
        <time>2024-11-01T12:32:52.998Z</time>
      </trkpt>
      <trkpt lat="49.559009" lon="5.531759">
        <ele>207.787494</ele>
        <time>2024-11-01T12:32:54.998Z</time>
      </trkpt>
      <trkpt lat="49.559115" lon="5.531820">
        <ele>207.677515</ele>
        <time>2024-11-01T12:32:56.998Z</time>
      </trkpt>
      <trkpt lat="49.559229" lon="5.531857">
        <ele>207.564276</ele>
        <time>2024-11-01T12:32:59.000Z</time>
      </trkpt>
      <trkpt lat="49.559333" lon="5.531870">
        <ele>207.462854</ele>
        <time>2024-11-01T12:33:00.999Z</time>
      </trkpt>
      <trkpt lat="49.559430" lon="5.531879">
        <ele>207.368397</ele>
        <time>2024-11-01T12:33:03.000Z</time>
      </trkpt>
      <trkpt lat="49.559527" lon="5.531912">
        <ele>207.271843</ele>
        <time>2024-11-01T12:33:05.000Z</time>
      </trkpt>
      <trkpt lat="49.559613" lon="5.532008">
        <ele>207.168636</ele>
        <time>2024-11-01T12:33:07.000Z</time>
      </trkpt>
      <trkpt lat="49.559654" lon="5.532139">
        <ele>207.076927</ele>
        <time>2024-11-01T12:33:09.000Z</time>
      </trkpt>
      <trkpt lat="49.559634" lon="5.532287">
        <ele>206.981609</ele>
        <time>2024-11-01T12:33:11.000Z</time>
      </trkpt>
      <trkpt lat="49.559599" lon="5.532443">
        <ele>206.877532</ele>
        <time>2024-11-01T12:33:13.000Z</time>
      </trkpt>
      <trkpt lat="49.559569" lon="5.532605">
        <ele>206.771309</ele>
        <time>2024-11-01T12:33:15.000Z</time>
      </trkpt>
      <trkpt lat="49.559539" lon="5.532765">
        <ele>206.755450</ele>
        <time>2024-11-01T12:33:17.000Z</time>
      </trkpt>
      <trkpt lat="49.559509" lon="5.532925">
        <ele>207.270329</ele>
        <time>2024-11-01T12:33:19.000Z</time>
      </trkpt>
      <trkpt lat="49.559477" lon="5.533084">
        <ele>207.784983</ele>
        <time>2024-11-01T12:33:20.999Z</time>
      </trkpt>
      <trkpt lat="49.559441" lon="5.533241">
        <ele>208.299771</ele>
        <time>2024-11-01T12:33:22.999Z</time>
      </trkpt>
      <trkpt lat="49.559412" lon="5.533407">
        <ele>208.831235</ele>
        <time>2024-11-01T12:33:24.999Z</time>
      </trkpt>
      <trkpt lat="49.559377" lon="5.533571">
        <ele>209.364967</ele>
        <time>2024-11-01T12:33:26.999Z</time>
      </trkpt>
      <trkpt lat="49.559323" lon="5.533716">
        <ele>209.881851</ele>
        <time>2024-11-01T12:33:28.999Z</time>
      </trkpt>
      <trkpt lat="49.559267" lon="5.533858">
        <ele>210.395600</ele>
        <time>2024-11-01T12:33:30.999Z</time>
      </trkpt>
      <trkpt lat="49.559217" lon="5.533997">
        <ele>210.886962</ele>
        <time>2024-11-01T12:33:32.999Z</time>
      </trkpt>
      <trkpt lat="49.559166" lon="5.534140">
        <ele>211.391453</ele>
        <time>2024-11-01T12:33:34.999Z</time>
      </trkpt>
      <trkpt lat="49.559124" lon="5.534284">
        <ele>211.879554</ele>
        <time>2024-11-01T12:33:36.999Z</time>
      </trkpt>
      <trkpt lat="49.559086" lon="5.534429">
        <ele>212.363017</ele>
        <time>2024-11-01T12:33:38.999Z</time>
      </trkpt>
      <trkpt lat="49.559047" lon="5.534565">
        <ele>212.822709</ele>
        <time>2024-11-01T12:33:40.999Z</time>
      </trkpt>
      <trkpt lat="49.558999" lon="5.534692">
        <ele>213.277109</ele>
        <time>2024-11-01T12:33:42.999Z</time>
      </trkpt>
      <trkpt lat="49.558963" lon="5.534829">
        <ele>213.734072</ele>
        <time>2024-11-01T12:33:44.999Z</time>
      </trkpt>
      <trkpt lat="49.558910" lon="5.534973">
        <ele>214.245912</ele>
        <time>2024-11-01T12:33:46.999Z</time>
      </trkpt>
      <trkpt lat="49.558868" lon="5.535111">
        <ele>214.717159</ele>
        <time>2024-11-01T12:33:48.999Z</time>
      </trkpt>
      <trkpt lat="49.558820" lon="5.535252">
        <ele>215.209439</ele>
        <time>2024-11-01T12:33:50.999Z</time>
      </trkpt>
      <trkpt lat="49.558779" lon="5.535403">
        <ele>215.395330</ele>
        <time>2024-11-01T12:33:52.999Z</time>
      </trkpt>
      <trkpt lat="49.558732" lon="5.535542">
        <ele>215.544072</ele>
        <time>2024-11-01T12:33:54.999Z</time>
      </trkpt>
      <trkpt lat="49.558683" lon="5.535694">
        <ele>215.705134</ele>
        <time>2024-11-01T12:33:56.999Z</time>
      </trkpt>
      <trkpt lat="49.558631" lon="5.535837">
        <ele>215.860694</ele>
        <time>2024-11-01T12:33:58.998Z</time>
      </trkpt>
      <trkpt lat="49.558586" lon="5.536001">
        <ele>216.029664</ele>
        <time>2024-11-01T12:34:00.998Z</time>
      </trkpt>
      <trkpt lat="49.558542" lon="5.536147">
        <ele>216.182426</ele>
        <time>2024-11-01T12:34:02.998Z</time>
      </trkpt>
      <trkpt lat="49.558490" lon="5.536305">
        <ele>216.350547</ele>
        <time>2024-11-01T12:34:04.998Z</time>
      </trkpt>
      <trkpt lat="49.558439" lon="5.536472">
        <ele>216.525698</ele>
        <time>2024-11-01T12:34:06.998Z</time>
      </trkpt>
      <trkpt lat="49.558387" lon="5.536634">
        <ele>216.697212</ele>
        <time>2024-11-01T12:34:08.998Z</time>
      </trkpt>
      <trkpt lat="49.558335" lon="5.536795">
        <ele>216.867876</ele>
        <time>2024-11-01T12:34:10.998Z</time>
      </trkpt>
      <trkpt lat="49.558292" lon="5.536941">
        <ele>217.020028</ele>
        <time>2024-11-01T12:34:12.998Z</time>
      </trkpt>
      <trkpt lat="49.558225" lon="5.537091">
        <ele>217.192845</ele>
        <time>2024-11-01T12:34:14.998Z</time>
      </trkpt>
      <trkpt lat="49.558173" lon="5.537259">
        <ele>217.369481</ele>
        <time>2024-11-01T12:34:16.998Z</time>
      </trkpt>
      <trkpt lat="49.558124" lon="5.537417">
        <ele>217.535662</ele>
        <time>2024-11-01T12:34:18.998Z</time>
      </trkpt>
      <trkpt lat="49.558082" lon="5.537573">
        <ele>217.695937</ele>
        <time>2024-11-01T12:34:20.998Z</time>
      </trkpt>
      <trkpt lat="49.558023" lon="5.537719">
        <ele>217.859163</ele>
        <time>2024-11-01T12:34:22.998Z</time>
      </trkpt>
      <trkpt lat="49.557973" lon="5.537890">
        <ele>217.883964</ele>
        <time>2024-11-01T12:34:24.998Z</time>
      </trkpt>
      <trkpt lat="49.557921" lon="5.538067">
        <ele>217.883109</ele>
        <time>2024-11-01T12:34:26.998Z</time>
      </trkpt>
      <trkpt lat="49.557868" lon="5.538237">
        <ele>217.882279</ele>
        <time>2024-11-01T12:34:28.998Z</time>
      </trkpt>
      <trkpt lat="49.557811" lon="5.538397">
        <ele>217.881476</ele>
        <time>2024-11-01T12:34:30.998Z</time>
      </trkpt>
      <trkpt lat="49.557758" lon="5.538561">
        <ele>217.880670</ele>
        <time>2024-11-01T12:34:32.998Z</time>
      </trkpt>
      <trkpt lat="49.557705" lon="5.538726">
        <ele>217.879860</ele>
        <time>2024-11-01T12:34:34.998Z</time>
      </trkpt>
      <trkpt lat="49.557655" lon="5.538887">
        <ele>217.879074</ele>
        <time>2024-11-01T12:34:36.998Z</time>
      </trkpt>
      <trkpt lat="49.557609" lon="5.539033">
        <ele>217.878360</ele>
        <time>2024-11-01T12:34:38.998Z</time>
      </trkpt>
      <trkpt lat="49.557561" lon="5.539176">
        <ele>217.877652</ele>
        <time>2024-11-01T12:34:40.998Z</time>
      </trkpt>
      <trkpt lat="49.557522" lon="5.539353">
        <ele>217.876829</ele>
        <time>2024-11-01T12:34:42.998Z</time>
      </trkpt>
      <trkpt lat="49.557468" lon="5.539522">
        <ele>217.876000</ele>
        <time>2024-11-01T12:34:44.998Z</time>
      </trkpt>
      <trkpt lat="49.557412" lon="5.539710">
        <ele>217.875090</ele>
        <time>2024-11-01T12:34:46.998Z</time>
      </trkpt>
      <trkpt lat="49.557358" lon="5.539893">
        <ele>217.874205</ele>
        <time>2024-11-01T12:34:48.998Z</time>
      </trkpt>
      <trkpt lat="49.557307" lon="5.540065">
        <ele>217.873373</ele>
        <time>2024-11-01T12:34:50.997Z</time>
      </trkpt>
      <trkpt lat="49.557256" lon="5.540239">
        <ele>217.872533</ele>
        <time>2024-11-01T12:34:52.997Z</time>
      </trkpt>
      <trkpt lat="49.557201" lon="5.540416">
        <ele>217.681443</ele>
        <time>2024-11-01T12:34:54.997Z</time>
      </trkpt>
      <trkpt lat="49.557153" lon="5.540590">
        <ele>217.483104</ele>
        <time>2024-11-01T12:34:56.997Z</time>
      </trkpt>
      <trkpt lat="49.557111" lon="5.540769">
        <ele>217.283432</ele>
        <time>2024-11-01T12:34:58.997Z</time>
      </trkpt>
      <trkpt lat="49.557063" lon="5.540953">
        <ele>217.075399</ele>
        <time>2024-11-01T12:35:00.997Z</time>
      </trkpt>
      <trkpt lat="49.557019" lon="5.541139">
        <ele>216.867722</ele>
        <time>2024-11-01T12:35:02.997Z</time>
      </trkpt>
      <trkpt lat="49.556978" lon="5.541314">
        <ele>216.672546</ele>
        <time>2024-11-01T12:35:04.999Z</time>
      </trkpt>
      <trkpt lat="49.556938" lon="5.541488">
        <ele>216.478902</ele>
        <time>2024-11-01T12:35:06.999Z</time>
      </trkpt>
      <trkpt lat="49.556905" lon="5.541659">
        <ele>216.291758</ele>
        <time>2024-11-01T12:35:08.999Z</time>
      </trkpt>
      <trkpt lat="49.556865" lon="5.541840">
        <ele>216.091177</ele>
        <time>2024-11-01T12:35:10.999Z</time>
      </trkpt>
      <trkpt lat="49.556833" lon="5.542021">
        <ele>215.894387</ele>
        <time>2024-11-01T12:35:12.999Z</time>
      </trkpt>
      <trkpt lat="49.556802" lon="5.542206">
        <ele>215.693957</ele>
        <time>2024-11-01T12:35:14.999Z</time>
      </trkpt>
      <trkpt lat="49.556768" lon="5.542392">
        <ele>215.491248</ele>
        <time>2024-11-01T12:35:16.999Z</time>
      </trkpt>
      <trkpt lat="49.556735" lon="5.542572">
        <ele>215.295036</ele>
        <time>2024-11-01T12:35:18.999Z</time>
      </trkpt>
      <trkpt lat="49.556695" lon="5.542757">
        <ele>215.090479</ele>
        <time>2024-11-01T12:35:20.999Z</time>
      </trkpt>
      <trkpt lat="49.556668" lon="5.542931">
        <ele>214.953949</ele>
        <time>2024-11-01T12:35:22.999Z</time>
      </trkpt>
      <trkpt lat="49.556636" lon="5.543103">
        <ele>214.923237</ele>
        <time>2024-11-01T12:35:24.999Z</time>
      </trkpt>
      <trkpt lat="49.556603" lon="5.543265">
        <ele>214.894093</ele>
        <time>2024-11-01T12:35:26.999Z</time>
      </trkpt>
      <trkpt lat="49.556572" lon="5.543440">
        <ele>214.862956</ele>
        <time>2024-11-01T12:35:28.999Z</time>
      </trkpt>
      <trkpt lat="49.556540" lon="5.543617">
        <ele>214.831418</ele>
        <time>2024-11-01T12:35:30.999Z</time>
      </trkpt>
      <trkpt lat="49.556508" lon="5.543791">
        <ele>214.800375</ele>
        <time>2024-11-01T12:35:32.999Z</time>
      </trkpt>
      <trkpt lat="49.556485" lon="5.543969">
        <ele>214.769223</ele>
        <time>2024-11-01T12:35:34.999Z</time>
      </trkpt>
      <trkpt lat="49.556453" lon="5.544155">
        <ele>214.736195</ele>
        <time>2024-11-01T12:35:36.999Z</time>
      </trkpt>
      <trkpt lat="49.556421" lon="5.544324">
        <ele>214.705977</ele>
        <time>2024-11-01T12:35:38.999Z</time>
      </trkpt>
      <trkpt lat="49.556394" lon="5.544496">
        <ele>214.675603</ele>
        <time>2024-11-01T12:35:40.999Z</time>
      </trkpt>
      <trkpt lat="49.556366" lon="5.544653">
        <ele>214.647655</ele>
        <time>2024-11-01T12:35:42.999Z</time>
      </trkpt>
      <trkpt lat="49.556334" lon="5.544811">
        <ele>214.619245</ele>
        <time>2024-11-01T12:35:44.999Z</time>
      </trkpt>
      <trkpt lat="49.556306" lon="5.544978">
        <ele>214.589639</ele>
        <time>2024-11-01T12:35:46.999Z</time>
      </trkpt>
      <trkpt lat="49.556284" lon="5.545156">
        <ele>214.558538</ele>
        <time>2024-11-01T12:35:48.999Z</time>
      </trkpt>
      <trkpt lat="49.556252" lon="5.545348">
        <ele>214.524512</ele>
        <time>2024-11-01T12:35:50.999Z</time>
      </trkpt>
      <trkpt lat="49.556219" lon="5.545522">
        <ele>214.493397</ele>
        <time>2024-11-01T12:35:52.999Z</time>
      </trkpt>
      <trkpt lat="49.556190" lon="5.545699">
        <ele>214.592751</ele>
        <time>2024-11-01T12:35:54.998Z</time>
      </trkpt>
      <trkpt lat="49.556162" lon="5.545880">
        <ele>214.721433</ele>
        <time>2024-11-01T12:35:56.998Z</time>
      </trkpt>
      <trkpt lat="49.556143" lon="5.546054">
        <ele>214.843457</ele>
        <time>2024-11-01T12:35:58.998Z</time>
      </trkpt>
      <trkpt lat="49.556144" lon="5.546223">
        <ele>214.960336</ele>
        <time>2024-11-01T12:36:00.998Z</time>
      </trkpt>
      <trkpt lat="49.556111" lon="5.546371">
        <ele>215.068564</ele>
        <time>2024-11-01T12:36:02.998Z</time>
      </trkpt>
      <trkpt lat="49.556087" lon="5.546538">
        <ele>215.186855</ele>
        <time>2024-11-01T12:36:04.998Z</time>
      </trkpt>
      <trkpt lat="49.556094" lon="5.546720">
        <ele>215.312940</ele>
        <time>2024-11-01T12:36:06.998Z</time>
      </trkpt>
      <trkpt lat="49.556106" lon="5.546903">
        <ele>215.440141</ele>
        <time>2024-11-01T12:36:08.998Z</time>
      </trkpt>
      <trkpt lat="49.556113" lon="5.547086">
        <ele>215.566917</ele>
        <time>2024-11-01T12:36:10.998Z</time>
      </trkpt>
      <trkpt lat="49.556122" lon="5.547280">
        <ele>215.701422</ele>
        <time>2024-11-01T12:36:12.998Z</time>
      </trkpt>
      <trkpt lat="49.556120" lon="5.547457">
        <ele>215.823847</ele>
        <time>2024-11-01T12:36:14.998Z</time>
      </trkpt>
      <trkpt lat="49.556109" lon="5.547627">
        <ele>215.941996</ele>
        <time>2024-11-01T12:36:16.998Z</time>
      </trkpt>
      <trkpt lat="49.556139" lon="5.547763">
        <ele>216.041337</ele>
        <time>2024-11-01T12:36:18.998Z</time>
      </trkpt>
      <trkpt lat="49.556184" lon="5.547902">
        <ele>216.148770</ele>
        <time>2024-11-01T12:36:20.998Z</time>
      </trkpt>
      <trkpt lat="49.556226" lon="5.548028">
        <ele>216.246737</ele>
        <time>2024-11-01T12:36:22.998Z</time>
      </trkpt>
      <trkpt lat="49.556278" lon="5.548156">
        <ele>216.351182</ele>
        <time>2024-11-01T12:36:24.998Z</time>
      </trkpt>
      <trkpt lat="49.556326" lon="5.548291">
        <ele>216.593860</ele>
        <time>2024-11-01T12:36:26.998Z</time>
      </trkpt>
      <trkpt lat="49.556370" lon="5.548427">
        <ele>216.973618</ele>
        <time>2024-11-01T12:36:28.998Z</time>
      </trkpt>
      <trkpt lat="49.556415" lon="5.548562">
        <ele>217.352887</ele>
        <time>2024-11-01T12:36:30.998Z</time>
      </trkpt>
      <trkpt lat="49.556454" lon="5.548688">
        <ele>217.701741</ele>
        <time>2024-11-01T12:36:32.998Z</time>
      </trkpt>
      <trkpt lat="49.556495" lon="5.548816">
        <ele>218.058455</ele>
        <time>2024-11-01T12:36:34.998Z</time>
      </trkpt>
      <trkpt lat="49.556544" lon="5.548942">
        <ele>218.425546</ele>
        <time>2024-11-01T12:36:36.998Z</time>
      </trkpt>
      <trkpt lat="49.556589" lon="5.549080">
        <ele>218.811497</ele>
        <time>2024-11-01T12:36:38.998Z</time>
      </trkpt>
      <trkpt lat="49.556638" lon="5.549210">
        <ele>219.187196</ele>
        <time>2024-11-01T12:36:40.998Z</time>
      </trkpt>
      <trkpt lat="49.556713" lon="5.549335">
        <ele>219.612668</ele>
        <time>2024-11-01T12:36:43.998Z</time>
      </trkpt>
      <trkpt lat="49.556798" lon="5.549274">
        <ele>219.973831</ele>
        <time>2024-11-01T12:36:46.997Z</time>
      </trkpt>
      <trkpt lat="49.556883" lon="5.549200">
        <ele>220.349859</ele>
        <time>2024-11-01T12:36:49.997Z</time>
      </trkpt>
      <trkpt lat="49.556994" lon="5.549227">
        <ele>220.782724</ele>
        <time>2024-11-01T12:36:53.997Z</time>
      </trkpt>
      <trkpt lat="49.557031" lon="5.549375">
        <ele>221.179057</ele>
        <time>2024-11-01T12:36:57.997Z</time>
      </trkpt>
      <trkpt lat="49.557088" lon="5.549533">
        <ele>221.630810</ele>
        <time>2024-11-01T12:37:00.997Z</time>
      </trkpt>
      <trkpt lat="49.557173" lon="5.549687">
        <ele>222.136067</ele>
        <time>2024-11-01T12:37:03.997Z</time>
      </trkpt>
      <trkpt lat="49.557289" lon="5.549693">
        <ele>222.583154</ele>
        <time>2024-11-01T12:37:06.997Z</time>
      </trkpt>
      <trkpt lat="49.557382" lon="5.549824">
        <ele>223.068421</ele>
        <time>2024-11-01T12:37:09.999Z</time>
      </trkpt>
      <trkpt lat="49.557494" lon="5.549761">
        <ele>223.503894</ele>
        <time>2024-11-01T12:37:12.999Z</time>
      </trkpt>
      <trkpt lat="49.557591" lon="5.549655">
        <ele>223.905683</ele>
        <time>2024-11-01T12:37:15.999Z</time>
      </trkpt>
      <trkpt lat="49.557710" lon="5.549558">
        <ele>224.360566</ele>
        <time>2024-11-01T12:37:18.999Z</time>
      </trkpt>
      <trkpt lat="49.557800" lon="5.549510">
        <ele>224.682384</ele>
        <time>2024-11-01T12:37:20.999Z</time>
      </trkpt>
      <trkpt lat="49.557894" lon="5.549472">
        <ele>225.010772</ele>
        <time>2024-11-01T12:37:22.999Z</time>
      </trkpt>
      <trkpt lat="49.557994" lon="5.549447">
        <ele>225.353111</ele>
        <time>2024-11-01T12:37:24.999Z</time>
      </trkpt>
      <trkpt lat="49.558092" lon="5.549436">
        <ele>225.685153</ele>
        <time>2024-11-01T12:37:26.999Z</time>
      </trkpt>
      <trkpt lat="49.558190" lon="5.549425">
        <ele>226.017194</ele>
        <time>2024-11-01T12:37:28.999Z</time>
      </trkpt>
      <trkpt lat="49.558287" lon="5.549404">
        <ele>226.348197</ele>
        <time>2024-11-01T12:37:30.999Z</time>
      </trkpt>
      <trkpt lat="49.558383" lon="5.549383">
        <ele>226.675853</ele>
        <time>2024-11-01T12:37:32.999Z</time>
      </trkpt>
      <trkpt lat="49.558482" lon="5.549359">
        <ele>227.014509</ele>
        <time>2024-11-01T12:37:34.999Z</time>
      </trkpt>
      <trkpt lat="49.558579" lon="5.549334">
        <ele>227.346844</ele>
        <time>2024-11-01T12:37:36.999Z</time>
      </trkpt>
      <trkpt lat="49.558679" lon="5.549313">
        <ele>227.687889</ele>
        <time>2024-11-01T12:37:38.999Z</time>
      </trkpt>
      <trkpt lat="49.558780" lon="5.549301">
        <ele>228.030204</ele>
        <time>2024-11-01T12:37:40.999Z</time>
      </trkpt>
      <trkpt lat="49.558877" lon="5.549288">
        <ele>228.359226</ele>
        <time>2024-11-01T12:37:42.999Z</time>
      </trkpt>
      <trkpt lat="49.558937" lon="5.549412">
        <ele>228.698326</ele>
        <time>2024-11-01T12:37:47.999Z</time>
      </trkpt>
      <trkpt lat="49.559038" lon="5.549467">
        <ele>229.060296</ele>
        <time>2024-11-01T12:37:50.999Z</time>
      </trkpt>
      <trkpt lat="49.559149" lon="5.549500">
        <ele>229.387130</ele>
        <time>2024-11-01T12:37:53.999Z</time>
      </trkpt>
      <trkpt lat="49.559158" lon="5.549715">
        <ele>228.999875</ele>
        <time>2024-11-01T12:37:56.998Z</time>
      </trkpt>
      <trkpt lat="49.559173" lon="5.549881">
        <ele>228.698617</ele>
        <time>2024-11-01T12:37:58.998Z</time>
      </trkpt>
      <trkpt lat="49.559185" lon="5.550045">
        <ele>228.401966</ele>
        <time>2024-11-01T12:38:00.998Z</time>
      </trkpt>
      <trkpt lat="49.559201" lon="5.550212">
        <ele>228.098535</ele>
        <time>2024-11-01T12:38:02.998Z</time>
      </trkpt>
      <trkpt lat="49.559211" lon="5.550376">
        <ele>227.802455</ele>
        <time>2024-11-01T12:38:04.998Z</time>
      </trkpt>
      <trkpt lat="49.559221" lon="5.550540">
        <ele>227.506374</ele>
        <time>2024-11-01T12:38:06.998Z</time>
      </trkpt>
      <trkpt lat="49.559228" lon="5.550707">
        <ele>227.205574</ele>
        <time>2024-11-01T12:38:08.998Z</time>
      </trkpt>
      <trkpt lat="49.559242" lon="5.550876">
        <ele>226.899338</ele>
        <time>2024-11-01T12:38:10.998Z</time>
      </trkpt>
      <trkpt lat="49.559259" lon="5.551052">
        <ele>226.579500</ele>
        <time>2024-11-01T12:38:12.998Z</time>
      </trkpt>
      <trkpt lat="49.559271" lon="5.551245">
        <ele>226.231003</ele>
        <time>2024-11-01T12:38:14.998Z</time>
      </trkpt>
      <trkpt lat="49.559287" lon="5.551449">
        <ele>225.861654</ele>
        <time>2024-11-01T12:38:16.998Z</time>
      </trkpt>
      <trkpt lat="49.559303" lon="5.551661">
        <ele>225.478025</ele>
        <time>2024-11-01T12:38:18.998Z</time>
      </trkpt>
      <trkpt lat="49.559319" lon="5.551876">
        <ele>225.089040</ele>
        <time>2024-11-01T12:38:20.998Z</time>
      </trkpt>
      <trkpt lat="49.559343" lon="5.552061">
        <ele>224.749928</ele>
        <time>2024-11-01T12:38:22.998Z</time>
      </trkpt>
      <trkpt lat="49.559395" lon="5.552184">
        <ele>224.486031</ele>
        <time>2024-11-01T12:38:24.998Z</time>
      </trkpt>
      <trkpt lat="49.559509" lon="5.552197">
        <ele>224.730802</ele>
        <time>2024-11-01T12:38:27.998Z</time>
      </trkpt>
      <trkpt lat="49.559599" lon="5.552107">
        <ele>225.078870</ele>
        <time>2024-11-01T12:38:29.998Z</time>
      </trkpt>
      <trkpt lat="49.559683" lon="5.552006">
        <ele>225.424509</ele>
        <time>2024-11-01T12:38:31.998Z</time>
      </trkpt>
      <trkpt lat="49.559775" lon="5.551915">
        <ele>225.779170</ele>
        <time>2024-11-01T12:38:33.998Z</time>
      </trkpt>
      <trkpt lat="49.559866" lon="5.551818">
        <ele>226.138133</ele>
        <time>2024-11-01T12:38:35.998Z</time>
      </trkpt>
      <trkpt lat="49.559962" lon="5.551742">
        <ele>226.488284</ele>
        <time>2024-11-01T12:38:37.998Z</time>
      </trkpt>
      <trkpt lat="49.560065" lon="5.551683">
        <ele>226.844801</ele>
        <time>2024-11-01T12:38:39.998Z</time>
      </trkpt>
      <trkpt lat="49.560177" lon="5.551644">
        <ele>227.217350</ele>
        <time>2024-11-01T12:38:41.998Z</time>
      </trkpt>
      <trkpt lat="49.560290" lon="5.551631">
        <ele>227.585010</ele>
        <time>2024-11-01T12:38:43.998Z</time>
      </trkpt>
      <trkpt lat="49.560403" lon="5.551633">
        <ele>227.951674</ele>
        <time>2024-11-01T12:38:45.998Z</time>
      </trkpt>
      <trkpt lat="49.560515" lon="5.551647">
        <ele>228.316262</ele>
        <time>2024-11-01T12:38:47.998Z</time>
      </trkpt>
      <trkpt lat="49.560630" lon="5.551657">
        <ele>228.689984</ele>
        <time>2024-11-01T12:38:49.998Z</time>
      </trkpt>
      <trkpt lat="49.560746" lon="5.551670">
        <ele>229.067351</ele>
        <time>2024-11-01T12:38:51.997Z</time>
      </trkpt>
      <trkpt lat="49.560857" lon="5.551683">
        <ele>229.428540</ele>
        <time>2024-11-01T12:38:53.997Z</time>
      </trkpt>
      <trkpt lat="49.560967" lon="5.551692">
        <ele>229.785948</ele>
        <time>2024-11-01T12:38:55.997Z</time>
      </trkpt>
      <trkpt lat="49.561079" lon="5.551711">
        <ele>230.151537</ele>
        <time>2024-11-01T12:38:57.997Z</time>
      </trkpt>
      <trkpt lat="49.561193" lon="5.551715">
        <ele>230.751268</ele>
        <time>2024-11-01T12:38:59.997Z</time>
      </trkpt>
      <trkpt lat="49.561304" lon="5.551720">
        <ele>231.432797</ele>
        <time>2024-11-01T12:39:01.997Z</time>
      </trkpt>
      <trkpt lat="49.561411" lon="5.551732">
        <ele>232.091221</ele>
        <time>2024-11-01T12:39:03.997Z</time>
      </trkpt>
      <trkpt lat="49.561515" lon="5.551747">
        <ele>232.732285</ele>
        <time>2024-11-01T12:39:05.997Z</time>
      </trkpt>
      <trkpt lat="49.561609" lon="5.551758">
        <ele>233.310848</ele>
        <time>2024-11-01T12:39:07.997Z</time>
      </trkpt>
      <trkpt lat="49.561727" lon="5.551770">
        <ele>234.036621</ele>
        <time>2024-11-01T12:39:10.997Z</time>
      </trkpt>
      <trkpt lat="49.561818" lon="5.551773">
        <ele>234.595241</ele>
        <time>2024-11-01T12:39:12.997Z</time>
      </trkpt>
      <trkpt lat="49.561929" lon="5.551795">
        <ele>235.282085</ele>
        <time>2024-11-01T12:39:14.997Z</time>
      </trkpt>
      <trkpt lat="49.562034" lon="5.551811">
        <ele>235.929639</ele>
        <time>2024-11-01T12:39:16.999Z</time>
      </trkpt>
      <trkpt lat="49.562138" lon="5.551827">
        <ele>236.571086</ele>
        <time>2024-11-01T12:39:18.999Z</time>
      </trkpt>
      <trkpt lat="49.562242" lon="5.551843">
        <ele>237.212532</ele>
        <time>2024-11-01T12:39:20.999Z</time>
      </trkpt>
      <trkpt lat="49.562345" lon="5.551872">
        <ele>237.855127</ele>
        <time>2024-11-01T12:39:22.999Z</time>
      </trkpt>
      <trkpt lat="49.562443" lon="5.551888">
        <ele>238.459943</ele>
        <time>2024-11-01T12:39:24.999Z</time>
      </trkpt>
      <trkpt lat="49.562543" lon="5.551907">
        <ele>239.078313</ele>
        <time>2024-11-01T12:39:26.999Z</time>
      </trkpt>
      <trkpt lat="49.562641" lon="5.551925">
        <ele>239.684020</ele>
        <time>2024-11-01T12:39:28.999Z</time>
      </trkpt>
      <trkpt lat="49.562740" lon="5.551941">
        <ele>240.294939</ele>
        <time>2024-11-01T12:39:30.999Z</time>
      </trkpt>
      <trkpt lat="49.562839" lon="5.551962">
        <ele>240.908254</ele>
        <time>2024-11-01T12:39:32.999Z</time>
      </trkpt>
      <trkpt lat="49.562938" lon="5.551985">
        <ele>241.421559</ele>
        <time>2024-11-01T12:39:34.999Z</time>
      </trkpt>
      <trkpt lat="49.563037" lon="5.552009">
        <ele>241.753994</ele>
        <time>2024-11-01T12:39:36.999Z</time>
      </trkpt>
      <trkpt lat="49.563138" lon="5.552036">
        <ele>242.094027</ele>
        <time>2024-11-01T12:39:38.999Z</time>
      </trkpt>
      <trkpt lat="49.563238" lon="5.552071">
        <ele>242.434184</ele>
        <time>2024-11-01T12:39:40.999Z</time>
      </trkpt>
      <trkpt lat="49.563337" lon="5.552100">
        <ele>242.768458</ele>
        <time>2024-11-01T12:39:42.999Z</time>
      </trkpt>
      <trkpt lat="49.563435" lon="5.552115">
        <ele>243.095139</ele>
        <time>2024-11-01T12:39:44.999Z</time>
      </trkpt>
      <trkpt lat="49.563537" lon="5.552143">
        <ele>243.438811</ele>
        <time>2024-11-01T12:39:46.999Z</time>
      </trkpt>
      <trkpt lat="49.563636" lon="5.552170">
        <ele>243.772309</ele>
        <time>2024-11-01T12:39:48.999Z</time>
      </trkpt>
      <trkpt lat="49.563734" lon="5.552198">
        <ele>244.102927</ele>
        <time>2024-11-01T12:39:50.999Z</time>
      </trkpt>
      <trkpt lat="49.563836" lon="5.552223">
        <ele>244.445527</ele>
        <time>2024-11-01T12:39:52.999Z</time>
      </trkpt>
      <trkpt lat="49.563937" lon="5.552247">
        <ele>244.784517</ele>
        <time>2024-11-01T12:39:54.998Z</time>
      </trkpt>
      <trkpt lat="49.564043" lon="5.552280">
        <ele>245.143233</ele>
        <time>2024-11-01T12:39:56.998Z</time>
      </trkpt>
      <trkpt lat="49.564146" lon="5.552283">
        <ele>245.484962</ele>
        <time>2024-11-01T12:39:58.998Z</time>
      </trkpt>
      <trkpt lat="49.564253" lon="5.552281">
        <ele>245.839926</ele>
        <time>2024-11-01T12:40:00.998Z</time>
      </trkpt>
      <trkpt lat="49.564355" lon="5.552257">
        <ele>246.182194</ele>
        <time>2024-11-01T12:40:02.998Z</time>
      </trkpt>
      <trkpt lat="49.564450" lon="5.552233">
        <ele>246.501528</ele>
        <time>2024-11-01T12:40:04.998Z</time>
      </trkpt>
      <trkpt lat="49.564553" lon="5.552212">
        <ele>246.846170</ele>
        <time>2024-11-01T12:40:06.998Z</time>
      </trkpt>
      <trkpt lat="49.564660" lon="5.552188">
        <ele>247.204844</ele>
        <time>2024-11-01T12:40:08.998Z</time>
      </trkpt>
      <trkpt lat="49.564763" lon="5.552167">
        <ele>248.185012</ele>
        <time>2024-11-01T12:40:10.998Z</time>
      </trkpt>
      <trkpt lat="49.564868" lon="5.552149">
        <ele>249.329482</ele>
        <time>2024-11-01T12:40:12.998Z</time>
      </trkpt>
      <trkpt lat="49.564976" lon="5.552119">
        <ele>250.518277</ele>
        <time>2024-11-01T12:40:14.998Z</time>
      </trkpt>
      <trkpt lat="49.565083" lon="5.552093">
        <ele>251.691709</ele>
        <time>2024-11-01T12:40:16.998Z</time>
      </trkpt>
      <trkpt lat="49.565189" lon="5.552078">
        <ele>252.844829</ele>
        <time>2024-11-01T12:40:18.998Z</time>
      </trkpt>
      <trkpt lat="49.565288" lon="5.552058">
        <ele>253.926458</ele>
        <time>2024-11-01T12:40:20.998Z</time>
      </trkpt>
      <trkpt lat="49.565386" lon="5.552037">
        <ele>254.998292</ele>
        <time>2024-11-01T12:40:22.998Z</time>
      </trkpt>
      <trkpt lat="49.565481" lon="5.552017">
        <ele>256.036972</ele>
        <time>2024-11-01T12:40:24.998Z</time>
      </trkpt>
      <trkpt lat="49.565572" lon="5.551998">
        <ele>257.031768</ele>
        <time>2024-11-01T12:40:26.998Z</time>
      </trkpt>
      <trkpt lat="49.565690" lon="5.551985">
        <ele>258.313316</ele>
        <time>2024-11-01T12:40:29.998Z</time>
      </trkpt>
      <trkpt lat="49.565792" lon="5.551971">
        <ele>259.422646</ele>
        <time>2024-11-01T12:40:32.998Z</time>
      </trkpt>
      <trkpt lat="49.565891" lon="5.551905">
        <ele>260.591067</ele>
        <time>2024-11-01T12:40:36.998Z</time>
      </trkpt>
      <trkpt lat="49.565993" lon="5.551894">
        <ele>261.698728</ele>
        <time>2024-11-01T12:40:40.998Z</time>
      </trkpt>
      <trkpt lat="49.566101" lon="5.551870">
        <ele>262.880776</ele>
        <time>2024-11-01T12:40:44.998Z</time>
      </trkpt>
      <trkpt lat="49.566222" lon="5.551838">
        <ele>264.210705</ele>
        <time>2024-11-01T12:40:49.998Z</time>
      </trkpt>
      <trkpt lat="49.566315" lon="5.551816">
        <ele>265.229958</ele>
        <time>2024-11-01T12:40:53.997Z</time>
      </trkpt>
      <trkpt lat="49.566405" lon="5.551808">
        <ele>266.206543</ele>
        <time>2024-11-01T12:41:10.997Z</time>
      </trkpt>
      <trkpt lat="49.566515" lon="5.551867">
        <ele>267.161976</ele>
        <time>2024-11-01T12:41:15.997Z</time>
      </trkpt>
      <trkpt lat="49.566611" lon="5.551920">
        <ele>267.793225</ele>
        <time>2024-11-01T12:41:18.997Z</time>
      </trkpt>
      <trkpt lat="49.566709" lon="5.551943">
        <ele>268.406894</ele>
        <time>2024-11-01T12:41:23.999Z</time>
      </trkpt>
      <trkpt lat="49.566798" lon="5.551963">
        <ele>268.963681</ele>
        <time>2024-11-01T12:41:27.999Z</time>
      </trkpt>
      <trkpt lat="49.566897" lon="5.552035">
        <ele>269.641309</ele>
        <time>2024-11-01T12:41:30.999Z</time>
      </trkpt>
      <trkpt lat="49.566978" lon="5.552114">
        <ele>270.234645</ele>
        <time>2024-11-01T12:41:33.999Z</time>
      </trkpt>
      <trkpt lat="49.567066" lon="5.552217">
        <ele>270.918603</ele>
        <time>2024-11-01T12:41:37.999Z</time>
      </trkpt>
      <trkpt lat="49.567161" lon="5.552312">
        <ele>271.619571</ele>
        <time>2024-11-01T12:41:41.999Z</time>
      </trkpt>
      <trkpt lat="49.567251" lon="5.552415">
        <ele>272.313429</ele>
        <time>2024-11-01T12:41:44.999Z</time>
      </trkpt>
      <trkpt lat="49.567345" lon="5.552526">
        <ele>273.046398</ele>
        <time>2024-11-01T12:41:48.999Z</time>
      </trkpt>
      <trkpt lat="49.567440" lon="5.552587">
        <ele>273.683465</ele>
        <time>2024-11-01T12:41:51.999Z</time>
      </trkpt>
      <trkpt lat="49.567539" lon="5.552669">
        <ele>274.379167</ele>
        <time>2024-11-01T12:41:54.999Z</time>
      </trkpt>
      <trkpt lat="49.567617" lon="5.552742">
        <ele>274.944025</ele>
        <time>2024-11-01T12:41:57.998Z</time>
      </trkpt>
      <trkpt lat="49.567719" lon="5.552837">
        <ele>275.681725</ele>
        <time>2024-11-01T12:42:00.998Z</time>
      </trkpt>
      <trkpt lat="49.567818" lon="5.552933">
        <ele>276.405721</ele>
        <time>2024-11-01T12:42:03.998Z</time>
      </trkpt>
      <trkpt lat="49.567906" lon="5.553070">
        <ele>277.179883</ele>
        <time>2024-11-01T12:42:06.998Z</time>
      </trkpt>
      <trkpt lat="49.568006" lon="5.553167">
        <ele>277.903520</ele>
        <time>2024-11-01T12:42:10.998Z</time>
      </trkpt>
      <trkpt lat="49.568100" lon="5.553289">
        <ele>278.407385</ele>
        <time>2024-11-01T12:42:14.998Z</time>
      </trkpt>
      <trkpt lat="49.568163" lon="5.553405">
        <ele>278.809788</ele>
        <time>2024-11-01T12:42:17.998Z</time>
      </trkpt>
      <trkpt lat="49.568270" lon="5.553540">
        <ele>279.376758</ele>
        <time>2024-11-01T12:42:20.998Z</time>
      </trkpt>
      <trkpt lat="49.568351" lon="5.553645">
        <ele>279.810720</ele>
        <time>2024-11-01T12:42:23.998Z</time>
      </trkpt>
      <trkpt lat="49.568409" lon="5.553774">
        <ele>280.228191</ele>
        <time>2024-11-01T12:42:26.998Z</time>
      </trkpt>
      <trkpt lat="49.568441" lon="5.553905">
        <ele>280.600492</ele>
        <time>2024-11-01T12:42:28.998Z</time>
      </trkpt>
      <trkpt lat="49.568468" lon="5.554053">
        <ele>281.009388</ele>
        <time>2024-11-01T12:42:31.998Z</time>
      </trkpt>
      <trkpt lat="49.568518" lon="5.554197">
        <ele>281.443803</ele>
        <time>2024-11-01T12:42:34.998Z</time>
      </trkpt>
      <trkpt lat="49.568578" lon="5.554356">
        <ele>281.933052</ele>
        <time>2024-11-01T12:42:37.998Z</time>
      </trkpt>
      <trkpt lat="49.568634" lon="5.554481">
        <ele>282.337107</ele>
        <time>2024-11-01T12:42:40.998Z</time>
      </trkpt>
      <trkpt lat="49.568590" lon="5.554629">
        <ele>282.770111</ele>
        <time>2024-11-01T12:42:44.998Z</time>
      </trkpt>
      <trkpt lat="49.568529" lon="5.554786">
        <ele>283.256864</ele>
        <time>2024-11-01T12:42:48.998Z</time>
      </trkpt>
      <trkpt lat="49.568537" lon="5.554939">
        <ele>283.665101</ele>
        <time>2024-11-01T12:42:53.998Z</time>
      </trkpt>
      <trkpt lat="49.568569" lon="5.555096">
        <ele>284.102791</ele>
        <time>2024-11-01T12:42:57.997Z</time>
      </trkpt>
      <trkpt lat="49.568545" lon="5.555247">
        <ele>284.516272</ele>
        <time>2024-11-01T12:43:01.997Z</time>
      </trkpt>
      <trkpt lat="49.568549" lon="5.555398">
        <ele>284.918204</ele>
        <time>2024-11-01T12:43:05.997Z</time>
      </trkpt>
      <trkpt lat="49.568581" lon="5.555535">
        <ele>285.285614</ele>
        <time>2024-11-01T12:43:08.997Z</time>
      </trkpt>
      <trkpt lat="49.568607" lon="5.555679">
        <ele>285.491043</ele>
        <time>2024-11-01T12:43:12.997Z</time>
      </trkpt>
      <trkpt lat="49.568640" lon="5.555840">
        <ele>285.723098</ele>
        <time>2024-11-01T12:43:17.997Z</time>
      </trkpt>
      <trkpt lat="49.568671" lon="5.555973">
        <ele>285.917330</ele>
        <time>2024-11-01T12:43:21.997Z</time>
      </trkpt>
      <trkpt lat="49.568696" lon="5.556112">
        <ele>286.115572</ele>
        <time>2024-11-01T12:43:24.997Z</time>
      </trkpt>
      <trkpt lat="49.568712" lon="5.556282">
        <ele>286.351655</ele>
        <time>2024-11-01T12:43:29.999Z</time>
      </trkpt>
      <trkpt lat="49.568742" lon="5.556447">
        <ele>286.587162</ele>
        <time>2024-11-01T12:43:33.999Z</time>
      </trkpt>
      <trkpt lat="49.568766" lon="5.556612">
        <ele>286.819559</ele>
        <time>2024-11-01T12:43:37.999Z</time>
      </trkpt>
      <trkpt lat="49.568781" lon="5.556788">
        <ele>287.063519</ele>
        <time>2024-11-01T12:43:41.999Z</time>
      </trkpt>
      <trkpt lat="49.568816" lon="5.556938">
        <ele>287.282605</ele>
        <time>2024-11-01T12:43:44.999Z</time>
      </trkpt>
      <trkpt lat="49.568829" lon="5.557091">
        <ele>287.494673</ele>
        <time>2024-11-01T12:43:47.999Z</time>
      </trkpt>
      <trkpt lat="49.568846" lon="5.557241">
        <ele>287.703945</ele>
        <time>2024-11-01T12:43:50.999Z</time>
      </trkpt>
      <trkpt lat="49.568866" lon="5.557395">
        <ele>287.919793</ele>
        <time>2024-11-01T12:43:53.999Z</time>
      </trkpt>
      <trkpt lat="49.568881" lon="5.557585">
        <ele>288.182842</ele>
        <time>2024-11-01T12:43:57.999Z</time>
      </trkpt>
      <trkpt lat="49.568892" lon="5.557761">
        <ele>288.425843</ele>
        <time>2024-11-01T12:44:01.999Z</time>
      </trkpt>
      <trkpt lat="49.568892" lon="5.557925">
        <ele>288.651231</ele>
        <time>2024-11-01T12:44:04.999Z</time>
      </trkpt>
      <trkpt lat="49.568896" lon="5.558075">
        <ele>288.857554</ele>
        <time>2024-11-01T12:44:07.998Z</time>
      </trkpt>
      <trkpt lat="49.568903" lon="5.558255">
        <ele>289.015919</ele>
        <time>2024-11-01T12:44:11.998Z</time>
      </trkpt>
      <trkpt lat="49.568907" lon="5.558398">
        <ele>288.615276</ele>
        <time>2024-11-01T12:44:14.998Z</time>
      </trkpt>
      <trkpt lat="49.568921" lon="5.558537">
        <ele>288.221538</ele>
        <time>2024-11-01T12:44:17.998Z</time>
      </trkpt>
      <trkpt lat="49.568962" lon="5.558724">
        <ele>287.669004</ele>
        <time>2024-11-01T12:44:20.998Z</time>
      </trkpt>
      <trkpt lat="49.568965" lon="5.558896">
        <ele>287.187385</ele>
        <time>2024-11-01T12:44:23.998Z</time>
      </trkpt>
      <trkpt lat="49.568935" lon="5.559033">
        <ele>286.782640</ele>
        <time>2024-11-01T12:44:26.998Z</time>
      </trkpt>
      <trkpt lat="49.568910" lon="5.559189">
        <ele>286.332847</ele>
        <time>2024-11-01T12:44:29.998Z</time>
      </trkpt>
      <trkpt lat="49.568919" lon="5.559375">
        <ele>285.810768</ele>
        <time>2024-11-01T12:44:33.998Z</time>
      </trkpt>
      <trkpt lat="49.568919" lon="5.559517">
        <ele>285.413296</ele>
        <time>2024-11-01T12:44:36.998Z</time>
      </trkpt>
      <trkpt lat="49.568918" lon="5.559660">
        <ele>285.013002</ele>
        <time>2024-11-01T12:44:39.998Z</time>
      </trkpt>
      <trkpt lat="49.569004" lon="5.559743">
        <ele>284.575110</ele>
        <time>2024-11-01T12:44:42.998Z</time>
      </trkpt>
      <trkpt lat="49.569092" lon="5.559798">
        <ele>284.165284</ele>
        <time>2024-11-01T12:44:46.998Z</time>
      </trkpt>
      <trkpt lat="49.569150" lon="5.559941">
        <ele>283.693182</ele>
        <time>2024-11-01T12:44:53.998Z</time>
      </trkpt>
      <trkpt lat="49.569243" lon="5.560007">
        <ele>283.251317</ele>
        <time>2024-11-01T12:44:57.998Z</time>
      </trkpt>
      <trkpt lat="49.569334" lon="5.560085">
        <ele>282.801954</ele>
        <time>2024-11-01T12:45:01.998Z</time>
      </trkpt>
      <trkpt lat="49.569454" lon="5.560124">
        <ele>282.272650</ele>
        <time>2024-11-01T12:45:05.998Z</time>
      </trkpt>
      <trkpt lat="49.569594" lon="5.560107">
        <ele>281.666533</ele>
        <time>2024-11-01T12:45:09.998Z</time>
      </trkpt>
      <trkpt lat="49.569685" lon="5.560083">
        <ele>281.199636</ele>
        <time>2024-11-01T12:45:12.998Z</time>
      </trkpt>
      <trkpt lat="49.569782" lon="5.560102">
        <ele>280.133345</ele>
        <time>2024-11-01T12:45:15.997Z</time>
      </trkpt>
      <trkpt lat="49.569897" lon="5.560125">
        <ele>278.868760</ele>
        <time>2024-11-01T12:45:18.997Z</time>
      </trkpt>
      <trkpt lat="49.570001" lon="5.560149">
        <ele>277.722004</ele>
        <time>2024-11-01T12:45:21.997Z</time>
      </trkpt>
      <trkpt lat="49.570058" lon="5.560284">
        <ele>276.582753</ele>
        <time>2024-11-01T12:45:24.997Z</time>
      </trkpt>
      <trkpt lat="49.570094" lon="5.560454">
        <ele>275.318021</ele>
        <time>2024-11-01T12:45:27.997Z</time>
      </trkpt>
      <trkpt lat="49.570148" lon="5.560591">
        <ele>274.184223</ele>
        <time>2024-11-01T12:45:30.997Z</time>
      </trkpt>
      <trkpt lat="49.570216" lon="5.560718">
        <ele>273.019503</ele>
        <time>2024-11-01T12:45:33.999Z</time>
      </trkpt>
      <trkpt lat="49.570296" lon="5.560794">
        <ele>271.994822</ele>
        <time>2024-11-01T12:45:36.999Z</time>
      </trkpt>
      <trkpt lat="49.570411" lon="5.560830">
        <ele>270.715159</ele>
        <time>2024-11-01T12:45:40.999Z</time>
      </trkpt>
      <trkpt lat="49.570513" lon="5.560782">
        <ele>269.552199</ele>
        <time>2024-11-01T12:45:43.999Z</time>
      </trkpt>
      <trkpt lat="49.570628" lon="5.560706">
        <ele>268.187795</ele>
        <time>2024-11-01T12:45:45.999Z</time>
      </trkpt>
      <trkpt lat="49.570744" lon="5.560659">
        <ele>266.879870</ele>
        <time>2024-11-01T12:45:47.999Z</time>
      </trkpt>
      <trkpt lat="49.570838" lon="5.560551">
        <ele>265.601537</ele>
        <time>2024-11-01T12:45:49.999Z</time>
      </trkpt>
      <trkpt lat="49.570929" lon="5.560403">
        <ele>264.159225</ele>
        <time>2024-11-01T12:45:51.999Z</time>
      </trkpt>
      <trkpt lat="49.571000" lon="5.560252">
        <ele>262.840201</ele>
        <time>2024-11-01T12:45:53.999Z</time>
      </trkpt>
      <trkpt lat="49.571072" lon="5.560092">
        <ele>261.522750</ele>
        <time>2024-11-01T12:45:55.999Z</time>
      </trkpt>
      <trkpt lat="49.571094" lon="5.559950">
        <ele>260.752263</ele>
        <time>2024-11-01T12:45:59.999Z</time>
      </trkpt>
      <trkpt lat="49.571202" lon="5.559929">
        <ele>259.866412</ele>
        <time>2024-11-01T12:46:20.998Z</time>
      </trkpt>
      <trkpt lat="49.571305" lon="5.559951">
        <ele>259.020207</ele>
        <time>2024-11-01T12:46:24.998Z</time>
      </trkpt>
      <trkpt lat="49.571432" lon="5.559941">
        <ele>257.985349</ele>
        <time>2024-11-01T12:46:27.998Z</time>
      </trkpt>
      <trkpt lat="49.571532" lon="5.559910">
        <ele>257.155279</ele>
        <time>2024-11-01T12:46:29.998Z</time>
      </trkpt>
      <trkpt lat="49.571645" lon="5.559881">
        <ele>256.223050</ele>
        <time>2024-11-01T12:46:31.998Z</time>
      </trkpt>
      <trkpt lat="49.571765" lon="5.559850">
        <ele>255.232895</ele>
        <time>2024-11-01T12:46:33.998Z</time>
      </trkpt>
      <trkpt lat="49.571887" lon="5.559812">
        <ele>254.220022</ele>
        <time>2024-11-01T12:46:35.998Z</time>
      </trkpt>
      <trkpt lat="49.572017" lon="5.559761">
        <ele>253.128397</ele>
        <time>2024-11-01T12:46:37.998Z</time>
      </trkpt>
      <trkpt lat="49.572141" lon="5.559717">
        <ele>252.092928</ele>
        <time>2024-11-01T12:46:39.998Z</time>
      </trkpt>
      <trkpt lat="49.572248" lon="5.559673">
        <ele>251.191746</ele>
        <time>2024-11-01T12:46:41.998Z</time>
      </trkpt>
      <trkpt lat="49.572347" lon="5.559627">
        <ele>250.350316</ele>
        <time>2024-11-01T12:46:45.998Z</time>
      </trkpt>
      <trkpt lat="49.572451" lon="5.559578">
        <ele>249.465354</ele>
        <time>2024-11-01T12:46:49.998Z</time>
      </trkpt>
      <trkpt lat="49.572650" lon="5.559770">
        <ele>247.555056</ele>
        <time>2024-11-01T12:47:43.999Z</time>
      </trkpt>
      <trkpt lat="49.572738" lon="5.559858">
        <ele>247.073268</ele>
        <time>2024-11-01T12:47:46.999Z</time>
      </trkpt>
      <trkpt lat="49.572831" lon="5.559940">
        <ele>247.101881</ele>
        <time>2024-11-01T12:47:49.999Z</time>
      </trkpt>
      <trkpt lat="49.572922" lon="5.560006">
        <ele>247.128740</ele>
        <time>2024-11-01T12:47:52.999Z</time>
      </trkpt>
      <trkpt lat="49.573024" lon="5.560080">
        <ele>247.158847</ele>
        <time>2024-11-01T12:47:55.999Z</time>
      </trkpt>
      <trkpt lat="49.573117" lon="5.560169">
        <ele>247.188080</ele>
        <time>2024-11-01T12:47:58.999Z</time>
      </trkpt>
      <trkpt lat="49.573201" lon="5.560271">
        <ele>247.216636</ele>
        <time>2024-11-01T12:48:01.999Z</time>
      </trkpt>
      <trkpt lat="49.573303" lon="5.560371">
        <ele>247.248918</ele>
        <time>2024-11-01T12:48:05.999Z</time>
      </trkpt>
      <trkpt lat="49.573390" lon="5.560436">
        <ele>247.274738</ele>
        <time>2024-11-01T12:48:08.999Z</time>
      </trkpt>
      <trkpt lat="49.573478" lon="5.560518">
        <ele>247.302200</ele>
        <time>2024-11-01T12:48:11.999Z</time>
      </trkpt>
      <trkpt lat="49.573570" lon="5.560578">
        <ele>247.328879</ele>
        <time>2024-11-01T12:48:14.999Z</time>
      </trkpt>
      <trkpt lat="49.573658" lon="5.560649">
        <ele>247.355405</ele>
        <time>2024-11-01T12:48:17.999Z</time>
      </trkpt>
      <trkpt lat="49.573750" lon="5.560719">
        <ele>247.382805</ele>
        <time>2024-11-01T12:48:20.998Z</time>
      </trkpt>
      <trkpt lat="49.573833" lon="5.560800">
        <ele>247.409039</ele>
        <time>2024-11-01T12:48:23.998Z</time>
      </trkpt>
      <trkpt lat="49.573911" lon="5.560886">
        <ele>247.434649</ele>
        <time>2024-11-01T12:48:26.998Z</time>
      </trkpt>
      <trkpt lat="49.573994" lon="5.560967">
        <ele>247.460884</ele>
        <time>2024-11-01T12:48:29.998Z</time>
      </trkpt>
      <trkpt lat="49.574077" lon="5.561034">
        <ele>247.485905</ele>
        <time>2024-11-01T12:48:32.998Z</time>
      </trkpt>
      <trkpt lat="49.574159" lon="5.561107">
        <ele>247.511194</ele>
        <time>2024-11-01T12:48:35.998Z</time>
      </trkpt>
      <trkpt lat="49.574247" lon="5.561196">
        <ele>247.539301</ele>
        <time>2024-11-01T12:48:38.998Z</time>
      </trkpt>
      <trkpt lat="49.574335" lon="5.561281">
        <ele>247.517471</ele>
        <time>2024-11-01T12:48:41.998Z</time>
      </trkpt>
      <trkpt lat="49.574417" lon="5.561365">
        <ele>247.492024</ele>
        <time>2024-11-01T12:48:44.998Z</time>
      </trkpt>
      <trkpt lat="49.574493" lon="5.561453">
        <ele>247.467456</ele>
        <time>2024-11-01T12:48:47.998Z</time>
      </trkpt>
      <trkpt lat="49.574576" lon="5.561521">
        <ele>247.443161</ele>
        <time>2024-11-01T12:48:50.998Z</time>
      </trkpt>
      <trkpt lat="49.574645" lon="5.561616">
        <ele>247.419250</ele>
        <time>2024-11-01T12:48:53.998Z</time>
      </trkpt>
      <trkpt lat="49.574730" lon="5.561717">
        <ele>247.391511</ele>
        <time>2024-11-01T12:48:56.998Z</time>
      </trkpt>
      <trkpt lat="49.574812" lon="5.561796">
        <ele>247.366518</ele>
        <time>2024-11-01T12:48:59.998Z</time>
      </trkpt>
      <trkpt lat="49.574902" lon="5.561873">
        <ele>247.339912</ele>
        <time>2024-11-01T12:49:02.998Z</time>
      </trkpt>
      <trkpt lat="49.574980" lon="5.561961">
        <ele>247.314929</ele>
        <time>2024-11-01T12:49:05.998Z</time>
      </trkpt>
      <trkpt lat="49.575058" lon="5.562058">
        <ele>247.289027</ele>
        <time>2024-11-01T12:49:08.998Z</time>
      </trkpt>
      <trkpt lat="49.575145" lon="5.562141">
        <ele>247.262582</ele>
        <time>2024-11-01T12:49:11.998Z</time>
      </trkpt>
      <trkpt lat="49.575243" lon="5.562213">
        <ele>247.234521</ele>
        <time>2024-11-01T12:49:14.998Z</time>
      </trkpt>
      <trkpt lat="49.575334" lon="5.562294">
        <ele>247.207360</ele>
        <time>2024-11-01T12:49:17.998Z</time>
      </trkpt>
      <trkpt lat="49.575419" lon="5.562395">
        <ele>247.179621</ele>
        <time>2024-11-01T12:49:20.998Z</time>
      </trkpt>
      <trkpt lat="49.575510" lon="5.562490">
        <ele>247.151215</ele>
        <time>2024-11-01T12:49:23.998Z</time>
      </trkpt>
      <trkpt lat="49.575606" lon="5.562556">
        <ele>247.124044</ele>
        <time>2024-11-01T12:49:26.998Z</time>
      </trkpt>
      <trkpt lat="49.575681" lon="5.562658">
        <ele>247.098195</ele>
        <time>2024-11-01T12:49:29.998Z</time>
      </trkpt>
      <trkpt lat="49.575742" lon="5.562763">
        <ele>246.974316</ele>
        <time>2024-11-01T12:49:32.998Z</time>
      </trkpt>
      <trkpt lat="49.575789" lon="5.562897">
        <ele>245.851822</ele>
        <time>2024-11-01T12:49:35.998Z</time>
      </trkpt>
      <trkpt lat="49.575856" lon="5.563044">
        <ele>244.527937</ele>
        <time>2024-11-01T12:49:39.998Z</time>
      </trkpt>
      <trkpt lat="49.575929" lon="5.563144">
        <ele>243.418478</ele>
        <time>2024-11-01T12:49:44.997Z</time>
      </trkpt>
      <trkpt lat="49.576019" lon="5.563185">
        <ele>242.352156</ele>
        <time>2024-11-01T12:49:49.999Z</time>
      </trkpt>
      <trkpt lat="49.576246" lon="5.563268">
        <ele>239.701331</ele>
        <time>2024-11-01T12:51:52.999Z</time>
      </trkpt>
      <trkpt lat="49.576351" lon="5.563274">
        <ele>238.507435</ele>
        <time>2024-11-01T12:51:55.999Z</time>
      </trkpt>
      <trkpt lat="49.576486" lon="5.563269">
        <ele>236.973036</ele>
        <time>2024-11-01T12:51:58.999Z</time>
      </trkpt>
      <trkpt lat="49.576579" lon="5.563256">
        <ele>235.911978</ele>
        <time>2024-11-01T12:52:00.999Z</time>
      </trkpt>
      <trkpt lat="49.576685" lon="5.563237">
        <ele>234.699430</ele>
        <time>2024-11-01T12:52:02.999Z</time>
      </trkpt>
      <trkpt lat="49.576797" lon="5.563230">
        <ele>233.425770</ele>
        <time>2024-11-01T12:52:04.999Z</time>
      </trkpt>
      <trkpt lat="49.576938" lon="5.563296">
        <ele>231.751465</ele>
        <time>2024-11-01T12:52:07.999Z</time>
      </trkpt>
      <trkpt lat="49.577049" lon="5.563371">
        <ele>230.374471</ele>
        <time>2024-11-01T12:52:09.999Z</time>
      </trkpt>
      <trkpt lat="49.577134" lon="5.563485">
        <ele>229.094510</ele>
        <time>2024-11-01T12:52:11.999Z</time>
      </trkpt>
      <trkpt lat="49.577226" lon="5.563597">
        <ele>227.762696</ele>
        <time>2024-11-01T12:52:13.999Z</time>
      </trkpt>
      <trkpt lat="49.577312" lon="5.563708">
        <ele>226.610755</ele>
        <time>2024-11-01T12:52:15.999Z</time>
      </trkpt>
      <trkpt lat="49.577337" lon="5.563872">
        <ele>226.374168</ele>
        <time>2024-11-01T12:52:17.999Z</time>
      </trkpt>
      <trkpt lat="49.577361" lon="5.564053">
        <ele>226.114725</ele>
        <time>2024-11-01T12:52:19.999Z</time>
      </trkpt>
      <trkpt lat="49.577350" lon="5.564205">
        <ele>225.899943</ele>
        <time>2024-11-01T12:52:21.999Z</time>
      </trkpt>
      <trkpt lat="49.577353" lon="5.564372">
        <ele>225.665331</ele>
        <time>2024-11-01T12:52:23.999Z</time>
      </trkpt>
      <trkpt lat="49.577453" lon="5.564441">
        <ele>225.428067</ele>
        <time>2024-11-01T12:52:24.999Z</time>
      </trkpt>
      <trkpt lat="49.577450" lon="5.564580">
        <ele>225.232758</ele>
        <time>2024-11-01T12:52:26.999Z</time>
      </trkpt>
      <trkpt lat="49.577464" lon="5.564782">
        <ele>224.947470</ele>
        <time>2024-11-01T12:52:29.999Z</time>
      </trkpt>
      <trkpt lat="49.577461" lon="5.564983">
        <ele>224.665127</ele>
        <time>2024-11-01T12:52:32.999Z</time>
      </trkpt>
      <trkpt lat="49.577471" lon="5.565187">
        <ele>224.377829</ele>
        <time>2024-11-01T12:52:35.999Z</time>
      </trkpt>
      <trkpt lat="49.577478" lon="5.565389">
        <ele>224.093751</ele>
        <time>2024-11-01T12:52:38.999Z</time>
      </trkpt>
      <trkpt lat="49.577483" lon="5.565529">
        <ele>223.896849</ele>
        <time>2024-11-01T12:52:40.999Z</time>
      </trkpt>
      <trkpt lat="49.577481" lon="5.565729">
        <ele>223.615952</ele>
        <time>2024-11-01T12:52:43.999Z</time>
      </trkpt>
      <trkpt lat="49.577492" lon="5.565918">
        <ele>223.349468</ele>
        <time>2024-11-01T12:52:46.999Z</time>
      </trkpt>
      <trkpt lat="49.577503" lon="5.566062">
        <ele>223.145848</ele>
        <time>2024-11-01T12:52:48.999Z</time>
      </trkpt>
      <trkpt lat="49.577506" lon="5.566207">
        <ele>222.942119</ele>
        <time>2024-11-01T12:52:50.999Z</time>
      </trkpt>
      <trkpt lat="49.577510" lon="5.566351">
        <ele>222.752918</ele>
        <time>2024-11-01T12:52:52.999Z</time>
      </trkpt>
      <trkpt lat="49.577515" lon="5.566495">
        <ele>223.155011</ele>
        <time>2024-11-01T12:52:54.998Z</time>
      </trkpt>
      <trkpt lat="49.577513" lon="5.566643">
        <ele>223.567771</ele>
        <time>2024-11-01T12:52:56.998Z</time>
      </trkpt>
      <trkpt lat="49.577515" lon="5.566788">
        <ele>223.972169</ele>
        <time>2024-11-01T12:52:58.998Z</time>
      </trkpt>
      <trkpt lat="49.577523" lon="5.566943">
        <ele>224.405725</ele>
        <time>2024-11-01T12:53:00.998Z</time>
      </trkpt>
      <trkpt lat="49.577530" lon="5.567101">
        <ele>224.847307</ele>
        <time>2024-11-01T12:53:02.998Z</time>
      </trkpt>
      <trkpt lat="49.577533" lon="5.567243">
        <ele>225.243458</ele>
        <time>2024-11-01T12:53:04.998Z</time>
      </trkpt>
      <trkpt lat="49.577540" lon="5.567389">
        <ele>225.651664</ele>
        <time>2024-11-01T12:53:06.998Z</time>
      </trkpt>
      <trkpt lat="49.577537" lon="5.567540">
        <ele>226.072897</ele>
        <time>2024-11-01T12:53:08.998Z</time>
      </trkpt>
      <trkpt lat="49.577543" lon="5.567757">
        <ele>226.678512</ele>
        <time>2024-11-01T12:53:11.998Z</time>
      </trkpt>
      <trkpt lat="49.577556" lon="5.567901">
        <ele>227.083902</ele>
        <time>2024-11-01T12:53:13.998Z</time>
      </trkpt>
      <trkpt lat="49.577556" lon="5.568056">
        <ele>227.516091</ele>
        <time>2024-11-01T12:53:15.998Z</time>
      </trkpt>
      <trkpt lat="49.577562" lon="5.568202">
        <ele>227.924002</ele>
        <time>2024-11-01T12:53:17.998Z</time>
      </trkpt>
      <trkpt lat="49.577568" lon="5.568362">
        <ele>228.370878</ele>
        <time>2024-11-01T12:53:19.998Z</time>
      </trkpt>
      <trkpt lat="49.577575" lon="5.568529">
        <ele>228.837499</ele>
        <time>2024-11-01T12:53:21.998Z</time>
      </trkpt>
      <trkpt lat="49.577577" lon="5.568686">
        <ele>229.275349</ele>
        <time>2024-11-01T12:53:23.998Z</time>
      </trkpt>
      <trkpt lat="49.577577" lon="5.568854">
        <ele>229.743786</ele>
        <time>2024-11-01T12:53:25.998Z</time>
      </trkpt>
      <trkpt lat="49.577592" lon="5.569016">
        <ele>230.200075</ele>
        <time>2024-11-01T12:53:27.998Z</time>
      </trkpt>
      <trkpt lat="49.577587" lon="5.569181">
        <ele>230.445926</ele>
        <time>2024-11-01T12:53:29.998Z</time>
      </trkpt>
      <trkpt lat="49.577603" lon="5.569354">
        <ele>230.358384</ele>
        <time>2024-11-01T12:53:31.998Z</time>
      </trkpt>
      <trkpt lat="49.577607" lon="5.569526">
        <ele>230.272165</ele>
        <time>2024-11-01T12:53:33.998Z</time>
      </trkpt>
      <trkpt lat="49.577611" lon="5.569677">
        <ele>230.196458</ele>
        <time>2024-11-01T12:53:35.998Z</time>
      </trkpt>
      <trkpt lat="49.577620" lon="5.569844">
        <ele>230.112511</ele>
        <time>2024-11-01T12:53:37.998Z</time>
      </trkpt>
      <trkpt lat="49.577632" lon="5.570013">
        <ele>230.027344</ele>
        <time>2024-11-01T12:53:39.998Z</time>
      </trkpt>
      <trkpt lat="49.577641" lon="5.570167">
        <ele>229.949885</ele>
        <time>2024-11-01T12:53:41.998Z</time>
      </trkpt>
      <trkpt lat="49.577659" lon="5.570353">
        <ele>229.855676</ele>
        <time>2024-11-01T12:53:43.998Z</time>
      </trkpt>
      <trkpt lat="49.577674" lon="5.570500">
        <ele>229.781130</ele>
        <time>2024-11-01T12:53:45.998Z</time>
      </trkpt>
      <trkpt lat="49.577695" lon="5.570659">
        <ele>229.699843</ele>
        <time>2024-11-01T12:53:47.998Z</time>
      </trkpt>
      <trkpt lat="49.577712" lon="5.570816">
        <ele>229.620105</ele>
        <time>2024-11-01T12:53:49.998Z</time>
      </trkpt>
      <trkpt lat="49.577745" lon="5.570974">
        <ele>229.536950</ele>
        <time>2024-11-01T12:53:51.998Z</time>
      </trkpt>
      <trkpt lat="49.577778" lon="5.571143">
        <ele>229.448534</ele>
        <time>2024-11-01T12:53:53.998Z</time>
      </trkpt>
      <trkpt lat="49.577808" lon="5.571317">
        <ele>229.358339</ele>
        <time>2024-11-01T12:53:55.998Z</time>
      </trkpt>
      <trkpt lat="49.577838" lon="5.571482">
        <ele>229.272495</ele>
        <time>2024-11-01T12:53:57.999Z</time>
      </trkpt>
      <trkpt lat="49.577869" lon="5.571655">
        <ele>229.182582</ele>
        <time>2024-11-01T12:53:59.999Z</time>
      </trkpt>
      <trkpt lat="49.577909" lon="5.571834">
        <ele>229.081963</ele>
        <time>2024-11-01T12:54:01.999Z</time>
      </trkpt>
      <trkpt lat="49.577950" lon="5.572003">
        <ele>228.591061</ele>
        <time>2024-11-01T12:54:03.999Z</time>
      </trkpt>
      <trkpt lat="49.578001" lon="5.572168">
        <ele>228.093776</ele>
        <time>2024-11-01T12:54:05.999Z</time>
      </trkpt>
      <trkpt lat="49.578044" lon="5.572331">
        <ele>227.615030</ele>
        <time>2024-11-01T12:54:07.999Z</time>
      </trkpt>
      <trkpt lat="49.578088" lon="5.572484">
        <ele>227.159682</ele>
        <time>2024-11-01T12:54:09.999Z</time>
      </trkpt>
      <trkpt lat="49.578139" lon="5.572644">
        <ele>226.674643</ele>
        <time>2024-11-01T12:54:11.999Z</time>
      </trkpt>
      <trkpt lat="49.578189" lon="5.572772">
        <ele>226.268103</ele>
        <time>2024-11-01T12:54:13.999Z</time>
      </trkpt>
      <trkpt lat="49.578246" lon="5.572928">
        <ele>225.780953</ele>
        <time>2024-11-01T12:54:15.999Z</time>
      </trkpt>
      <trkpt lat="49.578276" lon="5.573085">
        <ele>225.335667</ele>
        <time>2024-11-01T12:54:17.999Z</time>
      </trkpt>
      <trkpt lat="49.578314" lon="5.573257">
        <ele>224.841318</ele>
        <time>2024-11-01T12:54:19.999Z</time>
      </trkpt>
      <trkpt lat="49.578372" lon="5.573438">
        <ele>224.292051</ele>
        <time>2024-11-01T12:54:21.999Z</time>
      </trkpt>
      <trkpt lat="49.578445" lon="5.573631">
        <ele>223.684183</ele>
        <time>2024-11-01T12:54:23.999Z</time>
      </trkpt>
      <trkpt lat="49.578527" lon="5.573819">
        <ele>223.067774</ele>
        <time>2024-11-01T12:54:25.999Z</time>
      </trkpt>
      <trkpt lat="49.578599" lon="5.574004">
        <ele>222.480775</ele>
        <time>2024-11-01T12:54:27.999Z</time>
      </trkpt>
      <trkpt lat="49.578607" lon="5.574150">
        <ele>222.082163</ele>
        <time>2024-11-01T12:54:29.999Z</time>
      </trkpt>
      <trkpt lat="49.578563" lon="5.574298">
        <ele>221.639220</ele>
        <time>2024-11-01T12:54:31.999Z</time>
      </trkpt>
      <trkpt lat="49.578530" lon="5.574472">
        <ele>221.679427</ele>
        <time>2024-11-01T12:54:33.999Z</time>
      </trkpt>
      <trkpt lat="49.578494" lon="5.574639">
        <ele>221.844875</ele>
        <time>2024-11-01T12:54:35.999Z</time>
      </trkpt>
      <trkpt lat="49.578452" lon="5.574805">
        <ele>222.012395</ele>
        <time>2024-11-01T12:54:37.999Z</time>
      </trkpt>
      <trkpt lat="49.578406" lon="5.574965">
        <ele>222.176937</ele>
        <time>2024-11-01T12:54:39.999Z</time>
      </trkpt>
      <trkpt lat="49.578331" lon="5.575086">
        <ele>222.334306</ele>
        <time>2024-11-01T12:54:41.999Z</time>
      </trkpt>
      <trkpt lat="49.578254" lon="5.575199">
        <ele>222.488414</ele>
        <time>2024-11-01T12:54:43.999Z</time>
      </trkpt>
      <trkpt lat="49.578209" lon="5.575335">
        <ele>222.631956</ele>
        <time>2024-11-01T12:54:45.999Z</time>
      </trkpt>
      <trkpt lat="49.578192" lon="5.575512">
        <ele>222.800173</ele>
        <time>2024-11-01T12:54:47.999Z</time>
      </trkpt>
      <trkpt lat="49.578177" lon="5.575684">
        <ele>222.963330</ele>
        <time>2024-11-01T12:54:49.999Z</time>
      </trkpt>
      <trkpt lat="49.578159" lon="5.575849">
        <ele>223.120631</ele>
        <time>2024-11-01T12:54:51.999Z</time>
      </trkpt>
      <trkpt lat="49.578139" lon="5.576030">
        <ele>223.293246</ele>
        <time>2024-11-01T12:54:53.999Z</time>
      </trkpt>
      <trkpt lat="49.578120" lon="5.576203">
        <ele>223.458204</ele>
        <time>2024-11-01T12:54:55.999Z</time>
      </trkpt>
      <trkpt lat="49.578100" lon="5.576377">
        <ele>223.624336</ele>
        <time>2024-11-01T12:54:57.999Z</time>
      </trkpt>
      <trkpt lat="49.578084" lon="5.576542">
        <ele>223.781182</ele>
        <time>2024-11-01T12:54:59.999Z</time>
      </trkpt>
      <trkpt lat="49.578065" lon="5.576708">
        <ele>223.939655</ele>
        <time>2024-11-01T12:55:01.999Z</time>
      </trkpt>
      <trkpt lat="49.578047" lon="5.576865">
        <ele>224.089545</ele>
        <time>2024-11-01T12:55:03.999Z</time>
      </trkpt>
      <trkpt lat="49.578027" lon="5.577024">
        <ele>224.173164</ele>
        <time>2024-11-01T12:55:05.998Z</time>
      </trkpt>
      <trkpt lat="49.577929" lon="5.577115">
        <ele>224.214642</ele>
        <time>2024-11-01T12:55:08.998Z</time>
      </trkpt>
      <trkpt lat="49.577817" lon="5.577070">
        <ele>224.256607</ele>
        <time>2024-11-01T12:55:11.998Z</time>
      </trkpt>
      <trkpt lat="49.577701" lon="5.577046">
        <ele>224.299043</ele>
        <time>2024-11-01T12:55:14.998Z</time>
      </trkpt>
      <trkpt lat="49.577591" lon="5.577022">
        <ele>224.339325</ele>
        <time>2024-11-01T12:55:17.998Z</time>
      </trkpt>
      <trkpt lat="49.577541" lon="5.577182">
        <ele>224.381083</ele>
        <time>2024-11-01T12:55:20.998Z</time>
      </trkpt>
      <trkpt lat="49.577520" lon="5.577320">
        <ele>224.414409</ele>
        <time>2024-11-01T12:55:22.998Z</time>
      </trkpt>
      <trkpt lat="49.577492" lon="5.577467">
        <ele>224.450430</ele>
        <time>2024-11-01T12:55:24.998Z</time>
      </trkpt>
      <trkpt lat="49.577467" lon="5.577622">
        <ele>224.487982</ele>
        <time>2024-11-01T12:55:26.998Z</time>
      </trkpt>
      <trkpt lat="49.577438" lon="5.577780">
        <ele>224.526589</ele>
        <time>2024-11-01T12:55:28.998Z</time>
      </trkpt>
      <trkpt lat="49.577411" lon="5.577942">
        <ele>224.565914</ele>
        <time>2024-11-01T12:55:30.998Z</time>
      </trkpt>
      <trkpt lat="49.577384" lon="5.578109">
        <ele>224.606379</ele>
        <time>2024-11-01T12:55:32.998Z</time>
      </trkpt>
      <trkpt lat="49.577361" lon="5.578281">
        <ele>224.647669</ele>
        <time>2024-11-01T12:55:34.998Z</time>
      </trkpt>
      <trkpt lat="49.577319" lon="5.578444">
        <ele>224.688906</ele>
        <time>2024-11-01T12:55:36.998Z</time>
      </trkpt>
      <trkpt lat="49.577250" lon="5.578574">
        <ele>224.728404</ele>
        <time>2024-11-01T12:55:38.998Z</time>
      </trkpt>
      <trkpt lat="49.577226" lon="5.578734">
        <ele>224.767015</ele>
        <time>2024-11-01T12:55:40.998Z</time>
      </trkpt>
      <trkpt lat="49.577256" lon="5.578898">
        <ele>224.815377</ele>
        <time>2024-11-01T12:55:42.998Z</time>
      </trkpt>
      <trkpt lat="49.577307" lon="5.579050">
        <ele>224.927536</ele>
        <time>2024-11-01T12:55:44.998Z</time>
      </trkpt>
      <trkpt lat="49.577338" lon="5.579215">
        <ele>225.040117</ele>
        <time>2024-11-01T12:55:46.998Z</time>
      </trkpt>
      <trkpt lat="49.577335" lon="5.579376">
        <ele>225.145672</ele>
        <time>2024-11-01T12:55:48.998Z</time>
      </trkpt>
      <trkpt lat="49.577322" lon="5.579530">
        <ele>225.247448</ele>
        <time>2024-11-01T12:55:50.998Z</time>
      </trkpt>
      <trkpt lat="49.577313" lon="5.579668">
        <ele>225.338343</ele>
        <time>2024-11-01T12:55:52.998Z</time>
      </trkpt>
      <trkpt lat="49.577301" lon="5.579830">
        <ele>225.445201</ele>
        <time>2024-11-01T12:55:55.998Z</time>
      </trkpt>
      <trkpt lat="49.577295" lon="5.580008">
        <ele>225.562011</ele>
        <time>2024-11-01T12:55:58.998Z</time>
      </trkpt>
      <trkpt lat="49.577296" lon="5.580220">
        <ele>225.700949</ele>
        <time>2024-11-01T12:56:02.998Z</time>
      </trkpt>
      <trkpt lat="49.577331" lon="5.580354">
        <ele>225.795623</ele>
        <time>2024-11-01T12:56:04.999Z</time>
      </trkpt>
      <trkpt lat="49.577358" lon="5.580505">
        <ele>225.898275</ele>
        <time>2024-11-01T12:56:06.999Z</time>
      </trkpt>
      <trkpt lat="49.577371" lon="5.580660">
        <ele>226.000701</ele>
        <time>2024-11-01T12:56:08.999Z</time>
      </trkpt>
      <trkpt lat="49.577382" lon="5.580831">
        <ele>226.113316</ele>
        <time>2024-11-01T12:56:10.999Z</time>
      </trkpt>
      <trkpt lat="49.577394" lon="5.580993">
        <ele>226.220173</ele>
        <time>2024-11-01T12:56:12.999Z</time>
      </trkpt>
      <trkpt lat="49.577404" lon="5.581165">
        <ele>226.333346</ele>
        <time>2024-11-01T12:56:14.999Z</time>
      </trkpt>
      <trkpt lat="49.577409" lon="5.581341">
        <ele>226.448798</ele>
        <time>2024-11-01T12:56:16.999Z</time>
      </trkpt>
      <trkpt lat="49.577411" lon="5.581491">
        <ele>226.547122</ele>
        <time>2024-11-01T12:56:18.999Z</time>
      </trkpt>
      <trkpt lat="49.577391" lon="5.581678">
        <ele>226.580006</ele>
        <time>2024-11-01T12:56:20.999Z</time>
      </trkpt>
      <trkpt lat="49.577368" lon="5.581859">
        <ele>226.484549</ele>
        <time>2024-11-01T12:56:22.999Z</time>
      </trkpt>
      <trkpt lat="49.577345" lon="5.582031">
        <ele>226.393658</ele>
        <time>2024-11-01T12:56:24.999Z</time>
      </trkpt>
      <trkpt lat="49.577321" lon="5.582193">
        <ele>226.307655</ele>
        <time>2024-11-01T12:56:26.999Z</time>
      </trkpt>
      <trkpt lat="49.577292" lon="5.582355">
        <ele>226.220677</ele>
        <time>2024-11-01T12:56:28.999Z</time>
      </trkpt>
      <trkpt lat="49.577268" lon="5.582522">
        <ele>226.132149</ele>
        <time>2024-11-01T12:56:30.999Z</time>
      </trkpt>
      <trkpt lat="49.577246" lon="5.582681">
        <ele>226.048007</ele>
        <time>2024-11-01T12:56:32.999Z</time>
      </trkpt>
      <trkpt lat="49.577223" lon="5.582834">
        <ele>225.966722</ele>
        <time>2024-11-01T12:56:34.999Z</time>
      </trkpt>
      <trkpt lat="49.577202" lon="5.582971">
        <ele>225.893864</ele>
        <time>2024-11-01T12:56:36.999Z</time>
      </trkpt>
      <trkpt lat="49.577186" lon="5.583111">
        <ele>225.820291</ele>
        <time>2024-11-01T12:56:38.999Z</time>
      </trkpt>
      <trkpt lat="49.577179" lon="5.583254">
        <ele>225.746071</ele>
        <time>2024-11-01T12:56:40.999Z</time>
      </trkpt>
      <trkpt lat="49.577203" lon="5.583405">
        <ele>225.665608</ele>
        <time>2024-11-01T12:56:42.999Z</time>
      </trkpt>
      <trkpt lat="49.577254" lon="5.583563">
        <ele>225.574264</ele>
        <time>2024-11-01T12:56:44.999Z</time>
      </trkpt>
      <trkpt lat="49.577288" lon="5.583740">
        <ele>225.478723</ele>
        <time>2024-11-01T12:56:46.999Z</time>
      </trkpt>
      <trkpt lat="49.577339" lon="5.583912">
        <ele>225.380840</ele>
        <time>2024-11-01T12:56:48.999Z</time>
      </trkpt>
      <trkpt lat="49.577391" lon="5.584083">
        <ele>225.283091</ele>
        <time>2024-11-01T12:56:50.999Z</time>
      </trkpt>
      <trkpt lat="49.577444" lon="5.584252">
        <ele>225.185933</ele>
        <time>2024-11-01T12:56:52.999Z</time>
      </trkpt>
      <trkpt lat="49.577499" lon="5.584424">
        <ele>224.906724</ele>
        <time>2024-11-01T12:56:54.999Z</time>
      </trkpt>
      <trkpt lat="49.577553" lon="5.584595">
        <ele>224.627555</ele>
        <time>2024-11-01T12:56:56.999Z</time>
      </trkpt>
      <trkpt lat="49.577606" lon="5.584762">
        <ele>224.354655</ele>
        <time>2024-11-01T12:56:58.999Z</time>
      </trkpt>
      <trkpt lat="49.577684" lon="5.584906">
        <ele>224.079255</ele>
        <time>2024-11-01T12:57:00.999Z</time>
      </trkpt>
      <trkpt lat="49.577777" lon="5.585019">
        <ele>223.811254</ele>
        <time>2024-11-01T12:57:02.999Z</time>
      </trkpt>
      <trkpt lat="49.577887" lon="5.585114">
        <ele>223.525875</ele>
        <time>2024-11-01T12:57:04.999Z</time>
      </trkpt>
      <trkpt lat="49.578019" lon="5.585123">
        <ele>223.226788</ele>
        <time>2024-11-01T12:57:06.999Z</time>
      </trkpt>
      <trkpt lat="49.578148" lon="5.585135">
        <ele>222.934254</ele>
        <time>2024-11-01T12:57:08.999Z</time>
      </trkpt>
      <trkpt lat="49.578253" lon="5.585137">
        <ele>222.696558</ele>
        <time>2024-11-01T12:57:10.999Z</time>
      </trkpt>
      <trkpt lat="49.578365" lon="5.585084">
        <ele>222.431369</ele>
        <time>2024-11-01T12:57:14.999Z</time>
      </trkpt>
      <trkpt lat="49.578405" lon="5.584898">
        <ele>222.143748</ele>
        <time>2024-11-01T12:57:17.998Z</time>
      </trkpt>
      <trkpt lat="49.578432" lon="5.584756">
        <ele>221.926554</ele>
        <time>2024-11-01T12:57:19.998Z</time>
      </trkpt>
      <trkpt lat="49.578457" lon="5.584614">
        <ele>221.710590</ele>
        <time>2024-11-01T12:57:21.998Z</time>
      </trkpt>
      <trkpt lat="49.578482" lon="5.584476">
        <ele>221.500287</ele>
        <time>2024-11-01T12:57:23.998Z</time>
      </trkpt>
      <trkpt lat="49.578513" lon="5.584339">
        <ele>221.287315</ele>
        <time>2024-11-01T12:57:25.998Z</time>
      </trkpt>
      <trkpt lat="49.578559" lon="5.584147">
        <ele>221.332693</ele>
        <time>2024-11-01T12:57:28.998Z</time>
      </trkpt>
      <trkpt lat="49.578594" lon="5.584016">
        <ele>221.693644</ele>
        <time>2024-11-01T12:57:30.998Z</time>
      </trkpt>
      <trkpt lat="49.578632" lon="5.583887">
        <ele>222.054602</ele>
        <time>2024-11-01T12:57:32.998Z</time>
      </trkpt>
      <trkpt lat="49.578671" lon="5.583755">
        <ele>222.424144</ele>
        <time>2024-11-01T12:57:34.998Z</time>
      </trkpt>
      <trkpt lat="49.578717" lon="5.583626">
        <ele>222.799197</ele>
        <time>2024-11-01T12:57:36.998Z</time>
      </trkpt>
      <trkpt lat="49.578799" lon="5.583570">
        <ele>223.151545</ele>
        <time>2024-11-01T12:57:38.998Z</time>
      </trkpt>
      <trkpt lat="49.578898" lon="5.583570">
        <ele>223.540511</ele>
        <time>2024-11-01T12:57:40.998Z</time>
      </trkpt>
      <trkpt lat="49.578990" lon="5.583570">
        <ele>223.901976</ele>
        <time>2024-11-01T12:57:42.998Z</time>
      </trkpt>
      <trkpt lat="49.579081" lon="5.583566">
        <ele>224.259656</ele>
        <time>2024-11-01T12:57:44.998Z</time>
      </trkpt>
      <trkpt lat="49.579212" lon="5.583563">
        <ele>224.774406</ele>
        <time>2024-11-01T12:57:47.998Z</time>
      </trkpt>
      <trkpt lat="49.579326" lon="5.583549">
        <ele>225.223725</ele>
        <time>2024-11-01T12:57:50.998Z</time>
      </trkpt>
      <trkpt lat="49.579430" lon="5.583515">
        <ele>225.641416</ele>
        <time>2024-11-01T12:57:53.998Z</time>
      </trkpt>
      <trkpt lat="49.579528" lon="5.583468">
        <ele>226.044641</ele>
        <time>2024-11-01T12:57:56.998Z</time>
      </trkpt>
      <trkpt lat="49.579642" lon="5.583428">
        <ele>226.503987</ele>
        <time>2024-11-01T12:58:00.998Z</time>
      </trkpt>
      <trkpt lat="49.579749" lon="5.583404">
        <ele>226.928809</ele>
        <time>2024-11-01T12:58:06.998Z</time>
      </trkpt>
      <trkpt lat="49.579840" lon="5.583368">
        <ele>227.297918</ele>
        <time>2024-11-01T12:58:10.999Z</time>
      </trkpt>
      <trkpt lat="49.579952" lon="5.583321">
        <ele>227.753960</ele>
        <time>2024-11-01T12:58:15.999Z</time>
      </trkpt>
      <trkpt lat="49.580059" lon="5.583289">
        <ele>228.183274</ele>
        <time>2024-11-01T12:58:19.999Z</time>
      </trkpt>
      <trkpt lat="49.580162" lon="5.583260">
        <ele>228.806865</ele>
        <time>2024-11-01T12:58:23.999Z</time>
      </trkpt>
      <trkpt lat="49.580262" lon="5.583245">
        <ele>229.405261</ele>
        <time>2024-11-01T12:58:27.999Z</time>
      </trkpt>
      <trkpt lat="49.580371" lon="5.583235">
        <ele>230.055597</ele>
        <time>2024-11-01T12:58:31.999Z</time>
      </trkpt>
      <trkpt lat="49.580474" lon="5.583228">
        <ele>230.669645</ele>
        <time>2024-11-01T12:58:35.999Z</time>
      </trkpt>
      <trkpt lat="49.580573" lon="5.583203">
        <ele>231.267126</ele>
        <time>2024-11-01T12:58:39.999Z</time>
      </trkpt>
      <trkpt lat="49.580679" lon="5.583184">
        <ele>231.902696</ele>
        <time>2024-11-01T12:58:43.999Z</time>
      </trkpt>
      <trkpt lat="49.580791" lon="5.583166">
        <ele>232.573364</ele>
        <time>2024-11-01T12:58:47.999Z</time>
      </trkpt>
      <trkpt lat="49.580903" lon="5.583152">
        <ele>233.242607</ele>
        <time>2024-11-01T12:58:51.999Z</time>
      </trkpt>
      <trkpt lat="49.580994" lon="5.583182">
        <ele>233.796833</ele>
        <time>2024-11-01T12:58:55.999Z</time>
      </trkpt>
      <trkpt lat="49.581001" lon="5.583350">
        <ele>234.446922</ele>
        <time>2024-11-01T12:58:59.999Z</time>
      </trkpt>
      <trkpt lat="49.580979" lon="5.583528">
        <ele>235.146667</ele>
        <time>2024-11-01T12:59:02.999Z</time>
      </trkpt>
      <trkpt lat="49.580963" lon="5.583717">
        <ele>235.882707</ele>
        <time>2024-11-01T12:59:05.999Z</time>
      </trkpt>
      <trkpt lat="49.580958" lon="5.583923">
        <ele>236.678757</ele>
        <time>2024-11-01T12:59:08.999Z</time>
      </trkpt>
      <trkpt lat="49.580962" lon="5.584065">
        <ele>237.227624</ele>
        <time>2024-11-01T12:59:10.999Z</time>
      </trkpt>
      <trkpt lat="49.580975" lon="5.584210">
        <ele>237.792886</ele>
        <time>2024-11-01T12:59:12.999Z</time>
      </trkpt>
      <trkpt lat="49.580995" lon="5.584357">
        <ele>238.372906</ele>
        <time>2024-11-01T12:59:14.998Z</time>
      </trkpt>
      <trkpt lat="49.581021" lon="5.584508">
        <ele>238.886593</ele>
        <time>2024-11-01T12:59:16.998Z</time>
      </trkpt>
      <trkpt lat="49.581052" lon="5.584660">
        <ele>238.842799</ele>
        <time>2024-11-01T12:59:18.998Z</time>
      </trkpt>
      <trkpt lat="49.581087" lon="5.584811">
        <ele>238.798726</ele>
        <time>2024-11-01T12:59:20.998Z</time>
      </trkpt>
      <trkpt lat="49.581102" lon="5.584976">
        <ele>238.752934</ele>
        <time>2024-11-01T12:59:22.998Z</time>
      </trkpt>
      <trkpt lat="49.581165" lon="5.585116">
        <ele>238.706096</ele>
        <time>2024-11-01T12:59:24.998Z</time>
      </trkpt>
      <trkpt lat="49.581200" lon="5.585275">
        <ele>238.659947</ele>
        <time>2024-11-01T12:59:26.998Z</time>
      </trkpt>
      <trkpt lat="49.581207" lon="5.585451">
        <ele>238.611484</ele>
        <time>2024-11-01T12:59:28.998Z</time>
      </trkpt>
      <trkpt lat="49.581238" lon="5.585611">
        <ele>238.565588</ele>
        <time>2024-11-01T12:59:30.998Z</time>
      </trkpt>
      <trkpt lat="49.581295" lon="5.585753">
        <ele>238.519687</ele>
        <time>2024-11-01T12:59:32.998Z</time>
      </trkpt>
      <trkpt lat="49.581319" lon="5.585903">
        <ele>238.477224</ele>
        <time>2024-11-01T12:59:34.998Z</time>
      </trkpt>
      <trkpt lat="49.581360" lon="5.586045">
        <ele>238.434502</ele>
        <time>2024-11-01T12:59:36.998Z</time>
      </trkpt>
      <trkpt lat="49.581565" lon="5.586093">
        <ele>238.346608</ele>
        <time>2024-11-01T12:59:40.998Z</time>
      </trkpt>
      <trkpt lat="49.581668" lon="5.586043">
        <ele>238.300835</ele>
        <time>2024-11-01T12:59:42.998Z</time>
      </trkpt>
      <trkpt lat="49.581693" lon="5.586192">
        <ele>238.258535</ele>
        <time>2024-11-01T12:59:43.998Z</time>
      </trkpt>
      <trkpt lat="49.581776" lon="5.586346">
        <ele>238.203496</ele>
        <time>2024-11-01T12:59:45.998Z</time>
      </trkpt>
      <trkpt lat="49.581794" lon="5.586518">
        <ele>238.155612</ele>
        <time>2024-11-01T12:59:47.998Z</time>
      </trkpt>
      <trkpt lat="49.581828" lon="5.586687">
        <ele>238.263171</ele>
        <time>2024-11-01T12:59:49.998Z</time>
      </trkpt>
      <trkpt lat="49.581863" lon="5.586849">
        <ele>238.533121</ele>
        <time>2024-11-01T12:59:51.998Z</time>
      </trkpt>
      <trkpt lat="49.581888" lon="5.587002">
        <ele>238.782561</ele>
        <time>2024-11-01T12:59:53.998Z</time>
      </trkpt>
      <trkpt lat="49.581923" lon="5.587155">
        <ele>239.039052</ele>
        <time>2024-11-01T12:59:55.998Z</time>
      </trkpt>
      <trkpt lat="49.581953" lon="5.587300">
        <ele>239.279669</ele>
        <time>2024-11-01T12:59:57.998Z</time>
      </trkpt>
      <trkpt lat="49.581983" lon="5.587441">
        <ele>239.514271</ele>
        <time>2024-11-01T12:59:59.998Z</time>
      </trkpt>
      <trkpt lat="49.582014" lon="5.587578">
        <ele>239.743664</ele>
        <time>2024-11-01T13:00:01.998Z</time>
      </trkpt>
      <trkpt lat="49.582043" lon="5.587724">
        <ele>239.985063</ele>
        <time>2024-11-01T13:00:03.998Z</time>
      </trkpt>
      <trkpt lat="49.582076" lon="5.587874">
        <ele>240.235476</ele>
        <time>2024-11-01T13:00:05.998Z</time>
      </trkpt>
      <trkpt lat="49.582103" lon="5.588028">
        <ele>240.487677</ele>
        <time>2024-11-01T13:00:07.998Z</time>
      </trkpt>
      <trkpt lat="49.582120" lon="5.588182">
        <ele>240.734637</ele>
        <time>2024-11-01T13:00:09.998Z</time>
      </trkpt>
      <trkpt lat="49.582136" lon="5.588338">
        <ele>240.984322</ele>
        <time>2024-11-01T13:00:11.998Z</time>
      </trkpt>
      <trkpt lat="49.582158" lon="5.588497">
        <ele>241.241343</ele>
        <time>2024-11-01T13:00:13.998Z</time>
      </trkpt>
      <trkpt lat="49.582174" lon="5.588650">
        <ele>241.486345</ele>
        <time>2024-11-01T13:00:15.999Z</time>
      </trkpt>
      <trkpt lat="49.582192" lon="5.588799">
        <ele>241.725951</ele>
        <time>2024-11-01T13:00:17.999Z</time>
      </trkpt>
      <trkpt lat="49.582209" lon="5.588947">
        <ele>241.963565</ele>
        <time>2024-11-01T13:00:19.999Z</time>
      </trkpt>
      <trkpt lat="49.582232" lon="5.589093">
        <ele>242.201090</ele>
        <time>2024-11-01T13:00:21.999Z</time>
      </trkpt>
      <trkpt lat="49.582249" lon="5.589232">
        <ele>242.424708</ele>
        <time>2024-11-01T13:00:23.999Z</time>
      </trkpt>
      <trkpt lat="49.582267" lon="5.589373">
        <ele>242.465121</ele>
        <time>2024-11-01T13:00:25.999Z</time>
      </trkpt>
      <trkpt lat="49.582287" lon="5.589512">
        <ele>242.381443</ele>
        <time>2024-11-01T13:00:27.999Z</time>
      </trkpt>
      <trkpt lat="49.582315" lon="5.589650">
        <ele>242.296462</ele>
        <time>2024-11-01T13:00:29.999Z</time>
      </trkpt>
      <trkpt lat="49.582357" lon="5.589846">
        <ele>242.175145</ele>
        <time>2024-11-01T13:00:32.999Z</time>
      </trkpt>
      <trkpt lat="49.582388" lon="5.589977">
        <ele>242.093189</ele>
        <time>2024-11-01T13:00:34.999Z</time>
      </trkpt>
      <trkpt lat="49.582439" lon="5.590164">
        <ele>241.973962</ele>
        <time>2024-11-01T13:00:37.999Z</time>
      </trkpt>
      <trkpt lat="49.582495" lon="5.590341">
        <ele>241.858215</ele>
        <time>2024-11-01T13:00:40.999Z</time>
      </trkpt>
      <trkpt lat="49.582541" lon="5.590468">
        <ele>241.772721</ele>
        <time>2024-11-01T13:00:42.999Z</time>
      </trkpt>
      <trkpt lat="49.582584" lon="5.590590">
        <ele>241.691112</ele>
        <time>2024-11-01T13:00:44.999Z</time>
      </trkpt>
      <trkpt lat="49.582640" lon="5.590737">
        <ele>241.590912</ele>
        <time>2024-11-01T13:00:47.999Z</time>
      </trkpt>
      <trkpt lat="49.582740" lon="5.590784">
        <ele>241.496152</ele>
        <time>2024-11-01T13:00:51.999Z</time>
      </trkpt>
      <trkpt lat="49.582717" lon="5.590986">
        <ele>241.375621</ele>
        <time>2024-11-01T13:04:01.998Z</time>
      </trkpt>
      <trkpt lat="49.582774" lon="5.591137">
        <ele>241.272934</ele>
        <time>2024-11-01T13:04:05.998Z</time>
      </trkpt>
      <trkpt lat="49.582830" lon="5.591283">
        <ele>241.173240</ele>
        <time>2024-11-01T13:04:08.998Z</time>
      </trkpt>
      <trkpt lat="49.582892" lon="5.591390">
        <ele>241.088904</ele>
        <time>2024-11-01T13:04:11.998Z</time>
      </trkpt>
      <trkpt lat="49.582933" lon="5.591527">
        <ele>241.000227</ele>
        <time>2024-11-01T13:04:17.998Z</time>
      </trkpt>
      <trkpt lat="49.583008" lon="5.591642">
        <ele>240.904365</ele>
        <time>2024-11-01T13:04:20.998Z</time>
      </trkpt>
      <trkpt lat="49.583076" lon="5.591763">
        <ele>240.840221</ele>
        <time>2024-11-01T13:04:23.998Z</time>
      </trkpt>
      <trkpt lat="49.583156" lon="5.591874">
        <ele>240.781593</ele>
        <time>2024-11-01T13:04:27.999Z</time>
      </trkpt>
      <trkpt lat="49.583238" lon="5.592007">
        <ele>240.716761</ele>
        <time>2024-11-01T13:04:31.999Z</time>
      </trkpt>
      <trkpt lat="49.583315" lon="5.592137">
        <ele>240.654562</ele>
        <time>2024-11-01T13:04:34.999Z</time>
      </trkpt>
      <trkpt lat="49.583387" lon="5.592261">
        <ele>240.595762</ele>
        <time>2024-11-01T13:04:37.999Z</time>
      </trkpt>
      <trkpt lat="49.583374" lon="5.592433">
        <ele>240.534593</ele>
        <time>2024-11-01T13:04:41.999Z</time>
      </trkpt>
      <trkpt lat="49.583320" lon="5.592582">
        <ele>240.474296</ele>
        <time>2024-11-01T13:04:44.999Z</time>
      </trkpt>
      <trkpt lat="49.583396" lon="5.592709">
        <ele>240.413245</ele>
        <time>2024-11-01T13:04:47.999Z</time>
      </trkpt>
      <trkpt lat="49.583496" lon="5.592816">
        <ele>240.346935</ele>
        <time>2024-11-01T13:04:50.999Z</time>
      </trkpt>
      <trkpt lat="49.583600" lon="5.592930">
        <ele>240.277421</ele>
        <time>2024-11-01T13:04:53.999Z</time>
      </trkpt>
      <trkpt lat="49.583712" lon="5.593042">
        <ele>240.204696</ele>
        <time>2024-11-01T13:04:56.999Z</time>
      </trkpt>
      <trkpt lat="49.583821" lon="5.593138">
        <ele>240.136309</ele>
        <time>2024-11-01T13:04:59.999Z</time>
      </trkpt>
      <trkpt lat="49.583912" lon="5.593219">
        <ele>240.079066</ele>
        <time>2024-11-01T13:05:02.999Z</time>
      </trkpt>
      <trkpt lat="49.584011" lon="5.593310">
        <ele>240.016275</ele>
        <time>2024-11-01T13:05:05.999Z</time>
      </trkpt>
      <trkpt lat="49.584117" lon="5.593398">
        <ele>239.950689</ele>
        <time>2024-11-01T13:05:08.999Z</time>
      </trkpt>
      <trkpt lat="49.584208" lon="5.593496">
        <ele>239.954841</ele>
        <time>2024-11-01T13:05:11.999Z</time>
      </trkpt>
      <trkpt lat="49.584318" lon="5.593570">
        <ele>240.167801</ele>
        <time>2024-11-01T13:05:14.999Z</time>
      </trkpt>
      <trkpt lat="49.584423" lon="5.593660">
        <ele>240.380966</ele>
        <time>2024-11-01T13:05:17.999Z</time>
      </trkpt>
      <trkpt lat="49.584535" lon="5.593739">
        <ele>240.599512</ele>
        <time>2024-11-01T13:05:20.999Z</time>
      </trkpt>
      <trkpt lat="49.584647" lon="5.593819">
        <ele>240.818539</ele>
        <time>2024-11-01T13:05:23.999Z</time>
      </trkpt>
      <trkpt lat="49.584753" lon="5.593881">
        <ele>241.019712</ele>
        <time>2024-11-01T13:05:26.999Z</time>
      </trkpt>
      <trkpt lat="49.584864" lon="5.593966">
        <ele>241.239627</ele>
        <time>2024-11-01T13:05:29.999Z</time>
      </trkpt>
      <trkpt lat="49.584979" lon="5.594030">
        <ele>241.456578</ele>
        <time>2024-11-01T13:05:32.999Z</time>
      </trkpt>
      <trkpt lat="49.585090" lon="5.594087">
        <ele>241.664183</ele>
        <time>2024-11-01T13:05:35.999Z</time>
      </trkpt>
      <trkpt lat="49.585204" lon="5.594149">
        <ele>241.878689</ele>
        <time>2024-11-01T13:05:38.999Z</time>
      </trkpt>
      <trkpt lat="49.585315" lon="5.594194">
        <ele>242.082354</ele>
        <time>2024-11-01T13:05:41.999Z</time>
      </trkpt>
      <trkpt lat="49.585435" lon="5.594237">
        <ele>242.300971</ele>
        <time>2024-11-01T13:05:44.999Z</time>
      </trkpt>
      <trkpt lat="49.585556" lon="5.594271">
        <ele>242.519226</ele>
        <time>2024-11-01T13:05:47.999Z</time>
      </trkpt>
      <trkpt lat="49.585694" lon="5.594303">
        <ele>242.766867</ele>
        <time>2024-11-01T13:05:50.999Z</time>
      </trkpt>
      <trkpt lat="49.585795" lon="5.594326">
        <ele>242.948039</ele>
        <time>2024-11-01T13:05:52.999Z</time>
      </trkpt>
      <trkpt lat="49.585921" lon="5.594354">
        <ele>243.248157</ele>
        <time>2024-11-01T13:05:55.999Z</time>
      </trkpt>
      <trkpt lat="49.586051" lon="5.594379">
        <ele>243.705430</ele>
        <time>2024-11-01T13:05:58.999Z</time>
      </trkpt>
      <trkpt lat="49.586172" lon="5.594399">
        <ele>244.130194</ele>
        <time>2024-11-01T13:06:01.998Z</time>
      </trkpt>
      <trkpt lat="49.586297" lon="5.594404">
        <ele>244.566648</ele>
        <time>2024-11-01T13:06:04.998Z</time>
      </trkpt>
      <trkpt lat="49.586429" lon="5.594422">
        <ele>245.029186</ele>
        <time>2024-11-01T13:06:07.998Z</time>
      </trkpt>
      <trkpt lat="49.586522" lon="5.594413">
        <ele>245.354437</ele>
        <time>2024-11-01T13:06:09.998Z</time>
      </trkpt>
      <trkpt lat="49.586652" lon="5.594425">
        <ele>245.809009</ele>
        <time>2024-11-01T13:06:12.998Z</time>
      </trkpt>
      <trkpt lat="49.586779" lon="5.594407">
        <ele>246.254165</ele>
        <time>2024-11-01T13:06:15.998Z</time>
      </trkpt>
      <trkpt lat="49.586901" lon="5.594400">
        <ele>246.680296</ele>
        <time>2024-11-01T13:06:18.998Z</time>
      </trkpt>
      <trkpt lat="49.587000" lon="5.594375">
        <ele>247.030452</ele>
        <time>2024-11-01T13:06:20.998Z</time>
      </trkpt>
      <trkpt lat="49.587126" lon="5.594369">
        <ele>247.470460</ele>
        <time>2024-11-01T13:06:23.998Z</time>
      </trkpt>
      <trkpt lat="49.587259" lon="5.594358">
        <ele>247.935358</ele>
        <time>2024-11-01T13:06:26.998Z</time>
      </trkpt>
      <trkpt lat="49.587376" lon="5.594334">
        <ele>248.347337</ele>
        <time>2024-11-01T13:06:29.998Z</time>
      </trkpt>
      <trkpt lat="49.587473" lon="5.594313">
        <ele>248.689230</ele>
        <time>2024-11-01T13:06:31.998Z</time>
      </trkpt>
      <trkpt lat="49.587599" lon="5.594305">
        <ele>249.129401</ele>
        <time>2024-11-01T13:06:34.999Z</time>
      </trkpt>
      <trkpt lat="49.587689" lon="5.594289">
        <ele>249.405006</ele>
        <time>2024-11-01T13:06:36.999Z</time>
      </trkpt>
      <trkpt lat="49.587816" lon="5.594275">
        <ele>249.592791</ele>
        <time>2024-11-01T13:06:39.999Z</time>
      </trkpt>
      <trkpt lat="49.587949" lon="5.594260">
        <ele>249.789471</ele>
        <time>2024-11-01T13:06:42.999Z</time>
      </trkpt>
      <trkpt lat="49.588040" lon="5.594248">
        <ele>249.924173</ele>
        <time>2024-11-01T13:06:44.999Z</time>
      </trkpt>
      <trkpt lat="49.588173" lon="5.594235">
        <ele>250.120723</ele>
        <time>2024-11-01T13:06:47.999Z</time>
      </trkpt>
      <trkpt lat="49.588264" lon="5.594231">
        <ele>250.254990</ele>
        <time>2024-11-01T13:06:49.999Z</time>
      </trkpt>
      <trkpt lat="49.588394" lon="5.594216">
        <ele>250.447257</ele>
        <time>2024-11-01T13:06:52.999Z</time>
      </trkpt>
      <trkpt lat="49.588523" lon="5.594212">
        <ele>250.637553</ele>
        <time>2024-11-01T13:06:55.999Z</time>
      </trkpt>
      <trkpt lat="49.588618" lon="5.594219">
        <ele>250.777824</ele>
        <time>2024-11-01T13:06:57.999Z</time>
      </trkpt>
      <trkpt lat="49.588732" lon="5.594226">
        <ele>250.946092</ele>
        <time>2024-11-01T13:07:00.999Z</time>
      </trkpt>
      <trkpt lat="49.588863" lon="5.594222">
        <ele>251.139337</ele>
        <time>2024-11-01T13:07:03.999Z</time>
      </trkpt>
      <trkpt lat="49.588973" lon="5.594246">
        <ele>251.303186</ele>
        <time>2024-11-01T13:07:06.999Z</time>
      </trkpt>
      <trkpt lat="49.589070" lon="5.594246">
        <ele>251.446248</ele>
        <time>2024-11-01T13:07:08.999Z</time>
      </trkpt>
      <trkpt lat="49.589194" lon="5.594265">
        <ele>251.630030</ele>
        <time>2024-11-01T13:07:11.999Z</time>
      </trkpt>
      <trkpt lat="49.589302" lon="5.594267">
        <ele>251.789327</ele>
        <time>2024-11-01T13:07:14.999Z</time>
      </trkpt>
      <trkpt lat="49.589393" lon="5.594299">
        <ele>251.926982</ele>
        <time>2024-11-01T13:07:16.999Z</time>
      </trkpt>
      <trkpt lat="49.589514" lon="5.594325">
        <ele>252.184750</ele>
        <time>2024-11-01T13:07:19.999Z</time>
      </trkpt>
      <trkpt lat="49.589644" lon="5.594366">
        <ele>252.572335</ele>
        <time>2024-11-01T13:07:22.999Z</time>
      </trkpt>
      <trkpt lat="49.589760" lon="5.594404">
        <ele>252.918727</ele>
        <time>2024-11-01T13:07:25.999Z</time>
      </trkpt>
      <trkpt lat="49.589879" lon="5.594461">
        <ele>253.282696</ele>
        <time>2024-11-01T13:07:28.999Z</time>
      </trkpt>
      <trkpt lat="49.589993" lon="5.594519">
        <ele>253.633334</ele>
        <time>2024-11-01T13:07:31.999Z</time>
      </trkpt>
      <trkpt lat="49.590093" lon="5.594572">
        <ele>253.942193</ele>
        <time>2024-11-01T13:07:34.999Z</time>
      </trkpt>
      <trkpt lat="49.590196" lon="5.594634">
        <ele>254.265149</ele>
        <time>2024-11-01T13:07:37.999Z</time>
      </trkpt>
      <trkpt lat="49.590296" lon="5.594698">
        <ele>254.581390</ele>
        <time>2024-11-01T13:07:40.999Z</time>
      </trkpt>
      <trkpt lat="49.590399" lon="5.594781">
        <ele>254.920828</ele>
        <time>2024-11-01T13:07:43.999Z</time>
      </trkpt>
      <trkpt lat="49.590511" lon="5.594860">
        <ele>255.280557</ele>
        <time>2024-11-01T13:07:46.999Z</time>
      </trkpt>
      <trkpt lat="49.590617" lon="5.594958">
        <ele>255.641532</ele>
        <time>2024-11-01T13:07:49.999Z</time>
      </trkpt>
      <trkpt lat="49.590732" lon="5.595060">
        <ele>256.029012</ele>
        <time>2024-11-01T13:07:52.999Z</time>
      </trkpt>
      <trkpt lat="49.590846" lon="5.595166">
        <ele>256.417818</ele>
        <time>2024-11-01T13:07:55.999Z</time>
      </trkpt>
      <trkpt lat="49.590968" lon="5.595266">
        <ele>256.821362</ele>
        <time>2024-11-01T13:07:58.999Z</time>
      </trkpt>
      <trkpt lat="49.591043" lon="5.595346">
        <ele>257.087707</ele>
        <time>2024-11-01T13:08:00.999Z</time>
      </trkpt>
      <trkpt lat="49.591160" lon="5.595450">
        <ele>257.295544</ele>
        <time>2024-11-01T13:08:03.998Z</time>
      </trkpt>
      <trkpt lat="49.591278" lon="5.595554">
        <ele>257.322656</ele>
        <time>2024-11-01T13:08:06.998Z</time>
      </trkpt>
      <trkpt lat="49.591379" lon="5.595668">
        <ele>257.347624</ele>
        <time>2024-11-01T13:08:09.998Z</time>
      </trkpt>
      <trkpt lat="49.591455" lon="5.595746">
        <ele>257.365835</ele>
        <time>2024-11-01T13:08:11.998Z</time>
      </trkpt>
      <trkpt lat="49.591537" lon="5.595816">
        <ele>257.384532</ele>
        <time>2024-11-01T13:08:13.998Z</time>
      </trkpt>
      <trkpt lat="49.591648" lon="5.595912">
        <ele>257.409920</ele>
        <time>2024-11-01T13:08:16.998Z</time>
      </trkpt>
      <trkpt lat="49.591759" lon="5.596018">
        <ele>257.435964</ele>
        <time>2024-11-01T13:08:19.998Z</time>
      </trkpt>
      <trkpt lat="49.591876" lon="5.596122">
        <ele>257.462904</ele>
        <time>2024-11-01T13:08:22.998Z</time>
      </trkpt>
      <trkpt lat="49.591991" lon="5.596219">
        <ele>257.489053</ele>
        <time>2024-11-01T13:08:25.998Z</time>
      </trkpt>
      <trkpt lat="49.592073" lon="5.596283">
        <ele>257.507386</ele>
        <time>2024-11-01T13:08:27.998Z</time>
      </trkpt>
      <trkpt lat="49.592153" lon="5.596359">
        <ele>257.526130</ele>
        <time>2024-11-01T13:08:29.998Z</time>
      </trkpt>
      <trkpt lat="49.592233" lon="5.596426">
        <ele>257.544291</ele>
        <time>2024-11-01T13:08:31.998Z</time>
      </trkpt>
      <trkpt lat="49.592317" lon="5.596491">
        <ele>257.563039</ele>
        <time>2024-11-01T13:08:33.998Z</time>
      </trkpt>
      <trkpt lat="49.592397" lon="5.596556">
        <ele>257.581078</ele>
        <time>2024-11-01T13:08:35.998Z</time>
      </trkpt>
      <trkpt lat="49.592478" lon="5.596617">
        <ele>257.599060</ele>
        <time>2024-11-01T13:08:37.998Z</time>
      </trkpt>
      <trkpt lat="49.592600" lon="5.596698">
        <ele>257.625558</ele>
        <time>2024-11-01T13:08:40.999Z</time>
      </trkpt>
      <trkpt lat="49.592718" lon="5.596777">
        <ele>257.759836</ele>
        <time>2024-11-01T13:08:43.999Z</time>
      </trkpt>
      <trkpt lat="49.592841" lon="5.596851">
        <ele>258.058120</ele>
        <time>2024-11-01T13:08:46.999Z</time>
      </trkpt>
      <trkpt lat="49.592967" lon="5.596914">
        <ele>258.357377</ele>
        <time>2024-11-01T13:08:49.999Z</time>
      </trkpt>
      <trkpt lat="49.593084" lon="5.596977">
        <ele>258.637360</ele>
        <time>2024-11-01T13:08:52.999Z</time>
      </trkpt>
      <trkpt lat="49.593209" lon="5.597026">
        <ele>258.928753</ele>
        <time>2024-11-01T13:08:55.999Z</time>
      </trkpt>
      <trkpt lat="49.593328" lon="5.597071">
        <ele>259.205575</ele>
        <time>2024-11-01T13:08:58.999Z</time>
      </trkpt>
      <trkpt lat="49.593450" lon="5.597118">
        <ele>259.489680</ele>
        <time>2024-11-01T13:09:01.999Z</time>
      </trkpt>
      <trkpt lat="49.593581" lon="5.597153">
        <ele>259.790060</ele>
        <time>2024-11-01T13:09:04.999Z</time>
      </trkpt>
      <trkpt lat="49.593716" lon="5.597193">
        <ele>260.100647</ele>
        <time>2024-11-01T13:09:07.999Z</time>
      </trkpt>
      <trkpt lat="49.593810" lon="5.597203">
        <ele>260.313530</ele>
        <time>2024-11-01T13:09:09.999Z</time>
      </trkpt>
      <trkpt lat="49.593938" lon="5.597215">
        <ele>260.603260</ele>
        <time>2024-11-01T13:09:12.999Z</time>
      </trkpt>
      <trkpt lat="49.594070" lon="5.597222">
        <ele>260.901670</ele>
        <time>2024-11-01T13:09:15.999Z</time>
      </trkpt>
      <trkpt lat="49.594204" lon="5.597236">
        <ele>261.205116</ele>
        <time>2024-11-01T13:09:18.999Z</time>
      </trkpt>
      <trkpt lat="49.594338" lon="5.597239">
        <ele>261.507901</ele>
        <time>2024-11-01T13:09:21.999Z</time>
      </trkpt>
      <trkpt lat="49.594455" lon="5.597231">
        <ele>261.743860</ele>
        <time>2024-11-01T13:09:24.999Z</time>
      </trkpt>
      <trkpt lat="49.594571" lon="5.597239">
        <ele>261.895762</ele>
        <time>2024-11-01T13:09:27.999Z</time>
      </trkpt>
      <trkpt lat="49.594660" lon="5.597217">
        <ele>262.013677</ele>
        <time>2024-11-01T13:09:29.999Z</time>
      </trkpt>
      <trkpt lat="49.594787" lon="5.597196">
        <ele>262.180770</ele>
        <time>2024-11-01T13:09:32.999Z</time>
      </trkpt>
      <trkpt lat="49.594917" lon="5.597178">
        <ele>262.351519</ele>
        <time>2024-11-01T13:09:35.999Z</time>
      </trkpt>
      <trkpt lat="49.595008" lon="5.597158">
        <ele>262.471767</ele>
        <time>2024-11-01T13:09:37.999Z</time>
      </trkpt>
      <trkpt lat="49.595139" lon="5.597122">
        <ele>262.645839</ele>
        <time>2024-11-01T13:09:40.999Z</time>
      </trkpt>
      <trkpt lat="49.595256" lon="5.597098">
        <ele>262.800245</ele>
        <time>2024-11-01T13:09:43.999Z</time>
      </trkpt>
      <trkpt lat="49.595383" lon="5.597051">
        <ele>262.971100</ele>
        <time>2024-11-01T13:09:46.999Z</time>
      </trkpt>
      <trkpt lat="49.595506" lon="5.596994">
        <ele>263.139111</ele>
        <time>2024-11-01T13:09:49.999Z</time>
      </trkpt>
      <trkpt lat="49.595625" lon="5.596945">
        <ele>263.300236</ele>
        <time>2024-11-01T13:09:52.999Z</time>
      </trkpt>
      <trkpt lat="49.595713" lon="5.596901">
        <ele>263.421252</ele>
        <time>2024-11-01T13:09:54.999Z</time>
      </trkpt>
      <trkpt lat="49.595835" lon="5.596839">
        <ele>263.589288</ele>
        <time>2024-11-01T13:09:57.999Z</time>
      </trkpt>
      <trkpt lat="49.595957" lon="5.596773">
        <ele>263.758416</ele>
        <time>2024-11-01T13:10:00.998Z</time>
      </trkpt>
      <trkpt lat="49.596073" lon="5.596704">
        <ele>263.921055</ele>
        <time>2024-11-01T13:10:03.998Z</time>
      </trkpt>
      <trkpt lat="49.596200" lon="5.596626">
        <ele>264.126553</ele>
        <time>2024-11-01T13:10:06.998Z</time>
      </trkpt>
      <trkpt lat="49.596313" lon="5.596560">
        <ele>264.383991</ele>
        <time>2024-11-01T13:10:09.998Z</time>
      </trkpt>
      <trkpt lat="49.596396" lon="5.596506">
        <ele>264.575915</ele>
        <time>2024-11-01T13:10:11.998Z</time>
      </trkpt>
      <trkpt lat="49.596481" lon="5.596461">
        <ele>264.767385</ele>
        <time>2024-11-01T13:10:13.998Z</time>
      </trkpt>
      <trkpt lat="49.596603" lon="5.596388">
        <ele>265.046187</ele>
        <time>2024-11-01T13:10:16.998Z</time>
      </trkpt>
      <trkpt lat="49.596690" lon="5.596341">
        <ele>265.242588</ele>
        <time>2024-11-01T13:10:18.998Z</time>
      </trkpt>
      <trkpt lat="49.596774" lon="5.596287">
        <ele>265.436477</ele>
        <time>2024-11-01T13:10:20.998Z</time>
      </trkpt>
      <trkpt lat="49.596899" lon="5.596221">
        <ele>265.717971</ele>
        <time>2024-11-01T13:10:23.998Z</time>
      </trkpt>
      <trkpt lat="49.596982" lon="5.596167">
        <ele>265.909894</ele>
        <time>2024-11-01T13:10:25.998Z</time>
      </trkpt>
      <trkpt lat="49.597103" lon="5.596094">
        <ele>266.186711</ele>
        <time>2024-11-01T13:10:28.998Z</time>
      </trkpt>
      <trkpt lat="49.597225" lon="5.596024">
        <ele>266.464042</ele>
        <time>2024-11-01T13:10:31.998Z</time>
      </trkpt>
      <trkpt lat="49.597341" lon="5.595954">
        <ele>266.729429</ele>
        <time>2024-11-01T13:10:34.998Z</time>
      </trkpt>
      <trkpt lat="49.597432" lon="5.595910">
        <ele>266.932615</ele>
        <time>2024-11-01T13:10:36.998Z</time>
      </trkpt>
      <trkpt lat="49.597553" lon="5.595838">
        <ele>267.208932</ele>
        <time>2024-11-01T13:10:39.998Z</time>
      </trkpt>
      <trkpt lat="49.597665" lon="5.595757">
        <ele>267.472480</ele>
        <time>2024-11-01T13:10:42.998Z</time>
      </trkpt>
      <trkpt lat="49.597791" lon="5.595693">
        <ele>267.755114</ele>
        <time>2024-11-01T13:10:45.999Z</time>
      </trkpt>
      <trkpt lat="49.597900" lon="5.595629">
        <ele>267.969848</ele>
        <time>2024-11-01T13:10:48.999Z</time>
      </trkpt>
      <trkpt lat="49.598024" lon="5.595566">
        <ele>268.165571</ele>
        <time>2024-11-01T13:10:51.999Z</time>
      </trkpt>
      <trkpt lat="49.598141" lon="5.595484">
        <ele>268.358229</ele>
        <time>2024-11-01T13:10:54.999Z</time>
      </trkpt>
      <trkpt lat="49.598262" lon="5.595414">
        <ele>268.551968</ele>
        <time>2024-11-01T13:10:57.999Z</time>
      </trkpt>
      <trkpt lat="49.598385" lon="5.595338">
        <ele>268.750609</ele>
        <time>2024-11-01T13:11:00.999Z</time>
      </trkpt>
      <trkpt lat="49.598470" lon="5.595284">
        <ele>268.888423</ele>
        <time>2024-11-01T13:11:02.999Z</time>
      </trkpt>
      <trkpt lat="49.598558" lon="5.595238">
        <ele>269.027721</ele>
        <time>2024-11-01T13:11:04.999Z</time>
      </trkpt>
      <trkpt lat="49.598680" lon="5.595155">
        <ele>269.227617</ele>
        <time>2024-11-01T13:11:07.999Z</time>
      </trkpt>
      <trkpt lat="49.598799" lon="5.595079">
        <ele>269.420705</ele>
        <time>2024-11-01T13:11:10.999Z</time>
      </trkpt>
      <trkpt lat="49.598892" lon="5.595031">
        <ele>269.567726</ele>
        <time>2024-11-01T13:11:12.999Z</time>
      </trkpt>
      <trkpt lat="49.598975" lon="5.594974">
        <ele>269.703931</ele>
        <time>2024-11-01T13:11:14.999Z</time>
      </trkpt>
      <trkpt lat="49.599095" lon="5.594899">
        <ele>269.898038</ele>
        <time>2024-11-01T13:11:17.999Z</time>
      </trkpt>
      <trkpt lat="49.599185" lon="5.594854">
        <ele>270.039876</ele>
        <time>2024-11-01T13:11:19.999Z</time>
      </trkpt>
      <trkpt lat="49.599269" lon="5.594792">
        <ele>270.179478</ele>
        <time>2024-11-01T13:11:21.999Z</time>
      </trkpt>
      <trkpt lat="49.599356" lon="5.594744">
        <ele>270.317999</ele>
        <time>2024-11-01T13:11:23.999Z</time>
      </trkpt>
      <trkpt lat="49.599443" lon="5.594695">
        <ele>270.456849</ele>
        <time>2024-11-01T13:11:25.999Z</time>
      </trkpt>
      <trkpt lat="49.599566" lon="5.594615">
        <ele>270.446992</ele>
        <time>2024-11-01T13:11:28.999Z</time>
      </trkpt>
      <trkpt lat="49.599691" lon="5.594555">
        <ele>270.060426</ele>
        <time>2024-11-01T13:11:31.999Z</time>
      </trkpt>
      <trkpt lat="49.599770" lon="5.594445">
        <ele>269.746195</ele>
        <time>2024-11-01T13:11:34.999Z</time>
      </trkpt>
      <trkpt lat="49.599785" lon="5.594251">
        <ele>269.372273</ele>
        <time>2024-11-01T13:11:37.999Z</time>
      </trkpt>
      <trkpt lat="49.599840" lon="5.594139">
        <ele>269.103341</ele>
        <time>2024-11-01T13:11:39.999Z</time>
      </trkpt>
      <trkpt lat="49.599950" lon="5.594028">
        <ele>268.715218</ele>
        <time>2024-11-01T13:11:42.999Z</time>
      </trkpt>
      <trkpt lat="49.600039" lon="5.593988">
        <ele>268.441484</ele>
        <time>2024-11-01T13:11:44.999Z</time>
      </trkpt>
      <trkpt lat="49.600129" lon="5.593932">
        <ele>268.154924</ele>
        <time>2024-11-01T13:11:46.999Z</time>
      </trkpt>
      <trkpt lat="49.600207" lon="5.593854">
        <ele>267.880450</ele>
        <time>2024-11-01T13:11:48.999Z</time>
      </trkpt>
      <trkpt lat="49.600251" lon="5.593729">
        <ele>267.608213</ele>
        <time>2024-11-01T13:11:50.999Z</time>
      </trkpt>
      <trkpt lat="49.600271" lon="5.593537">
        <ele>267.236040</ele>
        <time>2024-11-01T13:11:53.999Z</time>
      </trkpt>
      <trkpt lat="49.600277" lon="5.593341">
        <ele>266.860508</ele>
        <time>2024-11-01T13:11:56.999Z</time>
      </trkpt>
      <trkpt lat="49.600273" lon="5.593178">
        <ele>266.548328</ele>
        <time>2024-11-01T13:11:58.999Z</time>
      </trkpt>
      <trkpt lat="49.600269" lon="5.593009">
        <ele>266.224673</ele>
        <time>2024-11-01T13:12:00.999Z</time>
      </trkpt>
      <trkpt lat="49.600279" lon="5.592818">
        <ele>265.857939</ele>
        <time>2024-11-01T13:12:02.999Z</time>
      </trkpt>
      <trkpt lat="49.600316" lon="5.592646">
        <ele>265.511100</ele>
        <time>2024-11-01T13:12:04.999Z</time>
      </trkpt>
      <trkpt lat="49.600418" lon="5.592511">
        <ele>265.977797</ele>
        <time>2024-11-01T13:12:06.998Z</time>
      </trkpt>
      <trkpt lat="49.600500" lon="5.592390">
        <ele>267.442900</ele>
        <time>2024-11-01T13:12:08.998Z</time>
      </trkpt>
      <trkpt lat="49.600609" lon="5.592287">
        <ele>269.093349</ele>
        <time>2024-11-01T13:12:10.998Z</time>
      </trkpt>
      <trkpt lat="49.600708" lon="5.592202">
        <ele>270.556281</ele>
        <time>2024-11-01T13:12:12.998Z</time>
      </trkpt>
      <trkpt lat="49.600815" lon="5.592114">
        <ele>272.121942</ele>
        <time>2024-11-01T13:12:15.998Z</time>
      </trkpt>
      <trkpt lat="49.600860" lon="5.591978">
        <ele>273.399838</ele>
        <time>2024-11-01T13:12:19.998Z</time>
      </trkpt>
      <trkpt lat="49.600888" lon="5.591832">
        <ele>274.674043</ele>
        <time>2024-11-01T13:12:23.998Z</time>
      </trkpt>
      <trkpt lat="49.600932" lon="5.591703">
        <ele>275.893984</ele>
        <time>2024-11-01T13:12:27.998Z</time>
      </trkpt>
      <trkpt lat="49.600960" lon="5.591558">
        <ele>277.160165</ele>
        <time>2024-11-01T13:12:31.998Z</time>
      </trkpt>
      <trkpt lat="49.600989" lon="5.591424">
        <ele>278.342441</ele>
        <time>2024-11-01T13:12:35.998Z</time>
      </trkpt>
      <trkpt lat="49.601004" lon="5.591268">
        <ele>279.662249</ele>
        <time>2024-11-01T13:12:39.998Z</time>
      </trkpt>
      <trkpt lat="49.601021" lon="5.591124">
        <ele>280.887172</ele>
        <time>2024-11-01T13:12:43.998Z</time>
      </trkpt>
      <trkpt lat="49.601035" lon="5.590971">
        <ele>282.180282</ele>
        <time>2024-11-01T13:12:47.998Z</time>
      </trkpt>
      <trkpt lat="49.601048" lon="5.590826">
        <ele>283.405299</ele>
        <time>2024-11-01T13:12:51.999Z</time>
      </trkpt>
      <trkpt lat="49.601058" lon="5.590667">
        <ele>284.742173</ele>
        <time>2024-11-01T13:12:55.999Z</time>
      </trkpt>
      <trkpt lat="49.601062" lon="5.590497">
        <ele>286.165788</ele>
        <time>2024-11-01T13:12:59.999Z</time>
      </trkpt>
      <trkpt lat="49.601086" lon="5.590319">
        <ele>287.687310</ele>
        <time>2024-11-01T13:13:03.999Z</time>
      </trkpt>
      <trkpt lat="49.601101" lon="5.590129">
        <ele>288.845834</ele>
        <time>2024-11-01T13:13:07.999Z</time>
      </trkpt>
      <trkpt lat="49.601108" lon="5.589948">
        <ele>289.510796</ele>
        <time>2024-11-01T13:13:11.999Z</time>
      </trkpt>
      <trkpt lat="49.601128" lon="5.589775">
        <ele>290.155254</ele>
        <time>2024-11-01T13:13:15.999Z</time>
      </trkpt>
      <trkpt lat="49.601136" lon="5.589605">
        <ele>290.780336</ele>
        <time>2024-11-01T13:13:19.999Z</time>
      </trkpt>
      <trkpt lat="49.601141" lon="5.589459">
        <ele>291.316508</ele>
        <time>2024-11-01T13:13:23.999Z</time>
      </trkpt>
      <trkpt lat="49.601155" lon="5.589286">
        <ele>291.955877</ele>
        <time>2024-11-01T13:13:27.999Z</time>
      </trkpt>
      <trkpt lat="49.601137" lon="5.589146">
        <ele>292.479304</ele>
        <time>2024-11-01T13:13:30.999Z</time>
      </trkpt>
      <trkpt lat="49.601090" lon="5.589012">
        <ele>293.038072</ele>
        <time>2024-11-01T13:13:33.999Z</time>
      </trkpt>
      <trkpt lat="49.601030" lon="5.588856">
        <ele>293.703327</ele>
        <time>2024-11-01T13:13:37.999Z</time>
      </trkpt>
      <trkpt lat="49.600954" lon="5.588764">
        <ele>294.249929</ele>
        <time>2024-11-01T13:13:40.999Z</time>
      </trkpt>
      <trkpt lat="49.600887" lon="5.588668">
        <ele>294.767306</ele>
        <time>2024-11-01T13:13:43.999Z</time>
      </trkpt>
      <trkpt lat="49.600810" lon="5.588588">
        <ele>295.292580</ele>
        <time>2024-11-01T13:13:46.999Z</time>
      </trkpt>
      <trkpt lat="49.600722" lon="5.588526">
        <ele>295.839984</ele>
        <time>2024-11-01T13:13:49.999Z</time>
      </trkpt>
      <trkpt lat="49.600627" lon="5.588467">
        <ele>296.419454</ele>
        <time>2024-11-01T13:13:52.999Z</time>
      </trkpt>
      <trkpt lat="49.600515" lon="5.588436">
        <ele>297.063322</ele>
        <time>2024-11-01T13:13:55.999Z</time>
      </trkpt>
      <trkpt lat="49.600394" lon="5.588414">
        <ele>297.752737</ele>
        <time>2024-11-01T13:13:58.999Z</time>
      </trkpt>
      <trkpt lat="49.600277" lon="5.588391">
        <ele>298.420133</ele>
        <time>2024-11-01T13:14:01.999Z</time>
      </trkpt>
      <trkpt lat="49.600147" lon="5.588410">
        <ele>299.141293</ele>
        <time>2024-11-01T13:14:04.999Z</time>
      </trkpt>
      <trkpt lat="49.600029" lon="5.588452">
        <ele>299.801282</ele>
        <time>2024-11-01T13:14:07.999Z</time>
      </trkpt>
      <trkpt lat="49.599937" lon="5.588532">
        <ele>300.376827</ele>
        <time>2024-11-01T13:14:10.999Z</time>
      </trkpt>
      <trkpt lat="49.599842" lon="5.588645">
        <ele>301.030571</ele>
        <time>2024-11-01T13:14:13.999Z</time>
      </trkpt>
      <trkpt lat="49.599782" lon="5.588780">
        <ele>301.608775</ele>
        <time>2024-11-01T13:14:16.999Z</time>
      </trkpt>
      <trkpt lat="49.599705" lon="5.588894">
        <ele>302.190372</ele>
        <time>2024-11-01T13:14:19.999Z</time>
      </trkpt>
      <trkpt lat="49.599634" lon="5.588983">
        <ele>302.688930</ele>
        <time>2024-11-01T13:14:22.999Z</time>
      </trkpt>
      <trkpt lat="49.599533" lon="5.589079">
        <ele>303.335445</ele>
        <time>2024-11-01T13:14:26.999Z</time>
      </trkpt>
      <trkpt lat="49.599440" lon="5.589145">
        <ele>303.893340</ele>
        <time>2024-11-01T13:14:29.998Z</time>
      </trkpt>
      <trkpt lat="49.599344" lon="5.589147">
        <ele>304.416587</ele>
        <time>2024-11-01T13:14:32.998Z</time>
      </trkpt>
      <trkpt lat="49.599246" lon="5.589159">
        <ele>304.952365</ele>
        <time>2024-11-01T13:14:35.998Z</time>
      </trkpt>
      <trkpt lat="49.599144" lon="5.589159">
        <ele>305.508264</ele>
        <time>2024-11-01T13:14:38.998Z</time>
      </trkpt>
      <trkpt lat="49.599052" lon="5.589148">
        <ele>306.011167</ele>
        <time>2024-11-01T13:14:41.998Z</time>
      </trkpt>
      <trkpt lat="49.598946" lon="5.589158">
        <ele>306.589945</ele>
        <time>2024-11-01T13:14:44.998Z</time>
      </trkpt>
      <trkpt lat="49.598817" lon="5.589160">
        <ele>307.293029</ele>
        <time>2024-11-01T13:14:47.998Z</time>
      </trkpt>
      <trkpt lat="49.598704" lon="5.589127">
        <ele>307.919813</ele>
        <time>2024-11-01T13:14:50.998Z</time>
      </trkpt>
      <trkpt lat="49.598580" lon="5.589099">
        <ele>308.343568</ele>
        <time>2024-11-01T13:14:53.998Z</time>
      </trkpt>
      <trkpt lat="49.598454" lon="5.589047">
        <ele>307.550693</ele>
        <time>2024-11-01T13:14:56.998Z</time>
      </trkpt>
      <trkpt lat="49.598357" lon="5.589040">
        <ele>306.960391</ele>
        <time>2024-11-01T13:14:58.999Z</time>
      </trkpt>
      <trkpt lat="49.598267" lon="5.589007">
        <ele>306.398049</ele>
        <time>2024-11-01T13:15:00.999Z</time>
      </trkpt>
      <trkpt lat="49.598161" lon="5.588993">
        <ele>305.751324</ele>
        <time>2024-11-01T13:15:02.999Z</time>
      </trkpt>
      <trkpt lat="49.598062" lon="5.588964">
        <ele>305.138758</ele>
        <time>2024-11-01T13:15:04.999Z</time>
      </trkpt>
      <trkpt lat="49.597944" lon="5.588953">
        <ele>304.420135</ele>
        <time>2024-11-01T13:15:06.999Z</time>
      </trkpt>
      <trkpt lat="49.597829" lon="5.588929">
        <ele>303.714690</ele>
        <time>2024-11-01T13:15:08.999Z</time>
      </trkpt>
      <trkpt lat="49.597710" lon="5.588920">
        <ele>302.990427</ele>
        <time>2024-11-01T13:15:10.999Z</time>
      </trkpt>
      <trkpt lat="49.597613" lon="5.588921">
        <ele>302.400756</ele>
        <time>2024-11-01T13:15:12.999Z</time>
      </trkpt>
      <trkpt lat="49.597485" lon="5.588965">
        <ele>301.603573</ele>
        <time>2024-11-01T13:15:15.999Z</time>
      </trkpt>
      <trkpt lat="49.597382" lon="5.589017">
        <ele>300.944772</ele>
        <time>2024-11-01T13:15:17.999Z</time>
      </trkpt>
      <trkpt lat="49.597273" lon="5.589072">
        <ele>300.247631</ele>
        <time>2024-11-01T13:15:19.999Z</time>
      </trkpt>
      <trkpt lat="49.597152" lon="5.589137">
        <ele>299.468767</ele>
        <time>2024-11-01T13:15:21.999Z</time>
      </trkpt>
      <trkpt lat="49.597027" lon="5.589237">
        <ele>298.612821</ele>
        <time>2024-11-01T13:15:23.999Z</time>
      </trkpt>
      <trkpt lat="49.596894" lon="5.589361">
        <ele>297.668163</ele>
        <time>2024-11-01T13:15:25.999Z</time>
      </trkpt>
      <trkpt lat="49.596746" lon="5.589478">
        <ele>296.610181</ele>
        <time>2024-11-01T13:15:27.999Z</time>
      </trkpt>
      <trkpt lat="49.596601" lon="5.589560">
        <ele>295.621691</ele>
        <time>2024-11-01T13:15:29.999Z</time>
      </trkpt>
      <trkpt lat="49.596455" lon="5.589676">
        <ele>294.570545</ele>
        <time>2024-11-01T13:15:31.999Z</time>
      </trkpt>
      <trkpt lat="49.596344" lon="5.589817">
        <ele>293.650232</ele>
        <time>2024-11-01T13:15:33.999Z</time>
      </trkpt>
      <trkpt lat="49.596263" lon="5.590011">
        <ele>292.692841</ele>
        <time>2024-11-01T13:15:35.999Z</time>
      </trkpt>
      <trkpt lat="49.596190" lon="5.590194">
        <ele>291.801356</ele>
        <time>2024-11-01T13:15:37.999Z</time>
      </trkpt>
      <trkpt lat="49.596090" lon="5.590345">
        <ele>290.905727</ele>
        <time>2024-11-01T13:15:39.999Z</time>
      </trkpt>
      <trkpt lat="49.596001" lon="5.590532">
        <ele>289.943222</ele>
        <time>2024-11-01T13:15:41.999Z</time>
      </trkpt>
      <trkpt lat="49.595891" lon="5.590655">
        <ele>289.073661</ele>
        <time>2024-11-01T13:15:43.999Z</time>
      </trkpt>
      <trkpt lat="49.595784" lon="5.590755">
        <ele>288.272922</ele>
        <time>2024-11-01T13:15:45.999Z</time>
      </trkpt>
      <trkpt lat="49.595645" lon="5.590804">
        <ele>287.360290</ele>
        <time>2024-11-01T13:15:47.999Z</time>
      </trkpt>
      <trkpt lat="49.595514" lon="5.590819">
        <ele>286.519489</ele>
        <time>2024-11-01T13:15:49.999Z</time>
      </trkpt>
      <trkpt lat="49.595385" lon="5.590825">
        <ele>285.764851</ele>
        <time>2024-11-01T13:15:51.999Z</time>
      </trkpt>
      <trkpt lat="49.595246" lon="5.590846">
        <ele>285.058510</ele>
        <time>2024-11-01T13:15:53.999Z</time>
      </trkpt>
      <trkpt lat="49.595103" lon="5.590884">
        <ele>284.324651</ele>
        <time>2024-11-01T13:15:55.999Z</time>
      </trkpt>
      <trkpt lat="49.594971" lon="5.590918">
        <ele>283.647834</ele>
        <time>2024-11-01T13:15:57.999Z</time>
      </trkpt>
      <trkpt lat="49.594855" lon="5.590992">
        <ele>283.012999</ele>
        <time>2024-11-01T13:15:59.999Z</time>
      </trkpt>
      <trkpt lat="49.594729" lon="5.591054">
        <ele>282.344138</ele>
        <time>2024-11-01T13:16:01.999Z</time>
      </trkpt>
      <trkpt lat="49.594601" lon="5.591115">
        <ele>281.666609</ele>
        <time>2024-11-01T13:16:03.999Z</time>
      </trkpt>
      <trkpt lat="49.594469" lon="5.591181">
        <ele>280.964846</ele>
        <time>2024-11-01T13:16:05.999Z</time>
      </trkpt>
      <trkpt lat="49.594352" lon="5.591227">
        <ele>280.354217</ele>
        <time>2024-11-01T13:16:07.999Z</time>
      </trkpt>
      <trkpt lat="49.594242" lon="5.591271">
        <ele>279.779508</ele>
        <time>2024-11-01T13:16:09.999Z</time>
      </trkpt>
      <trkpt lat="49.594119" lon="5.591302">
        <ele>279.149201</ele>
        <time>2024-11-01T13:16:11.999Z</time>
      </trkpt>
      <trkpt lat="49.593997" lon="5.591328">
        <ele>278.526338</ele>
        <time>2024-11-01T13:16:13.999Z</time>
      </trkpt>
      <trkpt lat="49.593875" lon="5.591318">
        <ele>277.908464</ele>
        <time>2024-11-01T13:16:15.999Z</time>
      </trkpt>
      <trkpt lat="49.593742" lon="5.591311">
        <ele>277.235438</ele>
        <time>2024-11-01T13:16:17.999Z</time>
      </trkpt>
      <trkpt lat="49.593605" lon="5.591290">
        <ele>276.237194</ele>
        <time>2024-11-01T13:16:19.999Z</time>
      </trkpt>
      <trkpt lat="49.593463" lon="5.591274">
        <ele>274.971017</ele>
        <time>2024-11-01T13:16:21.999Z</time>
      </trkpt>
      <trkpt lat="49.593314" lon="5.591278">
        <ele>273.645753</ele>
        <time>2024-11-01T13:16:23.999Z</time>
      </trkpt>
      <trkpt lat="49.593160" lon="5.591301">
        <ele>272.269821</ele>
        <time>2024-11-01T13:16:25.999Z</time>
      </trkpt>
      <trkpt lat="49.593011" lon="5.591323">
        <ele>270.938702</ele>
        <time>2024-11-01T13:16:27.999Z</time>
      </trkpt>
      <trkpt lat="49.592851" lon="5.591351">
        <ele>269.506690</ele>
        <time>2024-11-01T13:16:29.999Z</time>
      </trkpt>
      <trkpt lat="49.592680" lon="5.591414">
        <ele>267.943215</ele>
        <time>2024-11-01T13:16:31.998Z</time>
      </trkpt>
      <trkpt lat="49.592523" lon="5.591528">
        <ele>266.400079</ele>
        <time>2024-11-01T13:16:33.998Z</time>
      </trkpt>
      <trkpt lat="49.592446" lon="5.591613">
        <ele>265.558059</ele>
        <time>2024-11-01T13:16:34.998Z</time>
      </trkpt>
      <trkpt lat="49.592360" lon="5.591705">
        <ele>264.627365</ele>
        <time>2024-11-01T13:16:35.998Z</time>
      </trkpt>
      <trkpt lat="49.592273" lon="5.591786">
        <ele>263.723686</ele>
        <time>2024-11-01T13:16:36.998Z</time>
      </trkpt>
      <trkpt lat="49.592185" lon="5.591872">
        <ele>262.797282</ele>
        <time>2024-11-01T13:16:37.998Z</time>
      </trkpt>
      <trkpt lat="49.592094" lon="5.591951">
        <ele>261.868675</ele>
        <time>2024-11-01T13:16:38.998Z</time>
      </trkpt>
      <trkpt lat="49.592004" lon="5.592019">
        <ele>260.977461</ele>
        <time>2024-11-01T13:16:39.998Z</time>
      </trkpt>
      <trkpt lat="49.591918" lon="5.592070">
        <ele>260.246508</ele>
        <time>2024-11-01T13:16:40.998Z</time>
      </trkpt>
      <trkpt lat="49.591822" lon="5.592093">
        <ele>259.479994</ele>
        <time>2024-11-01T13:16:41.998Z</time>
      </trkpt>
      <trkpt lat="49.591716" lon="5.592115">
        <ele>258.636127</ele>
        <time>2024-11-01T13:16:42.998Z</time>
      </trkpt>
      <trkpt lat="49.591600" lon="5.592121">
        <ele>257.720380</ele>
        <time>2024-11-01T13:16:43.998Z</time>
      </trkpt>
      <trkpt lat="49.591496" lon="5.592109">
        <ele>256.897536</ele>
        <time>2024-11-01T13:16:44.998Z</time>
      </trkpt>
      <trkpt lat="49.591399" lon="5.592126">
        <ele>256.127289</ele>
        <time>2024-11-01T13:16:45.998Z</time>
      </trkpt>
      <trkpt lat="49.591252" lon="5.592236">
        <ele>254.838220</ele>
        <time>2024-11-01T13:16:47.998Z</time>
      </trkpt>
      <trkpt lat="49.591167" lon="5.592304">
        <ele>254.082759</ele>
        <time>2024-11-01T13:16:48.998Z</time>
      </trkpt>
      <trkpt lat="49.591076" lon="5.592350">
        <ele>253.327212</ele>
        <time>2024-11-01T13:16:49.998Z</time>
      </trkpt>
      <trkpt lat="49.590982" lon="5.592414">
        <ele>252.516535</ele>
        <time>2024-11-01T13:16:50.998Z</time>
      </trkpt>
      <trkpt lat="49.590895" lon="5.592488">
        <ele>251.732684</ele>
        <time>2024-11-01T13:16:51.998Z</time>
      </trkpt>
      <trkpt lat="49.590814" lon="5.592558">
        <ele>251.000149</ele>
        <time>2024-11-01T13:16:52.998Z</time>
      </trkpt>
      <trkpt lat="49.590721" lon="5.592595">
        <ele>250.242375</ele>
        <time>2024-11-01T13:16:53.998Z</time>
      </trkpt>
      <trkpt lat="49.590544" lon="5.592657">
        <ele>248.810307</ele>
        <time>2024-11-01T13:16:55.998Z</time>
      </trkpt>
      <trkpt lat="49.590386" lon="5.592706">
        <ele>247.538756</ele>
        <time>2024-11-01T13:16:57.998Z</time>
      </trkpt>
      <trkpt lat="49.590267" lon="5.592775">
        <ele>246.836519</ele>
        <time>2024-11-01T13:16:59.998Z</time>
      </trkpt>
      <trkpt lat="49.590184" lon="5.592848">
        <ele>247.137292</ele>
        <time>2024-11-01T13:17:03.999Z</time>
      </trkpt>
      <trkpt lat="49.590108" lon="5.592939">
        <ele>247.440158</ele>
        <time>2024-11-01T13:17:36.999Z</time>
      </trkpt>
      <trkpt lat="49.590032" lon="5.593103">
        <ele>247.851560</ele>
        <time>2024-11-01T13:17:39.999Z</time>
      </trkpt>
      <trkpt lat="49.589982" lon="5.593231">
        <ele>248.156533</ele>
        <time>2024-11-01T13:17:41.999Z</time>
      </trkpt>
      <trkpt lat="49.589914" lon="5.593401">
        <ele>248.564186</ele>
        <time>2024-11-01T13:17:44.999Z</time>
      </trkpt>
      <trkpt lat="49.589804" lon="5.593537">
        <ele>249.007968</ele>
        <time>2024-11-01T13:17:47.999Z</time>
      </trkpt>
      <trkpt lat="49.589705" lon="5.593613">
        <ele>249.356084</ele>
        <time>2024-11-01T13:17:50.999Z</time>
      </trkpt>
      <trkpt lat="49.589616" lon="5.593648">
        <ele>249.645222</ele>
        <time>2024-11-01T13:17:54.999Z</time>
      </trkpt>
      <trkpt lat="49.589521" lon="5.593686">
        <ele>249.954177</ele>
        <time>2024-11-01T13:18:01.999Z</time>
      </trkpt>
      <trkpt lat="49.589789" lon="5.593865">
        <ele>250.873541</ele>
        <time>2024-11-01T13:19:10.999Z</time>
      </trkpt>
      <trkpt lat="49.589863" lon="5.593979">
        <ele>251.202770</ele>
        <time>2024-11-01T13:19:14.999Z</time>
      </trkpt>
      <trkpt lat="49.589925" lon="5.594083">
        <ele>251.491108</ele>
        <time>2024-11-01T13:19:17.999Z</time>
      </trkpt>
      <trkpt lat="49.589998" lon="5.594213">
        <ele>251.842097</ele>
        <time>2024-11-01T13:19:21.999Z</time>
      </trkpt>
      <trkpt lat="49.590064" lon="5.594331">
        <ele>252.160148</ele>
        <time>2024-11-01T13:19:25.999Z</time>
      </trkpt>
      <trkpt lat="49.590133" lon="5.594444">
        <ele>252.463603</ele>
        <time>2024-11-01T13:19:30.999Z</time>
      </trkpt>
      <trkpt lat="49.590171" lon="5.594579">
        <ele>252.701339</ele>
        <time>2024-11-01T13:19:50.999Z</time>
      </trkpt>
      <trkpt lat="49.590285" lon="5.594640">
        <ele>253.002007</ele>
        <time>2024-11-01T13:19:58.999Z</time>
      </trkpt>
      <trkpt lat="49.590368" lon="5.594718">
        <ele>253.244180</ele>
        <time>2024-11-01T13:20:01.999Z</time>
      </trkpt>
      <trkpt lat="49.590464" lon="5.594785">
        <ele>253.506734</ele>
        <time>2024-11-01T13:20:05.999Z</time>
      </trkpt>
      <trkpt lat="49.590550" lon="5.594871">
        <ele>253.762114</ele>
        <time>2024-11-01T13:20:08.999Z</time>
      </trkpt>
      <trkpt lat="49.590639" lon="5.594947">
        <ele>254.015594</ele>
        <time>2024-11-01T13:20:11.999Z</time>
      </trkpt>
      <trkpt lat="49.590722" lon="5.595033">
        <ele>254.264735</ele>
        <time>2024-11-01T13:20:14.999Z</time>
      </trkpt>
      <trkpt lat="49.590808" lon="5.595113">
        <ele>254.514975</ele>
        <time>2024-11-01T13:20:17.999Z</time>
      </trkpt>
      <trkpt lat="49.590906" lon="5.595204">
        <ele>254.799996</ele>
        <time>2024-11-01T13:20:20.999Z</time>
      </trkpt>
      <trkpt lat="49.591004" lon="5.595291">
        <ele>255.081740</ele>
        <time>2024-11-01T13:20:23.999Z</time>
      </trkpt>
      <trkpt lat="49.591114" lon="5.595389">
        <ele>255.398263</ele>
        <time>2024-11-01T13:20:26.999Z</time>
      </trkpt>
      <trkpt lat="49.591212" lon="5.595493">
        <ele>255.694660</ele>
        <time>2024-11-01T13:20:29.999Z</time>
      </trkpt>
      <trkpt lat="49.591301" lon="5.595579">
        <ele>255.956343</ele>
        <time>2024-11-01T13:20:32.999Z</time>
      </trkpt>
      <trkpt lat="49.591377" lon="5.595661">
        <ele>256.187442</ele>
        <time>2024-11-01T13:20:35.999Z</time>
      </trkpt>
      <trkpt lat="49.591478" lon="5.595763">
        <ele>256.488245</ele>
        <time>2024-11-01T13:20:38.999Z</time>
      </trkpt>
      <trkpt lat="49.591578" lon="5.595858">
        <ele>256.780882</ele>
        <time>2024-11-01T13:20:41.999Z</time>
      </trkpt>
      <trkpt lat="49.591658" lon="5.595927">
        <ele>256.921050</ele>
        <time>2024-11-01T13:20:43.999Z</time>
      </trkpt>
      <trkpt lat="49.591762" lon="5.596029">
        <ele>256.991514</ele>
        <time>2024-11-01T13:20:46.999Z</time>
      </trkpt>
      <trkpt lat="49.591841" lon="5.596097">
        <ele>257.043239</ele>
        <time>2024-11-01T13:20:48.999Z</time>
      </trkpt>
      <trkpt lat="49.591933" lon="5.596171">
        <ele>257.102563</ele>
        <time>2024-11-01T13:20:50.999Z</time>
      </trkpt>
      <trkpt lat="49.592031" lon="5.596252">
        <ele>257.166133</ele>
        <time>2024-11-01T13:20:52.999Z</time>
      </trkpt>
      <trkpt lat="49.592127" lon="5.596329">
        <ele>257.227998</ele>
        <time>2024-11-01T13:20:54.999Z</time>
      </trkpt>
      <trkpt lat="49.592217" lon="5.596421">
        <ele>257.289730</ele>
        <time>2024-11-01T13:20:56.999Z</time>
      </trkpt>
      <trkpt lat="49.592311" lon="5.596495">
        <ele>257.350070</ele>
        <time>2024-11-01T13:20:58.999Z</time>
      </trkpt>
      <trkpt lat="49.592414" lon="5.596573">
        <ele>257.415675</ele>
        <time>2024-11-01T13:21:00.999Z</time>
      </trkpt>
      <trkpt lat="49.592513" lon="5.596639">
        <ele>257.477340</ele>
        <time>2024-11-01T13:21:02.999Z</time>
      </trkpt>
      <trkpt lat="49.592606" lon="5.596698">
        <ele>257.534835</ele>
        <time>2024-11-01T13:21:04.999Z</time>
      </trkpt>
      <trkpt lat="49.592698" lon="5.596763">
        <ele>257.592693</ele>
        <time>2024-11-01T13:21:06.999Z</time>
      </trkpt>
      <trkpt lat="49.592789" lon="5.596817">
        <ele>257.648440</ele>
        <time>2024-11-01T13:21:08.999Z</time>
      </trkpt>
      <trkpt lat="49.592877" lon="5.596860">
        <ele>257.701220</ele>
        <time>2024-11-01T13:21:10.999Z</time>
      </trkpt>
      <trkpt lat="49.592971" lon="5.596905">
        <ele>257.757494</ele>
        <time>2024-11-01T13:21:12.999Z</time>
      </trkpt>
      <trkpt lat="49.593096" lon="5.596975">
        <ele>257.833529</ele>
        <time>2024-11-01T13:21:15.999Z</time>
      </trkpt>
      <trkpt lat="49.593192" lon="5.597018">
        <ele>257.890686</ele>
        <time>2024-11-01T13:21:17.999Z</time>
      </trkpt>
      <trkpt lat="49.593292" lon="5.597050">
        <ele>258.009104</ele>
        <time>2024-11-01T13:21:19.999Z</time>
      </trkpt>
      <trkpt lat="49.593382" lon="5.597086">
        <ele>258.185519</ele>
        <time>2024-11-01T13:21:21.999Z</time>
      </trkpt>
      <trkpt lat="49.593479" lon="5.597122">
        <ele>258.374821</ele>
        <time>2024-11-01T13:21:23.999Z</time>
      </trkpt>
      <trkpt lat="49.593581" lon="5.597156">
        <ele>258.572824</ele>
        <time>2024-11-01T13:21:25.999Z</time>
      </trkpt>
      <trkpt lat="49.593678" lon="5.597168">
        <ele>258.757465</ele>
        <time>2024-11-01T13:21:27.999Z</time>
      </trkpt>
      <trkpt lat="49.593780" lon="5.597198">
        <ele>258.954488</ele>
        <time>2024-11-01T13:21:29.999Z</time>
      </trkpt>
      <trkpt lat="49.593877" lon="5.597217">
        <ele>259.140016</ele>
        <time>2024-11-01T13:21:31.999Z</time>
      </trkpt>
      <trkpt lat="49.593979" lon="5.597238">
        <ele>259.335269</ele>
        <time>2024-11-01T13:21:33.999Z</time>
      </trkpt>
      <trkpt lat="49.594073" lon="5.597231">
        <ele>259.513835</ele>
        <time>2024-11-01T13:21:35.999Z</time>
      </trkpt>
      <trkpt lat="49.594177" lon="5.597230">
        <ele>259.711171</ele>
        <time>2024-11-01T13:21:37.999Z</time>
      </trkpt>
      <trkpt lat="49.594275" lon="5.597230">
        <ele>259.897118</ele>
        <time>2024-11-01T13:21:39.999Z</time>
      </trkpt>
      <trkpt lat="49.594370" lon="5.597232">
        <ele>260.077391</ele>
        <time>2024-11-01T13:21:41.999Z</time>
      </trkpt>
      <trkpt lat="49.594466" lon="5.597232">
        <ele>260.259543</ele>
        <time>2024-11-01T13:21:43.999Z</time>
      </trkpt>
      <trkpt lat="49.594558" lon="5.597225">
        <ele>260.434319</ele>
        <time>2024-11-01T13:21:45.999Z</time>
      </trkpt>
      <trkpt lat="49.594667" lon="5.597208">
        <ele>260.642192</ele>
        <time>2024-11-01T13:21:47.999Z</time>
      </trkpt>
      <trkpt lat="49.594770" lon="5.597201">
        <ele>260.837816</ele>
        <time>2024-11-01T13:21:49.999Z</time>
      </trkpt>
      <trkpt lat="49.594869" lon="5.597186">
        <ele>261.026565</ele>
        <time>2024-11-01T13:21:51.999Z</time>
      </trkpt>
      <trkpt lat="49.594969" lon="5.597173">
        <ele>261.216980</ele>
        <time>2024-11-01T13:21:53.999Z</time>
      </trkpt>
      <trkpt lat="49.595065" lon="5.597137">
        <ele>261.430251</ele>
        <time>2024-11-01T13:21:55.999Z</time>
      </trkpt>
      <trkpt lat="49.595156" lon="5.597123">
        <ele>261.669209</ele>
        <time>2024-11-01T13:21:57.999Z</time>
      </trkpt>
      <trkpt lat="49.595249" lon="5.597089">
        <ele>261.918943</ele>
        <time>2024-11-01T13:21:59.999Z</time>
      </trkpt>
      <trkpt lat="49.595350" lon="5.597063">
        <ele>262.186499</ele>
        <time>2024-11-01T13:22:01.999Z</time>
      </trkpt>
      <trkpt lat="49.595447" lon="5.597025">
        <ele>262.447999</ele>
        <time>2024-11-01T13:22:03.999Z</time>
      </trkpt>
      <trkpt lat="49.595546" lon="5.596985">
        <ele>262.715404</ele>
        <time>2024-11-01T13:22:05.999Z</time>
      </trkpt>
      <trkpt lat="49.595632" lon="5.596941">
        <ele>262.952152</ele>
        <time>2024-11-01T13:22:07.999Z</time>
      </trkpt>
      <trkpt lat="49.595727" lon="5.596889">
        <ele>263.215543</ele>
        <time>2024-11-01T13:22:09.999Z</time>
      </trkpt>
      <trkpt lat="49.595825" lon="5.596831">
        <ele>263.489807</ele>
        <time>2024-11-01T13:22:11.999Z</time>
      </trkpt>
      <trkpt lat="49.595919" lon="5.596791">
        <ele>263.744595</ele>
        <time>2024-11-01T13:22:13.999Z</time>
      </trkpt>
      <trkpt lat="49.596006" lon="5.596742">
        <ele>263.986596</ele>
        <time>2024-11-01T13:22:15.999Z</time>
      </trkpt>
      <trkpt lat="49.596097" lon="5.596686">
        <ele>264.242592</ele>
        <time>2024-11-01T13:22:17.999Z</time>
      </trkpt>
      <trkpt lat="49.596183" lon="5.596635">
        <ele>264.483334</ele>
        <time>2024-11-01T13:22:19.999Z</time>
      </trkpt>
      <trkpt lat="49.596271" lon="5.596588">
        <ele>264.726662</ele>
        <time>2024-11-01T13:22:21.999Z</time>
      </trkpt>
      <trkpt lat="49.596354" lon="5.596533">
        <ele>264.962695</ele>
        <time>2024-11-01T13:22:23.999Z</time>
      </trkpt>
      <trkpt lat="49.596450" lon="5.596485">
        <ele>265.226382</ele>
        <time>2024-11-01T13:22:25.999Z</time>
      </trkpt>
      <trkpt lat="49.596544" lon="5.596424">
        <ele>265.492842</ele>
        <time>2024-11-01T13:22:27.999Z</time>
      </trkpt>
      <trkpt lat="49.596638" lon="5.596382">
        <ele>265.748552</ele>
        <time>2024-11-01T13:22:29.999Z</time>
      </trkpt>
      <trkpt lat="49.596731" lon="5.596322">
        <ele>266.011947</ele>
        <time>2024-11-01T13:22:31.999Z</time>
      </trkpt>
      <trkpt lat="49.596816" lon="5.596270">
        <ele>266.211301</ele>
        <time>2024-11-01T13:22:33.999Z</time>
      </trkpt>
      <trkpt lat="49.596907" lon="5.596217">
        <ele>266.418709</ele>
        <time>2024-11-01T13:22:35.999Z</time>
      </trkpt>
      <trkpt lat="49.597005" lon="5.596164">
        <ele>266.640145</ele>
        <time>2024-11-01T13:22:37.999Z</time>
      </trkpt>
      <trkpt lat="49.597093" lon="5.596107">
        <ele>266.843656</ele>
        <time>2024-11-01T13:22:39.999Z</time>
      </trkpt>
      <trkpt lat="49.597185" lon="5.596062">
        <ele>267.049454</ele>
        <time>2024-11-01T13:22:41.999Z</time>
      </trkpt>
      <trkpt lat="49.597279" lon="5.595986">
        <ele>267.275748</ele>
        <time>2024-11-01T13:22:43.999Z</time>
      </trkpt>
      <trkpt lat="49.597416" lon="5.595918">
        <ele>267.582624</ele>
        <time>2024-11-01T13:22:46.999Z</time>
      </trkpt>
      <trkpt lat="49.597513" lon="5.595853">
        <ele>267.808127</ele>
        <time>2024-11-01T13:22:48.999Z</time>
      </trkpt>
      <trkpt lat="49.597604" lon="5.595793">
        <ele>268.019146</ele>
        <time>2024-11-01T13:22:50.999Z</time>
      </trkpt>
      <trkpt lat="49.597701" lon="5.595747">
        <ele>268.235532</ele>
        <time>2024-11-01T13:22:52.999Z</time>
      </trkpt>
      <trkpt lat="49.597798" lon="5.595685">
        <ele>268.459416</ele>
        <time>2024-11-01T13:22:54.999Z</time>
      </trkpt>
      <trkpt lat="49.597893" lon="5.595633">
        <ele>268.674358</ele>
        <time>2024-11-01T13:22:56.999Z</time>
      </trkpt>
      <trkpt lat="49.597988" lon="5.595573">
        <ele>268.893246</ele>
        <time>2024-11-01T13:22:58.999Z</time>
      </trkpt>
      <trkpt lat="49.598074" lon="5.595510">
        <ele>269.096248</ele>
        <time>2024-11-01T13:23:00.999Z</time>
      </trkpt>
      <trkpt lat="49.598166" lon="5.595461">
        <ele>269.303782</ele>
        <time>2024-11-01T13:23:02.999Z</time>
      </trkpt>
      <trkpt lat="49.598254" lon="5.595402">
        <ele>269.508379</ele>
        <time>2024-11-01T13:23:04.999Z</time>
      </trkpt>
      <trkpt lat="49.598343" lon="5.595346">
        <ele>269.713332</ele>
        <time>2024-11-01T13:23:06.999Z</time>
      </trkpt>
      <trkpt lat="49.598436" lon="5.595278">
        <ele>269.886473</ele>
        <time>2024-11-01T13:23:08.999Z</time>
      </trkpt>
      <trkpt lat="49.598528" lon="5.595234">
        <ele>269.937786</ele>
        <time>2024-11-01T13:23:10.999Z</time>
      </trkpt>
      <trkpt lat="49.598630" lon="5.595168">
        <ele>269.996711</ele>
        <time>2024-11-01T13:23:12.999Z</time>
      </trkpt>
      <trkpt lat="49.598723" lon="5.595114">
        <ele>270.049649</ele>
        <time>2024-11-01T13:23:14.999Z</time>
      </trkpt>
      <trkpt lat="49.598816" lon="5.595059">
        <ele>270.102709</ele>
        <time>2024-11-01T13:23:16.999Z</time>
      </trkpt>
      <trkpt lat="49.598914" lon="5.594991">
        <ele>270.159954</ele>
        <time>2024-11-01T13:23:18.999Z</time>
      </trkpt>
      <trkpt lat="49.599003" lon="5.594950">
        <ele>270.209437</ele>
        <time>2024-11-01T13:23:20.999Z</time>
      </trkpt>
      <trkpt lat="49.599089" lon="5.594879">
        <ele>270.261399</ele>
        <time>2024-11-01T13:23:22.999Z</time>
      </trkpt>
      <trkpt lat="49.599193" lon="5.594829">
        <ele>270.319432</ele>
        <time>2024-11-01T13:23:24.999Z</time>
      </trkpt>
      <trkpt lat="49.599291" lon="5.594765">
        <ele>270.376125</ele>
        <time>2024-11-01T13:23:26.999Z</time>
      </trkpt>
      <trkpt lat="49.599382" lon="5.594710">
        <ele>270.428191</ele>
        <time>2024-11-01T13:23:28.999Z</time>
      </trkpt>
      <trkpt lat="49.599479" lon="5.594659">
        <ele>270.482785</ele>
        <time>2024-11-01T13:23:30.999Z</time>
      </trkpt>
      <trkpt lat="49.599574" lon="5.594604">
        <ele>270.536842</ele>
        <time>2024-11-01T13:23:32.999Z</time>
      </trkpt>
      <trkpt lat="49.599670" lon="5.594549">
        <ele>270.591397</ele>
        <time>2024-11-01T13:23:34.999Z</time>
      </trkpt>
      <trkpt lat="49.599778" lon="5.594511">
        <ele>270.650410</ele>
        <time>2024-11-01T13:23:36.999Z</time>
      </trkpt>
      <trkpt lat="49.599877" lon="5.594466">
        <ele>270.705393</ele>
        <time>2024-11-01T13:23:38.999Z</time>
      </trkpt>
      <trkpt lat="49.599982" lon="5.594424">
        <ele>270.763180</ele>
        <time>2024-11-01T13:23:40.999Z</time>
      </trkpt>
      <trkpt lat="49.600083" lon="5.594378">
        <ele>270.819282</ele>
        <time>2024-11-01T13:23:42.999Z</time>
      </trkpt>
      <trkpt lat="49.600204" lon="5.594359">
        <ele>271.037555</ele>
        <time>2024-11-01T13:23:44.999Z</time>
      </trkpt>
      <trkpt lat="49.600317" lon="5.594323">
        <ele>271.271142</ele>
        <time>2024-11-01T13:23:46.999Z</time>
      </trkpt>
      <trkpt lat="49.600423" lon="5.594292">
        <ele>271.489553</ele>
        <time>2024-11-01T13:23:48.999Z</time>
      </trkpt>
      <trkpt lat="49.600532" lon="5.594280">
        <ele>271.710779</ele>
        <time>2024-11-01T13:23:50.999Z</time>
      </trkpt>
      <trkpt lat="49.600644" lon="5.594263">
        <ele>271.938610</ele>
        <time>2024-11-01T13:23:52.999Z</time>
      </trkpt>
      <trkpt lat="49.600766" lon="5.594251">
        <ele>272.186093</ele>
        <time>2024-11-01T13:23:54.999Z</time>
      </trkpt>
      <trkpt lat="49.600881" lon="5.594237">
        <ele>272.419628</ele>
        <time>2024-11-01T13:23:56.999Z</time>
      </trkpt>
      <trkpt lat="49.601000" lon="5.594236">
        <ele>272.660540</ele>
        <time>2024-11-01T13:23:58.999Z</time>
      </trkpt>
      <trkpt lat="49.601117" lon="5.594236">
        <ele>272.897399</ele>
        <time>2024-11-01T13:24:00.999Z</time>
      </trkpt>
      <trkpt lat="49.601231" lon="5.594242">
        <ele>273.128320</ele>
        <time>2024-11-01T13:24:02.999Z</time>
      </trkpt>
      <trkpt lat="49.601347" lon="5.594246">
        <ele>273.363214</ele>
        <time>2024-11-01T13:24:04.999Z</time>
      </trkpt>
      <trkpt lat="49.601458" lon="5.594257">
        <ele>273.588389</ele>
        <time>2024-11-01T13:24:06.999Z</time>
      </trkpt>
      <trkpt lat="49.601567" lon="5.594284">
        <ele>273.811879</ele>
        <time>2024-11-01T13:24:08.999Z</time>
      </trkpt>
      <trkpt lat="49.601692" lon="5.594290">
        <ele>274.065057</ele>
        <time>2024-11-01T13:24:10.999Z</time>
      </trkpt>
      <trkpt lat="49.601795" lon="5.594315">
        <ele>274.276138</ele>
        <time>2024-11-01T13:24:12.999Z</time>
      </trkpt>
      <trkpt lat="49.601915" lon="5.594335">
        <ele>274.483959</ele>
        <time>2024-11-01T13:24:14.999Z</time>
      </trkpt>
      <trkpt lat="49.602032" lon="5.594368">
        <ele>274.548756</ele>
        <time>2024-11-01T13:24:16.999Z</time>
      </trkpt>
      <trkpt lat="49.602146" lon="5.594377">
        <ele>274.610944</ele>
        <time>2024-11-01T13:24:18.999Z</time>
      </trkpt>
      <trkpt lat="49.602259" lon="5.594405">
        <ele>274.673294</ele>
        <time>2024-11-01T13:24:20.999Z</time>
      </trkpt>
      <trkpt lat="49.602376" lon="5.594433">
        <ele>274.737797</ele>
        <time>2024-11-01T13:24:22.999Z</time>
      </trkpt>
      <trkpt lat="49.602487" lon="5.594423">
        <ele>274.798372</ele>
        <time>2024-11-01T13:24:24.999Z</time>
      </trkpt>
      <trkpt lat="49.602605" lon="5.594464">
        <ele>274.864267</ele>
        <time>2024-11-01T13:24:26.999Z</time>
      </trkpt>
      <trkpt lat="49.602701" lon="5.594464">
        <ele>274.916567</ele>
        <time>2024-11-01T13:24:28.999Z</time>
      </trkpt>
      <trkpt lat="49.602822" lon="5.594478">
        <ele>274.982672</ele>
        <time>2024-11-01T13:24:30.999Z</time>
      </trkpt>
      <trkpt lat="49.602942" lon="5.594478">
        <ele>275.048047</ele>
        <time>2024-11-01T13:24:32.999Z</time>
      </trkpt>
      <trkpt lat="49.603058" lon="5.594463">
        <ele>275.111464</ele>
        <time>2024-11-01T13:24:34.999Z</time>
      </trkpt>
      <trkpt lat="49.603178" lon="5.594443">
        <ele>275.177220</ele>
        <time>2024-11-01T13:24:36.999Z</time>
      </trkpt>
      <trkpt lat="49.603289" lon="5.594434">
        <ele>275.237775</ele>
        <time>2024-11-01T13:24:39.999Z</time>
      </trkpt>
      <trkpt lat="49.603349" lon="5.594293">
        <ele>275.297330</ele>
        <time>2024-11-01T13:24:43.999Z</time>
      </trkpt>
      <trkpt lat="49.603409" lon="5.594109">
        <ele>275.370054</ele>
        <time>2024-11-01T13:24:46.999Z</time>
      </trkpt>
      <trkpt lat="49.603482" lon="5.593994">
        <ele>275.426889</ele>
        <time>2024-11-01T13:24:48.999Z</time>
      </trkpt>
      <trkpt lat="49.603611" lon="5.593901">
        <ele>275.440432</ele>
        <time>2024-11-01T13:24:51.999Z</time>
      </trkpt>
      <trkpt lat="49.603706" lon="5.593896">
        <ele>275.430886</ele>
        <time>2024-11-01T13:24:53.999Z</time>
      </trkpt>
      <trkpt lat="49.603800" lon="5.593897">
        <ele>275.421446</ele>
        <time>2024-11-01T13:24:55.999Z</time>
      </trkpt>
      <trkpt lat="49.603887" lon="5.593853">
        <ele>275.412251</ele>
        <time>2024-11-01T13:24:57.999Z</time>
      </trkpt>
      <trkpt lat="49.603959" lon="5.593746">
        <ele>275.402212</ele>
        <time>2024-11-01T13:24:59.999Z</time>
      </trkpt>
      <trkpt lat="49.603992" lon="5.593601">
        <ele>275.392210</ele>
        <time>2024-11-01T13:25:01.999Z</time>
      </trkpt>
      <trkpt lat="49.603991" lon="5.593411">
        <ele>275.379844</ele>
        <time>2024-11-01T13:25:03.999Z</time>
      </trkpt>
      <trkpt lat="49.603967" lon="5.593231">
        <ele>275.367883</ele>
        <time>2024-11-01T13:25:05.999Z</time>
      </trkpt>
      <trkpt lat="49.603951" lon="5.593072">
        <ele>275.357411</ele>
        <time>2024-11-01T13:25:07.999Z</time>
      </trkpt>
      <trkpt lat="49.603946" lon="5.592881">
        <ele>275.344970</ele>
        <time>2024-11-01T13:25:09.999Z</time>
      </trkpt>
      <trkpt lat="49.603946" lon="5.592691">
        <ele>275.332604</ele>
        <time>2024-11-01T13:25:11.999Z</time>
      </trkpt>
      <trkpt lat="49.603943" lon="5.592510">
        <ele>275.320820</ele>
        <time>2024-11-01T13:25:13.999Z</time>
      </trkpt>
      <trkpt lat="49.603946" lon="5.592329">
        <ele>275.309036</ele>
        <time>2024-11-01T13:25:15.999Z</time>
      </trkpt>
      <trkpt lat="49.603924" lon="5.592167">
        <ele>275.298263</ele>
        <time>2024-11-01T13:25:17.999Z</time>
      </trkpt>
      <trkpt lat="49.603906" lon="5.591962">
        <ele>275.284799</ele>
        <time>2024-11-01T13:25:20.999Z</time>
      </trkpt>
      <trkpt lat="49.603888" lon="5.591818">
        <ele>275.275255</ele>
        <time>2024-11-01T13:25:22.999Z</time>
      </trkpt>
      <trkpt lat="49.603849" lon="5.591630">
        <ele>275.878154</ele>
        <time>2024-11-01T13:25:25.999Z</time>
      </trkpt>
      <trkpt lat="49.603823" lon="5.591492">
        <ele>276.651563</ele>
        <time>2024-11-01T13:25:27.999Z</time>
      </trkpt>
      <trkpt lat="49.603767" lon="5.591317">
        <ele>277.701898</ele>
        <time>2024-11-01T13:25:30.999Z</time>
      </trkpt>
      <trkpt lat="49.603717" lon="5.591127">
        <ele>278.805489</ele>
        <time>2024-11-01T13:25:33.999Z</time>
      </trkpt>
      <trkpt lat="49.603659" lon="5.590929">
        <ele>279.974845</ele>
        <time>2024-11-01T13:25:36.999Z</time>
      </trkpt>
      <trkpt lat="49.603622" lon="5.590795">
        <ele>280.758709</ele>
        <time>2024-11-01T13:25:38.999Z</time>
      </trkpt>
      <trkpt lat="49.603562" lon="5.590682">
        <ele>281.544878</ele>
        <time>2024-11-01T13:25:40.999Z</time>
      </trkpt>
      <trkpt lat="49.603505" lon="5.590546">
        <ele>282.416500</ele>
        <time>2024-11-01T13:25:42.999Z</time>
      </trkpt>
      <trkpt lat="49.603456" lon="5.590410">
        <ele>283.253907</ele>
        <time>2024-11-01T13:25:44.999Z</time>
      </trkpt>
      <trkpt lat="49.603414" lon="5.590272">
        <ele>284.074392</ele>
        <time>2024-11-01T13:25:46.999Z</time>
      </trkpt>
      <trkpt lat="49.603367" lon="5.590138">
        <ele>284.894375</ele>
        <time>2024-11-01T13:25:48.999Z</time>
      </trkpt>
      <trkpt lat="49.603318" lon="5.589964">
        <ele>285.915369</ele>
        <time>2024-11-01T13:25:51.999Z</time>
      </trkpt>
      <trkpt lat="49.603252" lon="5.589794">
        <ele>286.981854</ele>
        <time>2024-11-01T13:25:54.999Z</time>
      </trkpt>
      <trkpt lat="49.603246" lon="5.589593">
        <ele>288.064716</ele>
        <time>2024-11-01T13:25:57.999Z</time>
      </trkpt>
      <trkpt lat="49.603227" lon="5.589418">
        <ele>289.019633</ele>
        <time>2024-11-01T13:26:00.999Z</time>
      </trkpt>
      <trkpt lat="49.603211" lon="5.589233">
        <ele>290.024069</ele>
        <time>2024-11-01T13:26:03.999Z</time>
      </trkpt>
      <trkpt lat="49.603210" lon="5.589074">
        <ele>291.277642</ele>
        <time>2024-11-01T13:26:06.999Z</time>
      </trkpt>
      <trkpt lat="49.603210" lon="5.588914">
        <ele>292.646990</ele>
        <time>2024-11-01T13:26:09.999Z</time>
      </trkpt>
      <trkpt lat="49.603198" lon="5.588754">
        <ele>294.025477</ele>
        <time>2024-11-01T13:26:12.999Z</time>
      </trkpt>
      <trkpt lat="49.603179" lon="5.588604">
        <ele>295.333531</ele>
        <time>2024-11-01T13:26:15.999Z</time>
      </trkpt>
      <trkpt lat="49.603156" lon="5.588464">
        <ele>296.569610</ele>
        <time>2024-11-01T13:26:18.999Z</time>
      </trkpt>
      <trkpt lat="49.603130" lon="5.588325">
        <ele>297.807791</ele>
        <time>2024-11-01T13:26:21.999Z</time>
      </trkpt>
      <trkpt lat="49.603108" lon="5.588184">
        <ele>299.049012</ele>
        <time>2024-11-01T13:26:24.999Z</time>
      </trkpt>
      <trkpt lat="49.603069" lon="5.588014">
        <ele>300.592415</ele>
        <time>2024-11-01T13:26:28.999Z</time>
      </trkpt>
      <trkpt lat="49.603043" lon="5.587866">
        <ele>301.904777</ele>
        <time>2024-11-01T13:26:32.999Z</time>
      </trkpt>
      <trkpt lat="49.602987" lon="5.587737">
        <ele>303.233614</ele>
        <time>2024-11-01T13:26:36.999Z</time>
      </trkpt>
      <trkpt lat="49.602931" lon="5.587596">
        <ele>304.648935</ele>
        <time>2024-11-01T13:26:40.999Z</time>
      </trkpt>
      <trkpt lat="49.602878" lon="5.587450">
        <ele>306.081143</ele>
        <time>2024-11-01T13:26:44.999Z</time>
      </trkpt>
      <trkpt lat="49.602824" lon="5.587318">
        <ele>307.417109</ele>
        <time>2024-11-01T13:26:48.999Z</time>
      </trkpt>
      <trkpt lat="49.602768" lon="5.587200">
        <ele>308.668830</ele>
        <time>2024-11-01T13:26:53.999Z</time>
      </trkpt>
      <trkpt lat="49.602695" lon="5.587106">
        <ele>309.924445</ele>
        <time>2024-11-01T13:26:58.999Z</time>
      </trkpt>
      <trkpt lat="49.602614" lon="5.586994">
        <ele>311.360771</ele>
        <time>2024-11-01T13:27:03.999Z</time>
      </trkpt>
      <trkpt lat="49.602543" lon="5.586874">
        <ele>312.751420</ele>
        <time>2024-11-01T13:27:08.999Z</time>
      </trkpt>
      <trkpt lat="49.602500" lon="5.586746">
        <ele>313.959043</ele>
        <time>2024-11-01T13:27:13.999Z</time>
      </trkpt>
      <trkpt lat="49.602427" lon="5.586630">
        <ele>313.989183</ele>
        <time>2024-11-01T13:27:18.999Z</time>
      </trkpt>
      <trkpt lat="49.602371" lon="5.586516">
        <ele>314.015848</ele>
        <time>2024-11-01T13:27:23.999Z</time>
      </trkpt>
      <trkpt lat="49.602326" lon="5.586390">
        <ele>314.042665</ele>
        <time>2024-11-01T13:27:28.998Z</time>
      </trkpt>
      <trkpt lat="49.602276" lon="5.586226">
        <ele>314.076450</ele>
        <time>2024-11-01T13:27:32.998Z</time>
      </trkpt>
      <trkpt lat="49.602231" lon="5.586092">
        <ele>314.104583</ele>
        <time>2024-11-01T13:27:35.999Z</time>
      </trkpt>
      <trkpt lat="49.602174" lon="5.585933">
        <ele>314.138453</ele>
        <time>2024-11-01T13:27:39.999Z</time>
      </trkpt>
      <trkpt lat="49.602112" lon="5.585809">
        <ele>314.167647</ele>
        <time>2024-11-01T13:27:42.999Z</time>
      </trkpt>
      <trkpt lat="49.602081" lon="5.585657">
        <ele>314.197351</ele>
        <time>2024-11-01T13:27:45.999Z</time>
      </trkpt>
      <trkpt lat="49.602052" lon="5.585501">
        <ele>314.227603</ele>
        <time>2024-11-01T13:27:55.999Z</time>
      </trkpt>
      <trkpt lat="49.602210" lon="5.585203">
        <ele>314.299374</ele>
        <time>2024-11-01T13:28:39.999Z</time>
      </trkpt>
      <trkpt lat="49.602287" lon="5.585122">
        <ele>314.326178</ele>
        <time>2024-11-01T13:28:42.999Z</time>
      </trkpt>
      <trkpt lat="49.602361" lon="5.585017">
        <ele>314.355093</ele>
        <time>2024-11-01T13:28:45.999Z</time>
      </trkpt>
      <trkpt lat="49.602434" lon="5.584920">
        <ele>314.382803</ele>
        <time>2024-11-01T13:28:48.999Z</time>
      </trkpt>
      <trkpt lat="49.602504" lon="5.584805">
        <ele>314.412212</ele>
        <time>2024-11-01T13:28:51.999Z</time>
      </trkpt>
      <trkpt lat="49.602568" lon="5.584682">
        <ele>314.441615</ele>
        <time>2024-11-01T13:28:54.999Z</time>
      </trkpt>
      <trkpt lat="49.602635" lon="5.584563">
        <ele>314.470999</ele>
        <time>2024-11-01T13:28:57.999Z</time>
      </trkpt>
      <trkpt lat="49.602699" lon="5.584437">
        <ele>314.802519</ele>
        <time>2024-11-01T13:29:00.999Z</time>
      </trkpt>
      <trkpt lat="49.602760" lon="5.584325">
        <ele>315.158244</ele>
        <time>2024-11-01T13:29:03.999Z</time>
      </trkpt>
      <trkpt lat="49.602821" lon="5.584203">
        <ele>315.532911</ele>
        <time>2024-11-01T13:29:06.999Z</time>
      </trkpt>
      <trkpt lat="49.602888" lon="5.584089">
        <ele>315.907107</ele>
        <time>2024-11-01T13:29:09.999Z</time>
      </trkpt>
      <trkpt lat="49.602958" lon="5.583956">
        <ele>316.323705</ele>
        <time>2024-11-01T13:29:12.999Z</time>
      </trkpt>
      <trkpt lat="49.603031" lon="5.583826">
        <ele>316.741948</ele>
        <time>2024-11-01T13:29:15.998Z</time>
      </trkpt>
      <trkpt lat="49.603105" lon="5.583705">
        <ele>317.146474</ele>
        <time>2024-11-01T13:29:18.998Z</time>
      </trkpt>
      <trkpt lat="49.603171" lon="5.583555">
        <ele>317.587312</ele>
        <time>2024-11-01T13:29:22.998Z</time>
      </trkpt>
      <trkpt lat="49.603196" lon="5.583395">
        <ele>317.987496</ele>
        <time>2024-11-01T13:29:26.998Z</time>
      </trkpt>
      <trkpt lat="49.603169" lon="5.583248">
        <ele>318.359001</ele>
        <time>2024-11-01T13:29:30.998Z</time>
      </trkpt>
      <trkpt lat="49.603152" lon="5.583109">
        <ele>318.702943</ele>
        <time>2024-11-01T13:29:34.998Z</time>
      </trkpt>
      <trkpt lat="49.603143" lon="5.582964">
        <ele>319.057121</ele>
        <time>2024-11-01T13:29:38.998Z</time>
      </trkpt>
      <trkpt lat="49.603153" lon="5.582826">
        <ele>319.394756</ele>
        <time>2024-11-01T13:29:43.999Z</time>
      </trkpt>
      <trkpt lat="49.603137" lon="5.582671">
        <ele>319.776387</ele>
        <time>2024-11-01T13:29:50.999Z</time>
      </trkpt>
      <trkpt lat="49.603095" lon="5.582523">
        <ele>320.169234</ele>
        <time>2024-11-01T13:29:55.999Z</time>
      </trkpt>
      <trkpt lat="49.603081" lon="5.582371">
        <ele>320.542534</ele>
        <time>2024-11-01T13:30:10.999Z</time>
      </trkpt>
      <trkpt lat="49.603011" lon="5.582236">
        <ele>320.962917</ele>
        <time>2024-11-01T13:30:14.999Z</time>
      </trkpt>
      <trkpt lat="49.602919" lon="5.582099">
        <ele>320.603640</ele>
        <time>2024-11-01T13:30:17.999Z</time>
      </trkpt>
      <trkpt lat="49.602863" lon="5.581984">
        <ele>319.611098</ele>
        <time>2024-11-01T13:30:19.999Z</time>
      </trkpt>
      <trkpt lat="49.602810" lon="5.581826">
        <ele>318.383508</ele>
        <time>2024-11-01T13:30:22.999Z</time>
      </trkpt>
      <trkpt lat="49.602789" lon="5.581685">
        <ele>317.385237</ele>
        <time>2024-11-01T13:30:25.999Z</time>
      </trkpt>
      <trkpt lat="49.602775" lon="5.581522">
        <ele>316.250691</ele>
        <time>2024-11-01T13:30:29.999Z</time>
      </trkpt>
      <trkpt lat="49.602727" lon="5.581396">
        <ele>315.242203</ele>
        <time>2024-11-01T13:30:32.999Z</time>
      </trkpt>
      <trkpt lat="49.602659" lon="5.581261">
        <ele>314.062426</ele>
        <time>2024-11-01T13:30:36.999Z</time>
      </trkpt>
      <trkpt lat="49.602578" lon="5.581171">
        <ele>312.999701</ele>
        <time>2024-11-01T13:30:39.999Z</time>
      </trkpt>
      <trkpt lat="49.602477" lon="5.581052">
        <ele>311.646713</ele>
        <time>2024-11-01T13:30:43.999Z</time>
      </trkpt>
      <trkpt lat="49.602410" lon="5.580908">
        <ele>310.423548</ele>
        <time>2024-11-01T13:30:47.999Z</time>
      </trkpt>
      <trkpt lat="49.602322" lon="5.580849">
        <ele>309.401995</ele>
        <time>2024-11-01T13:30:50.999Z</time>
      </trkpt>
      <trkpt lat="49.602249" lon="5.580756">
        <ele>308.394090</ele>
        <time>2024-11-01T13:30:54.999Z</time>
      </trkpt>
      <trkpt lat="49.602158" lon="5.580679">
        <ele>307.289102</ele>
        <time>2024-11-01T13:31:03.999Z</time>
      </trkpt>
      <trkpt lat="49.602022" lon="5.580419">
        <ele>304.983622</ele>
        <time>2024-11-01T13:31:25.998Z</time>
      </trkpt>
      <trkpt lat="49.601949" lon="5.580316">
        <ele>303.930437</ele>
        <time>2024-11-01T13:31:29.998Z</time>
      </trkpt>
      <trkpt lat="49.601862" lon="5.580196">
        <ele>302.688012</ele>
        <time>2024-11-01T13:31:33.998Z</time>
      </trkpt>
      <trkpt lat="49.601773" lon="5.580132">
        <ele>301.587659</ele>
        <time>2024-11-01T13:31:38.998Z</time>
      </trkpt>
      <trkpt lat="49.601723" lon="5.580015">
        <ele>300.497508</ele>
        <time>2024-11-01T13:31:43.998Z</time>
      </trkpt>
      <trkpt lat="49.601655" lon="5.579918">
        <ele>299.386007</ele>
        <time>2024-11-01T13:31:47.999Z</time>
      </trkpt>
      <trkpt lat="49.601562" lon="5.579902">
        <ele>298.262873</ele>
        <time>2024-11-01T13:31:52.999Z</time>
      </trkpt>
      <trkpt lat="49.601465" lon="5.579932">
        <ele>297.075490</ele>
        <time>2024-11-01T13:31:56.999Z</time>
      </trkpt>
      <trkpt lat="49.601377" lon="5.579973">
        <ele>295.972184</ele>
        <time>2024-11-01T13:32:00.999Z</time>
      </trkpt>
      <trkpt lat="49.601293" lon="5.580045">
        <ele>294.818869</ele>
        <time>2024-11-01T13:32:03.999Z</time>
      </trkpt>
      <trkpt lat="49.601249" lon="5.580171">
        <ele>293.705527</ele>
        <time>2024-11-01T13:32:09.999Z</time>
      </trkpt>
      <trkpt lat="49.601272" lon="5.580305">
        <ele>292.627239</ele>
        <time>2024-11-01T13:32:14.999Z</time>
      </trkpt>
      <trkpt lat="49.601249" lon="5.580453">
        <ele>291.443350</ele>
        <time>2024-11-01T13:32:20.999Z</time>
      </trkpt>
      <trkpt lat="49.601191" lon="5.580563">
        <ele>290.340281</ele>
        <time>2024-11-01T13:32:42.999Z</time>
      </trkpt>
      <trkpt lat="49.601165" lon="5.580709">
        <ele>289.162488</ele>
        <time>2024-11-01T13:32:49.999Z</time>
      </trkpt>
      <trkpt lat="49.601082" lon="5.580783">
        <ele>288.011945</ele>
        <time>2024-11-01T13:32:56.999Z</time>
      </trkpt>
      <trkpt lat="49.601002" lon="5.580875">
        <ele>286.814402</ele>
        <time>2024-11-01T13:33:04.999Z</time>
      </trkpt>
      <trkpt lat="49.600913" lon="5.580907">
        <ele>285.717575</ele>
        <time>2024-11-01T13:33:07.999Z</time>
      </trkpt>
      <trkpt lat="49.600826" lon="5.580854">
        <ele>284.594930</ele>
        <time>2024-11-01T13:33:10.999Z</time>
      </trkpt>
      <trkpt lat="49.600720" lon="5.580826">
        <ele>283.304174</ele>
        <time>2024-11-01T13:33:15.998Z</time>
      </trkpt>
      <trkpt lat="49.600650" lon="5.580735">
        <ele>282.205557</ele>
        <time>2024-11-01T13:33:25.998Z</time>
      </trkpt>
      <trkpt lat="49.600586" lon="5.580637">
        <ele>281.123339</ele>
        <time>2024-11-01T13:33:53.999Z</time>
      </trkpt>
      <trkpt lat="49.600557" lon="5.580473">
        <ele>280.012456</ele>
        <time>2024-11-01T13:33:57.999Z</time>
      </trkpt>
      <trkpt lat="49.600572" lon="5.580336">
        <ele>279.265260</ele>
        <time>2024-11-01T13:34:01.999Z</time>
      </trkpt>
      <trkpt lat="49.600530" lon="5.580207">
        <ele>278.488910</ele>
        <time>2024-11-01T13:34:05.999Z</time>
      </trkpt>
      <trkpt lat="49.600440" lon="5.580130">
        <ele>277.635003</ele>
        <time>2024-11-01T13:34:09.999Z</time>
      </trkpt>
      <trkpt lat="49.600409" lon="5.579990">
        <ele>276.839383</ele>
        <time>2024-11-01T13:34:13.999Z</time>
      </trkpt>
      <trkpt lat="49.600360" lon="5.579864">
        <ele>276.049158</ele>
        <time>2024-11-01T13:34:15.999Z</time>
      </trkpt>
      <trkpt lat="49.600292" lon="5.579689">
        <ele>274.951859</ele>
        <time>2024-11-01T13:34:18.999Z</time>
      </trkpt>
      <trkpt lat="49.600242" lon="5.579571">
        <ele>274.193689</ele>
        <time>2024-11-01T13:34:20.999Z</time>
      </trkpt>
      <trkpt lat="49.600174" lon="5.579423">
        <ele>273.218062</ele>
        <time>2024-11-01T13:34:23.999Z</time>
      </trkpt>
      <trkpt lat="49.600124" lon="5.579306">
        <ele>272.464387</ele>
        <time>2024-11-01T13:34:25.999Z</time>
      </trkpt>
      <trkpt lat="49.600057" lon="5.579189">
        <ele>271.624762</ele>
        <time>2024-11-01T13:34:29.999Z</time>
      </trkpt>
      <trkpt lat="49.599987" lon="5.579057">
        <ele>270.707543</ele>
        <time>2024-11-01T13:34:33.999Z</time>
      </trkpt>
      <trkpt lat="49.599993" lon="5.578899">
        <ele>269.856386</ele>
        <time>2024-11-01T13:34:50.999Z</time>
      </trkpt>
      <trkpt lat="49.600004" lon="5.578719">
        <ele>268.884080</ele>
        <time>2024-11-01T13:34:54.999Z</time>
      </trkpt>
      <trkpt lat="49.599986" lon="5.578560">
        <ele>268.016057</ele>
        <time>2024-11-01T13:34:57.999Z</time>
      </trkpt>
      <trkpt lat="49.599980" lon="5.578391">
        <ele>267.105838</ele>
        <time>2024-11-01T13:35:01.999Z</time>
      </trkpt>
      <trkpt lat="49.599974" lon="5.578249">
        <ele>266.340562</ele>
        <time>2024-11-01T13:35:05.999Z</time>
      </trkpt>
      <trkpt lat="49.600004" lon="5.578096">
        <ele>265.517574</ele>
        <time>2024-11-01T13:35:10.999Z</time>
      </trkpt>
      <trkpt lat="49.600037" lon="5.577966">
        <ele>265.107517</ele>
        <time>2024-11-01T13:35:14.999Z</time>
      </trkpt>
      <trkpt lat="49.600065" lon="5.577817">
        <ele>264.651875</ele>
        <time>2024-11-01T13:35:17.999Z</time>
      </trkpt>
      <trkpt lat="49.600103" lon="5.577684">
        <ele>264.224976</ele>
        <time>2024-11-01T13:35:20.999Z</time>
      </trkpt>
      <trkpt lat="49.600131" lon="5.577545">
        <ele>263.797464</ele>
        <time>2024-11-01T13:35:40.998Z</time>
      </trkpt>
      <trkpt lat="49.600157" lon="5.577407">
        <ele>263.375376</ele>
        <time>2024-11-01T13:35:45.998Z</time>
      </trkpt>
      <trkpt lat="49.600135" lon="5.577263">
        <ele>262.940851</ele>
        <time>2024-11-01T13:35:51.998Z</time>
      </trkpt>
      <trkpt lat="49.600027" lon="5.577250">
        <ele>262.449948</ele>
        <time>2024-11-01T13:35:57.999Z</time>
      </trkpt>
      <trkpt lat="49.599824" lon="5.577141">
        <ele>261.475913</ele>
        <time>2024-11-01T13:37:21.999Z</time>
      </trkpt>
      <trkpt lat="49.599735" lon="5.577116">
        <ele>261.065968</ele>
        <time>2024-11-01T13:37:24.999Z</time>
      </trkpt>
      <trkpt lat="49.599633" lon="5.577080">
        <ele>260.591802</ele>
        <time>2024-11-01T13:37:27.999Z</time>
      </trkpt>
      <trkpt lat="49.599533" lon="5.577056">
        <ele>260.133189</ele>
        <time>2024-11-01T13:37:31.999Z</time>
      </trkpt>
      <trkpt lat="49.599436" lon="5.577034">
        <ele>259.688897</ele>
        <time>2024-11-01T13:37:36.999Z</time>
      </trkpt>
      <trkpt lat="49.599337" lon="5.577005">
        <ele>259.232251</ele>
        <time>2024-11-01T13:37:40.999Z</time>
      </trkpt>
      <trkpt lat="49.599236" lon="5.576982">
        <ele>258.769597</ele>
        <time>2024-11-01T13:37:43.999Z</time>
      </trkpt>
      <trkpt lat="49.599136" lon="5.576950">
        <ele>258.306790</ele>
        <time>2024-11-01T13:37:46.998Z</time>
      </trkpt>
      <trkpt lat="49.599016" lon="5.576920">
        <ele>257.755902</ele>
        <time>2024-11-01T13:37:49.998Z</time>
      </trkpt>
      <trkpt lat="49.598894" lon="5.576879">
        <ele>257.262293</ele>
        <time>2024-11-01T13:37:52.998Z</time>
      </trkpt>
      <trkpt lat="49.598791" lon="5.576841">
        <ele>256.939332</ele>
        <time>2024-11-01T13:37:54.998Z</time>
      </trkpt>
      <trkpt lat="49.598690" lon="5.576797">
        <ele>256.619282</ele>
        <time>2024-11-01T13:37:56.998Z</time>
      </trkpt>
      <trkpt lat="49.598593" lon="5.576742">
        <ele>256.304130</ele>
        <time>2024-11-01T13:37:58.998Z</time>
      </trkpt>
      <trkpt lat="49.598485" lon="5.576697">
        <ele>255.962977</ele>
        <time>2024-11-01T13:38:00.998Z</time>
      </trkpt>
      <trkpt lat="49.598388" lon="5.576632">
        <ele>255.640473</ele>
        <time>2024-11-01T13:38:02.998Z</time>
      </trkpt>
      <trkpt lat="49.598283" lon="5.576563">
        <ele>255.292433</ele>
        <time>2024-11-01T13:38:04.999Z</time>
      </trkpt>
      <trkpt lat="49.598185" lon="5.576483">
        <ele>254.954321</ele>
        <time>2024-11-01T13:38:06.999Z</time>
      </trkpt>
      <trkpt lat="49.598072" lon="5.576411">
        <ele>254.581490</ele>
        <time>2024-11-01T13:38:08.999Z</time>
      </trkpt>
      <trkpt lat="49.597966" lon="5.576334">
        <ele>254.224198</ele>
        <time>2024-11-01T13:38:10.999Z</time>
      </trkpt>
      <trkpt lat="49.597857" lon="5.576249">
        <ele>253.851747</ele>
        <time>2024-11-01T13:38:12.999Z</time>
      </trkpt>
      <trkpt lat="49.597753" lon="5.576158">
        <ele>253.487137</ele>
        <time>2024-11-01T13:38:14.999Z</time>
      </trkpt>
      <trkpt lat="49.597649" lon="5.576070">
        <ele>253.125415</ele>
        <time>2024-11-01T13:38:16.999Z</time>
      </trkpt>
      <trkpt lat="49.597543" lon="5.575996">
        <ele>252.770608</ele>
        <time>2024-11-01T13:38:18.999Z</time>
      </trkpt>
      <trkpt lat="49.597423" lon="5.575909">
        <ele>252.366269</ele>
        <time>2024-11-01T13:38:20.999Z</time>
      </trkpt>
      <trkpt lat="49.597310" lon="5.575824">
        <ele>251.982892</ele>
        <time>2024-11-01T13:38:22.999Z</time>
      </trkpt>
      <trkpt lat="49.597199" lon="5.575762">
        <ele>251.945948</ele>
        <time>2024-11-01T13:38:24.999Z</time>
      </trkpt>
      <trkpt lat="49.597094" lon="5.575686">
        <ele>251.969489</ele>
        <time>2024-11-01T13:38:26.999Z</time>
      </trkpt>
      <trkpt lat="49.596994" lon="5.575616">
        <ele>251.991778</ele>
        <time>2024-11-01T13:38:28.999Z</time>
      </trkpt>
      <trkpt lat="49.596891" lon="5.575537">
        <ele>252.015126</ele>
        <time>2024-11-01T13:38:30.999Z</time>
      </trkpt>
      <trkpt lat="49.596801" lon="5.575480">
        <ele>252.034873</ele>
        <time>2024-11-01T13:38:32.999Z</time>
      </trkpt>
      <trkpt lat="49.596712" lon="5.575420">
        <ele>252.054588</ele>
        <time>2024-11-01T13:38:34.999Z</time>
      </trkpt>
      <trkpt lat="49.596618" lon="5.575344">
        <ele>252.076129</ele>
        <time>2024-11-01T13:38:36.999Z</time>
      </trkpt>
      <trkpt lat="49.596515" lon="5.575264">
        <ele>252.099536</ele>
        <time>2024-11-01T13:38:38.999Z</time>
      </trkpt>
      <trkpt lat="49.596426" lon="5.575184">
        <ele>252.120443</ele>
        <time>2024-11-01T13:38:40.999Z</time>
      </trkpt>
      <trkpt lat="49.596334" lon="5.575079">
        <ele>252.143671</ele>
        <time>2024-11-01T13:38:42.999Z</time>
      </trkpt>
      <trkpt lat="49.596242" lon="5.574964">
        <ele>252.167705</ele>
        <time>2024-11-01T13:38:44.999Z</time>
      </trkpt>
      <trkpt lat="49.596151" lon="5.574850">
        <ele>252.191499</ele>
        <time>2024-11-01T13:38:46.999Z</time>
      </trkpt>
      <trkpt lat="49.596065" lon="5.574741">
        <ele>252.214090</ele>
        <time>2024-11-01T13:38:48.999Z</time>
      </trkpt>
      <trkpt lat="49.595988" lon="5.574627">
        <ele>252.235752</ele>
        <time>2024-11-01T13:38:50.999Z</time>
      </trkpt>
      <trkpt lat="49.595897" lon="5.574521">
        <ele>252.258896</ele>
        <time>2024-11-01T13:38:52.999Z</time>
      </trkpt>
      <trkpt lat="49.595813" lon="5.574418">
        <ele>252.280676</ele>
        <time>2024-11-01T13:38:54.999Z</time>
      </trkpt>
      <trkpt lat="49.595732" lon="5.574290">
        <ele>253.116234</ele>
        <time>2024-11-01T13:38:57.999Z</time>
      </trkpt>
      <trkpt lat="49.595815" lon="5.574183">
        <ele>254.474697</ele>
        <time>2024-11-01T13:39:01.999Z</time>
      </trkpt>
      <trkpt lat="49.595938" lon="5.574159">
        <ele>256.031819</ele>
        <time>2024-11-01T13:39:05.999Z</time>
      </trkpt>
      <trkpt lat="49.596059" lon="5.574118">
        <ele>257.587738</ele>
        <time>2024-11-01T13:39:10.999Z</time>
      </trkpt>
      <trkpt lat="49.596169" lon="5.574067">
        <ele>259.030316</ele>
        <time>2024-11-01T13:39:14.999Z</time>
      </trkpt>
      <trkpt lat="49.596268" lon="5.573987">
        <ele>260.433936</ele>
        <time>2024-11-01T13:39:18.999Z</time>
      </trkpt>
      <trkpt lat="49.596343" lon="5.573866">
        <ele>261.796858</ele>
        <time>2024-11-01T13:39:22.999Z</time>
      </trkpt>
      <trkpt lat="49.596405" lon="5.573764">
        <ele>262.935203</ele>
        <time>2024-11-01T13:39:27.999Z</time>
      </trkpt>
      <trkpt lat="49.596510" lon="5.573728">
        <ele>264.286120</ele>
        <time>2024-11-01T13:39:32.999Z</time>
      </trkpt>
      <trkpt lat="49.596610" lon="5.573677">
        <ele>265.608910</ele>
        <time>2024-11-01T13:39:36.999Z</time>
      </trkpt>
      <trkpt lat="49.596714" lon="5.573615">
        <ele>267.009218</ele>
        <time>2024-11-01T13:39:40.999Z</time>
      </trkpt>
      <trkpt lat="49.596811" lon="5.573581">
        <ele>268.258533</ele>
        <time>2024-11-01T13:39:44.999Z</time>
      </trkpt>
      <trkpt lat="49.596901" lon="5.573530">
        <ele>269.462719</ele>
        <time>2024-11-01T13:39:47.999Z</time>
      </trkpt>
      <trkpt lat="49.596996" lon="5.573464">
        <ele>270.771258</ele>
        <time>2024-11-01T13:39:51.999Z</time>
      </trkpt>
      <trkpt lat="49.597081" lon="5.573396">
        <ele>271.973798</ele>
        <time>2024-11-01T13:39:54.999Z</time>
      </trkpt>
      <trkpt lat="49.597166" lon="5.573349">
        <ele>273.107844</ele>
        <time>2024-11-01T13:39:58.999Z</time>
      </trkpt>
      <trkpt lat="49.597270" lon="5.573322">
        <ele>274.432394</ele>
        <time>2024-11-01T13:40:02.999Z</time>
      </trkpt>
      <trkpt lat="49.597384" lon="5.573350">
        <ele>275.813499</ele>
        <time>2024-11-01T13:40:07.998Z</time>
      </trkpt>
      <trkpt lat="49.597488" lon="5.573404">
        <ele>277.097106</ele>
        <time>2024-11-01T13:40:12.999Z</time>
      </trkpt>
      <trkpt lat="49.597583" lon="5.573436">
        <ele>278.234564</ele>
        <time>2024-11-01T13:40:16.999Z</time>
      </trkpt>
      <trkpt lat="49.597676" lon="5.573493">
        <ele>279.405147</ele>
        <time>2024-11-01T13:40:21.999Z</time>
      </trkpt>
      <trkpt lat="49.597769" lon="5.573560">
        <ele>280.605790</ele>
        <time>2024-11-01T13:40:26.999Z</time>
      </trkpt>
      <trkpt lat="49.597853" lon="5.573625">
        <ele>281.705057</ele>
        <time>2024-11-01T13:40:31.999Z</time>
      </trkpt>
      <trkpt lat="49.597929" lon="5.573707">
        <ele>282.789903</ele>
        <time>2024-11-01T13:40:35.999Z</time>
      </trkpt>
      <trkpt lat="49.598006" lon="5.573813">
        <ele>283.997045</ele>
        <time>2024-11-01T13:40:39.999Z</time>
      </trkpt>
      <trkpt lat="49.598088" lon="5.573904">
        <ele>285.178617</ele>
        <time>2024-11-01T13:40:43.999Z</time>
      </trkpt>
      <trkpt lat="49.598189" lon="5.573969">
        <ele>286.458747</ele>
        <time>2024-11-01T13:40:47.999Z</time>
      </trkpt>
      <trkpt lat="49.598286" lon="5.574031">
        <ele>287.686940</ele>
        <time>2024-11-01T13:40:51.999Z</time>
      </trkpt>
      <trkpt lat="49.598388" lon="5.574083">
        <ele>288.943554</ele>
        <time>2024-11-01T13:40:55.999Z</time>
      </trkpt>
      <trkpt lat="49.598481" lon="5.574127">
        <ele>290.081439</ele>
        <time>2024-11-01T13:40:59.999Z</time>
      </trkpt>
      <trkpt lat="49.598586" lon="5.574197">
        <ele>291.419454</ele>
        <time>2024-11-01T13:41:03.999Z</time>
      </trkpt>
      <trkpt lat="49.598679" lon="5.574241">
        <ele>292.557339</ele>
        <time>2024-11-01T13:41:08.999Z</time>
      </trkpt>
      <trkpt lat="49.598783" lon="5.574274">
        <ele>293.799361</ele>
        <time>2024-11-01T13:41:12.999Z</time>
      </trkpt>
      <trkpt lat="49.598887" lon="5.574293">
        <ele>295.024420</ele>
        <time>2024-11-01T13:41:16.999Z</time>
      </trkpt>
      <trkpt lat="49.598987" lon="5.574291">
        <ele>296.136079</ele>
        <time>2024-11-01T13:41:20.999Z</time>
      </trkpt>
      <trkpt lat="49.599086" lon="5.574296">
        <ele>297.048076</ele>
        <time>2024-11-01T13:41:24.999Z</time>
      </trkpt>
      <trkpt lat="49.599185" lon="5.574287">
        <ele>297.961166</ele>
        <time>2024-11-01T13:41:28.999Z</time>
      </trkpt>
      <trkpt lat="49.599272" lon="5.574251">
        <ele>298.790496</ele>
        <time>2024-11-01T13:41:31.999Z</time>
      </trkpt>
      <trkpt lat="49.599388" lon="5.574218">
        <ele>299.876530</ele>
        <time>2024-11-01T13:41:35.999Z</time>
      </trkpt>
      <trkpt lat="49.599488" lon="5.574197">
        <ele>300.805735</ele>
        <time>2024-11-01T13:41:39.999Z</time>
      </trkpt>
      <trkpt lat="49.599580" lon="5.574156">
        <ele>301.687420</ele>
        <time>2024-11-01T13:41:43.999Z</time>
      </trkpt>
      <trkpt lat="49.599683" lon="5.574120">
        <ele>302.659785</ele>
        <time>2024-11-01T13:41:48.999Z</time>
      </trkpt>
      <trkpt lat="49.599795" lon="5.574059">
        <ele>303.753349</ele>
        <time>2024-11-01T13:41:52.999Z</time>
      </trkpt>
      <trkpt lat="49.599880" lon="5.573986">
        <ele>304.649027</ele>
        <time>2024-11-01T13:41:56.999Z</time>
      </trkpt>
      <trkpt lat="49.599965" lon="5.573918">
        <ele>305.530579</ele>
        <time>2024-11-01T13:41:59.999Z</time>
      </trkpt>
      <trkpt lat="49.600052" lon="5.573858">
        <ele>306.407979</ele>
        <time>2024-11-01T13:42:03.999Z</time>
      </trkpt>
      <trkpt lat="49.600152" lon="5.573781">
        <ele>307.436981</ele>
        <time>2024-11-01T13:42:07.999Z</time>
      </trkpt>
      <trkpt lat="49.600231" lon="5.573677">
        <ele>308.393122</ele>
        <time>2024-11-01T13:42:11.999Z</time>
      </trkpt>
      <trkpt lat="49.600313" lon="5.573576">
        <ele>309.359172</ele>
        <time>2024-11-01T13:42:15.999Z</time>
      </trkpt>
      <trkpt lat="49.600397" lon="5.573494">
        <ele>310.274367</ele>
        <time>2024-11-01T13:42:20.999Z</time>
      </trkpt>
      <trkpt lat="49.600481" lon="5.573424">
        <ele>311.153362</ele>
        <time>2024-11-01T13:42:23.999Z</time>
      </trkpt>
      <trkpt lat="49.600567" lon="5.573307">
        <ele>312.209021</ele>
        <time>2024-11-01T13:42:27.999Z</time>
      </trkpt>
      <trkpt lat="49.600633" lon="5.573157">
        <ele>312.917263</ele>
        <time>2024-11-01T13:42:31.999Z</time>
      </trkpt>
      <trkpt lat="49.600685" lon="5.572990">
        <ele>313.512622</ele>
        <time>2024-11-01T13:42:35.999Z</time>
      </trkpt>
      <trkpt lat="49.600729" lon="5.572863">
        <ele>313.975373</ele>
        <time>2024-11-01T13:42:38.999Z</time>
      </trkpt>
      <trkpt lat="49.600749" lon="5.572711">
        <ele>314.473773</ele>
        <time>2024-11-01T13:42:41.999Z</time>
      </trkpt>
      <trkpt lat="49.600805" lon="5.572547">
        <ele>315.069437</ele>
        <time>2024-11-01T13:42:45.999Z</time>
      </trkpt>
      <trkpt lat="49.600874" lon="5.572397">
        <ele>315.660513</ele>
        <time>2024-11-01T13:42:49.999Z</time>
      </trkpt>
      <trkpt lat="49.600923" lon="5.572250">
        <ele>316.191695</ele>
        <time>2024-11-01T13:42:52.999Z</time>
      </trkpt>
      <trkpt lat="49.600953" lon="5.572105">
        <ele>316.680800</ele>
        <time>2024-11-01T13:42:55.999Z</time>
      </trkpt>
      <trkpt lat="49.600981" lon="5.571937">
        <ele>317.238213</ele>
        <time>2024-11-01T13:42:59.999Z</time>
      </trkpt>
      <trkpt lat="49.601035" lon="5.571789">
        <ele>317.783977</ele>
        <time>2024-11-01T13:43:04.999Z</time>
      </trkpt>
      <trkpt lat="49.601125" lon="5.571680">
        <ele>318.351252</ele>
        <time>2024-11-01T13:43:08.999Z</time>
      </trkpt>
      <trkpt lat="49.601190" lon="5.571549">
        <ele>318.881404</ele>
        <time>2024-11-01T13:43:12.999Z</time>
      </trkpt>
      <trkpt lat="49.601255" lon="5.571413">
        <ele>319.424402</ele>
        <time>2024-11-01T13:43:15.999Z</time>
      </trkpt>
      <trkpt lat="49.601322" lon="5.571292">
        <ele>319.935802</ele>
        <time>2024-11-01T13:43:18.999Z</time>
      </trkpt>
      <trkpt lat="49.601399" lon="5.571147">
        <ele>320.538170</ele>
        <time>2024-11-01T13:43:21.999Z</time>
      </trkpt>
      <trkpt lat="49.601461" lon="5.570986">
        <ele>321.139955</ele>
        <time>2024-11-01T13:43:24.999Z</time>
      </trkpt>
      <trkpt lat="49.601490" lon="5.570805">
        <ele>321.484914</ele>
        <time>2024-11-01T13:43:27.999Z</time>
      </trkpt>
      <trkpt lat="49.601508" lon="5.570665">
        <ele>321.600646</ele>
        <time>2024-11-01T13:43:29.999Z</time>
      </trkpt>
      <trkpt lat="49.601546" lon="5.570504">
        <ele>321.739581</ele>
        <time>2024-11-01T13:43:32.999Z</time>
      </trkpt>
      <trkpt lat="49.601556" lon="5.570360">
        <ele>321.857013</ele>
        <time>2024-11-01T13:43:35.999Z</time>
      </trkpt>
      <trkpt lat="49.601559" lon="5.570189">
        <ele>321.995719</ele>
        <time>2024-11-01T13:43:40.999Z</time>
      </trkpt>
      <trkpt lat="49.601589" lon="5.570047">
        <ele>322.116824</ele>
        <time>2024-11-01T13:43:43.999Z</time>
      </trkpt>
      <trkpt lat="49.601588" lon="5.569906">
        <ele>322.231161</ele>
        <time>2024-11-01T13:43:45.999Z</time>
      </trkpt>
      <trkpt lat="49.601573" lon="5.569766">
        <ele>322.346221</ele>
        <time>2024-11-01T13:43:47.999Z</time>
      </trkpt>
      <trkpt lat="49.601573" lon="5.569579">
        <ele>322.497850</ele>
        <time>2024-11-01T13:43:50.999Z</time>
      </trkpt>
      <trkpt lat="49.601583" lon="5.569436">
        <ele>322.614475</ele>
        <time>2024-11-01T13:43:52.999Z</time>
      </trkpt>
      <trkpt lat="49.601588" lon="5.569278">
        <ele>322.742743</ele>
        <time>2024-11-01T13:43:54.999Z</time>
      </trkpt>
      <trkpt lat="49.601609" lon="5.569132">
        <ele>322.864008</ele>
        <time>2024-11-01T13:43:56.999Z</time>
      </trkpt>
      <trkpt lat="49.601617" lon="5.568959">
        <ele>323.004642</ele>
        <time>2024-11-01T13:43:58.999Z</time>
      </trkpt>
      <trkpt lat="49.601620" lon="5.568810">
        <ele>323.125517</ele>
        <time>2024-11-01T13:44:00.999Z</time>
      </trkpt>
      <trkpt lat="49.601690" lon="5.568711">
        <ele>323.244319</ele>
        <time>2024-11-01T13:44:04.999Z</time>
      </trkpt>
      <trkpt lat="49.601781" lon="5.568742">
        <ele>323.360914</ele>
        <time>2024-11-01T13:44:11.999Z</time>
      </trkpt>
      <trkpt lat="49.601871" lon="5.568757">
        <ele>323.474170</ele>
        <time>2024-11-01T13:44:16.999Z</time>
      </trkpt>
      <trkpt lat="49.601979" lon="5.568791">
        <ele>323.612075</ele>
        <time>2024-11-01T13:44:21.999Z</time>
      </trkpt>
      <trkpt lat="49.602091" lon="5.568820">
        <ele>324.037213</ele>
        <time>2024-11-01T13:44:26.999Z</time>
      </trkpt>
      <trkpt lat="49.602190" lon="5.568830">
        <ele>324.496910</ele>
        <time>2024-11-01T13:44:30.999Z</time>
      </trkpt>
      <trkpt lat="49.602294" lon="5.568818">
        <ele>324.980137</ele>
        <time>2024-11-01T13:44:34.999Z</time>
      </trkpt>
      <trkpt lat="49.602409" lon="5.568781">
        <ele>325.524447</ele>
        <time>2024-11-01T13:44:38.999Z</time>
      </trkpt>
      <trkpt lat="49.602529" lon="5.568748">
        <ele>326.089226</ele>
        <time>2024-11-01T13:44:42.999Z</time>
      </trkpt>
      <trkpt lat="49.602636" lon="5.568704">
        <ele>326.602313</ele>
        <time>2024-11-01T13:44:46.999Z</time>
      </trkpt>
      <trkpt lat="49.602748" lon="5.568679">
        <ele>327.126664</ele>
        <time>2024-11-01T13:44:50.999Z</time>
      </trkpt>
      <trkpt lat="49.602863" lon="5.568636">
        <ele>327.674936</ele>
        <time>2024-11-01T13:44:54.999Z</time>
      </trkpt>
      <trkpt lat="49.602977" lon="5.568601">
        <ele>328.213507</ele>
        <time>2024-11-01T13:44:58.999Z</time>
      </trkpt>
      <trkpt lat="49.603079" lon="5.568536">
        <ele>328.724841</ele>
        <time>2024-11-01T13:45:01.999Z</time>
      </trkpt>
      <trkpt lat="49.603183" lon="5.568479">
        <ele>329.236218</ele>
        <time>2024-11-01T13:45:04.999Z</time>
      </trkpt>
      <trkpt lat="49.603304" lon="5.568430">
        <ele>329.815856</ele>
        <time>2024-11-01T13:45:07.999Z</time>
      </trkpt>
      <trkpt lat="49.603408" lon="5.568412">
        <ele>330.300759</ele>
        <time>2024-11-01T13:45:10.999Z</time>
      </trkpt>
      <trkpt lat="49.603529" lon="5.568409">
        <ele>330.861482</ele>
        <time>2024-11-01T13:45:13.999Z</time>
      </trkpt>
      <trkpt lat="49.603657" lon="5.568435">
        <ele>331.459684</ele>
        <time>2024-11-01T13:45:16.999Z</time>
      </trkpt>
      <trkpt lat="49.603752" lon="5.568484">
        <ele>331.923806</ele>
        <time>2024-11-01T13:45:19.999Z</time>
      </trkpt>
      <trkpt lat="49.603867" lon="5.568487">
        <ele>331.752549</ele>
        <time>2024-11-01T13:45:21.999Z</time>
      </trkpt>
      <trkpt lat="49.603971" lon="5.568510">
        <ele>331.515075</ele>
        <time>2024-11-01T13:45:24.999Z</time>
      </trkpt>
      <trkpt lat="49.604071" lon="5.568550">
        <ele>331.281573</ele>
        <time>2024-11-01T13:45:26.999Z</time>
      </trkpt>
      <trkpt lat="49.604154" lon="5.568603">
        <ele>331.078538</ele>
        <time>2024-11-01T13:45:28.999Z</time>
      </trkpt>
      <trkpt lat="49.604252" lon="5.568656">
        <ele>330.843816</ele>
        <time>2024-11-01T13:45:31.999Z</time>
      </trkpt>
      <trkpt lat="49.604348" lon="5.568727">
        <ele>330.603190</ele>
        <time>2024-11-01T13:45:33.999Z</time>
      </trkpt>
      <trkpt lat="49.604464" lon="5.568830">
        <ele>330.300683</ele>
        <time>2024-11-01T13:45:36.999Z</time>
      </trkpt>
      <trkpt lat="49.604548" lon="5.568885">
        <ele>330.094431</ele>
        <time>2024-11-01T13:45:38.999Z</time>
      </trkpt>
      <trkpt lat="49.604662" lon="5.568909">
        <ele>329.834368</ele>
        <time>2024-11-01T13:45:40.999Z</time>
      </trkpt>
      <trkpt lat="49.604772" lon="5.568913">
        <ele>329.585665</ele>
        <time>2024-11-01T13:45:42.999Z</time>
      </trkpt>
      <trkpt lat="49.604893" lon="5.568923">
        <ele>329.311776</ele>
        <time>2024-11-01T13:45:44.999Z</time>
      </trkpt>
      <trkpt lat="49.605010" lon="5.568952">
        <ele>329.043930</ele>
        <time>2024-11-01T13:45:46.999Z</time>
      </trkpt>
      <trkpt lat="49.605130" lon="5.568993">
        <ele>328.766123</ele>
        <time>2024-11-01T13:45:48.999Z</time>
      </trkpt>
      <trkpt lat="49.605238" lon="5.569030">
        <ele>328.516066</ele>
        <time>2024-11-01T13:45:50.999Z</time>
      </trkpt>
      <trkpt lat="49.605355" lon="5.569061">
        <ele>328.247739</ele>
        <time>2024-11-01T13:45:52.999Z</time>
      </trkpt>
      <trkpt lat="49.605477" lon="5.569064">
        <ele>327.971946</ele>
        <time>2024-11-01T13:45:54.999Z</time>
      </trkpt>
      <trkpt lat="49.605588" lon="5.569009">
        <ele>328.468355</ele>
        <time>2024-11-01T13:45:56.999Z</time>
      </trkpt>
      <trkpt lat="49.605688" lon="5.568999">
        <ele>329.063423</ele>
        <time>2024-11-01T13:45:58.999Z</time>
      </trkpt>
      <trkpt lat="49.605799" lon="5.568967">
        <ele>329.733970</ele>
        <time>2024-11-01T13:46:00.999Z</time>
      </trkpt>
      <trkpt lat="49.605893" lon="5.568933">
        <ele>330.307292</ele>
        <time>2024-11-01T13:46:02.999Z</time>
      </trkpt>
      <trkpt lat="49.605987" lon="5.568915">
        <ele>330.869766</ele>
        <time>2024-11-01T13:46:04.999Z</time>
      </trkpt>
      <trkpt lat="49.606112" lon="5.568887">
        <ele>331.619823</ele>
        <time>2024-11-01T13:46:07.999Z</time>
      </trkpt>
      <trkpt lat="49.606244" lon="5.568864">
        <ele>332.408650</ele>
        <time>2024-11-01T13:46:10.999Z</time>
      </trkpt>
      <trkpt lat="49.606365" lon="5.568840">
        <ele>333.133086</ele>
        <time>2024-11-01T13:46:13.999Z</time>
      </trkpt>
      <trkpt lat="49.606483" lon="5.568780">
        <ele>333.870856</ele>
        <time>2024-11-01T13:46:16.999Z</time>
      </trkpt>
      <trkpt lat="49.606577" lon="5.568687">
        <ele>334.533922</ele>
        <time>2024-11-01T13:46:19.999Z</time>
      </trkpt>
      <trkpt lat="49.606654" lon="5.568606">
        <ele>335.087301</ele>
        <time>2024-11-01T13:46:21.999Z</time>
      </trkpt>
      <trkpt lat="49.606765" lon="5.568525">
        <ele>335.816428</ele>
        <time>2024-11-01T13:46:24.999Z</time>
      </trkpt>
      <trkpt lat="49.606872" lon="5.568446">
        <ele>336.520798</ele>
        <time>2024-11-01T13:46:27.999Z</time>
      </trkpt>
      <trkpt lat="49.606983" lon="5.568348">
        <ele>337.280197</ele>
        <time>2024-11-01T13:46:30.999Z</time>
      </trkpt>
      <trkpt lat="49.607087" lon="5.568254">
        <ele>337.995908</ele>
        <time>2024-11-01T13:46:33.999Z</time>
      </trkpt>
      <trkpt lat="49.607184" lon="5.568172">
        <ele>338.582992</ele>
        <time>2024-11-01T13:46:36.999Z</time>
      </trkpt>
      <trkpt lat="49.607290" lon="5.568063">
        <ele>338.363204</ele>
        <time>2024-11-01T13:46:39.999Z</time>
      </trkpt>
      <trkpt lat="49.607378" lon="5.567922">
        <ele>338.144315</ele>
        <time>2024-11-01T13:46:42.999Z</time>
      </trkpt>
      <trkpt lat="49.607458" lon="5.567854">
        <ele>337.986722</ele>
        <time>2024-11-01T13:46:44.999Z</time>
      </trkpt>
      <trkpt lat="49.607555" lon="5.567762">
        <ele>337.790265</ele>
        <time>2024-11-01T13:46:47.999Z</time>
      </trkpt>
      <trkpt lat="49.607645" lon="5.567736">
        <ele>337.632275</ele>
        <time>2024-11-01T13:46:49.999Z</time>
      </trkpt>
      <trkpt lat="49.607766" lon="5.567699">
        <ele>337.419433</ele>
        <time>2024-11-01T13:46:52.999Z</time>
      </trkpt>
      <trkpt lat="49.607896" lon="5.567702">
        <ele>337.195096</ele>
        <time>2024-11-01T13:46:55.999Z</time>
      </trkpt>
      <trkpt lat="49.608001" lon="5.567694">
        <ele>337.013700</ele>
        <time>2024-11-01T13:46:57.999Z</time>
      </trkpt>
      <trkpt lat="49.608111" lon="5.567685">
        <ele>336.823631</ele>
        <time>2024-11-01T13:46:59.999Z</time>
      </trkpt>
      <trkpt lat="49.608250" lon="5.567686">
        <ele>336.583787</ele>
        <time>2024-11-01T13:47:01.999Z</time>
      </trkpt>
      <trkpt lat="49.608370" lon="5.567694">
        <ele>336.376537</ele>
        <time>2024-11-01T13:47:03.999Z</time>
      </trkpt>
      <trkpt lat="49.608510" lon="5.567683">
        <ele>336.134658</ele>
        <time>2024-11-01T13:47:05.999Z</time>
      </trkpt>
      <trkpt lat="49.608639" lon="5.567693">
        <ele>335.911791</ele>
        <time>2024-11-01T13:47:07.999Z</time>
      </trkpt>
      <trkpt lat="49.608776" lon="5.567681">
        <ele>335.675020</ele>
        <time>2024-11-01T13:47:09.999Z</time>
      </trkpt>
      <trkpt lat="49.608897" lon="5.567674">
        <ele>335.649935</ele>
        <time>2024-11-01T13:47:11.999Z</time>
      </trkpt>
      <trkpt lat="49.609013" lon="5.567677">
        <ele>336.715443</ele>
        <time>2024-11-01T13:47:13.999Z</time>
      </trkpt>
      <trkpt lat="49.609129" lon="5.567678">
        <ele>337.780819</ele>
        <time>2024-11-01T13:47:15.999Z</time>
      </trkpt>
      <trkpt lat="49.609255" lon="5.567666">
        <ele>338.940222</ele>
        <time>2024-11-01T13:47:17.999Z</time>
      </trkpt>
      <trkpt lat="49.609369" lon="5.567641">
        <ele>339.997731</ele>
        <time>2024-11-01T13:47:19.999Z</time>
      </trkpt>
      <trkpt lat="49.609491" lon="5.567602">
        <ele>341.141982</ele>
        <time>2024-11-01T13:47:21.999Z</time>
      </trkpt>
      <trkpt lat="49.609600" lon="5.567571">
        <ele>342.159910</ele>
        <time>2024-11-01T13:47:23.999Z</time>
      </trkpt>
      <trkpt lat="49.609714" lon="5.567545">
        <ele>343.218273</ele>
        <time>2024-11-01T13:47:25.999Z</time>
      </trkpt>
      <trkpt lat="49.609812" lon="5.567504">
        <ele>344.150806</ele>
        <time>2024-11-01T13:47:27.999Z</time>
      </trkpt>
      <trkpt lat="49.609907" lon="5.567489">
        <ele>345.027853</ele>
        <time>2024-11-01T13:47:29.999Z</time>
      </trkpt>
      <trkpt lat="49.610007" lon="5.567469">
        <ele>345.953947</ele>
        <time>2024-11-01T13:47:31.999Z</time>
      </trkpt>
      <trkpt lat="49.610143" lon="5.567431">
        <ele>347.223296</ele>
        <time>2024-11-01T13:47:34.999Z</time>
      </trkpt>
      <trkpt lat="49.610255" lon="5.567402">
        <ele>348.266297</ele>
        <time>2024-11-01T13:47:37.999Z</time>
      </trkpt>
      <trkpt lat="49.610351" lon="5.567379">
        <ele>349.158535</ele>
        <time>2024-11-01T13:47:40.999Z</time>
      </trkpt>
      <trkpt lat="49.610470" lon="5.567380">
        <ele>350.251463</ele>
        <time>2024-11-01T13:47:44.999Z</time>
      </trkpt>
      <trkpt lat="49.610583" lon="5.567410">
        <ele>351.304515</ele>
        <time>2024-11-01T13:47:47.999Z</time>
      </trkpt>
      <trkpt lat="49.610677" lon="5.567463">
        <ele>352.148979</ele>
        <time>2024-11-01T13:47:51.999Z</time>
      </trkpt>
      <trkpt lat="49.610795" lon="5.567500">
        <ele>352.860750</ele>
        <time>2024-11-01T13:47:54.999Z</time>
      </trkpt>
      <trkpt lat="49.610898" lon="5.567552">
        <ele>353.501351</ele>
        <time>2024-11-01T13:47:57.999Z</time>
      </trkpt>
      <trkpt lat="49.611003" lon="5.567599">
        <ele>354.147604</ele>
        <time>2024-11-01T13:48:00.999Z</time>
      </trkpt>
      <trkpt lat="49.611095" lon="5.567645">
        <ele>354.719262</ele>
        <time>2024-11-01T13:48:03.999Z</time>
      </trkpt>
      <trkpt lat="49.611196" lon="5.567681">
        <ele>355.332007</ele>
        <time>2024-11-01T13:48:06.999Z</time>
      </trkpt>
      <trkpt lat="49.611314" lon="5.567734">
        <ele>356.058466</ele>
        <time>2024-11-01T13:48:10.999Z</time>
      </trkpt>
      <trkpt lat="49.611400" lon="5.567783">
        <ele>356.600366</ele>
        <time>2024-11-01T13:48:13.999Z</time>
      </trkpt>
      <trkpt lat="49.611495" lon="5.567826">
        <ele>357.185581</ele>
        <time>2024-11-01T13:48:16.999Z</time>
      </trkpt>
      <trkpt lat="49.611607" lon="5.567908">
        <ele>357.918356</ele>
        <time>2024-11-01T13:48:20.999Z</time>
      </trkpt>
      <trkpt lat="49.611697" lon="5.567967">
        <ele>358.496368</ele>
        <time>2024-11-01T13:48:23.999Z</time>
      </trkpt>
      <trkpt lat="49.611813" lon="5.568071">
        <ele>359.289373</ele>
        <time>2024-11-01T13:48:27.999Z</time>
      </trkpt>
      <trkpt lat="49.611909" lon="5.568145">
        <ele>359.923692</ele>
        <time>2024-11-01T13:48:30.999Z</time>
      </trkpt>
      <trkpt lat="49.612002" lon="5.568213">
        <ele>360.532009</ele>
        <time>2024-11-01T13:48:33.999Z</time>
      </trkpt>
      <trkpt lat="49.612103" lon="5.568297">
        <ele>361.210211</ele>
        <time>2024-11-01T13:48:36.999Z</time>
      </trkpt>
      <trkpt lat="49.612201" lon="5.568387">
        <ele>361.884312</ele>
        <time>2024-11-01T13:48:39.999Z</time>
      </trkpt>
      <trkpt lat="49.612303" lon="5.568471">
        <ele>362.567722</ele>
        <time>2024-11-01T13:48:42.999Z</time>
      </trkpt>
      <trkpt lat="49.612416" lon="5.568561">
        <ele>362.672644</ele>
        <time>2024-11-01T13:48:45.999Z</time>
      </trkpt>
      <trkpt lat="49.612495" lon="5.568629">
        <ele>362.693623</ele>
        <time>2024-11-01T13:48:47.999Z</time>
      </trkpt>
      <trkpt lat="49.612612" lon="5.568730">
        <ele>362.724713</ele>
        <time>2024-11-01T13:48:50.999Z</time>
      </trkpt>
      <trkpt lat="49.612720" lon="5.568807">
        <ele>362.752304</ele>
        <time>2024-11-01T13:48:53.999Z</time>
      </trkpt>
      <trkpt lat="49.612796" lon="5.568899">
        <ele>362.774704</ele>
        <time>2024-11-01T13:48:55.999Z</time>
      </trkpt>
      <trkpt lat="49.612870" lon="5.568985">
        <ele>362.796188</ele>
        <time>2024-11-01T13:48:57.999Z</time>
      </trkpt>
      <trkpt lat="49.612953" lon="5.569067">
        <ele>362.819043</ele>
        <time>2024-11-01T13:48:59.999Z</time>
      </trkpt>
      <trkpt lat="49.613029" lon="5.569151">
        <ele>362.840722</ele>
        <time>2024-11-01T13:49:01.999Z</time>
      </trkpt>
      <trkpt lat="49.613107" lon="5.569233">
        <ele>362.862610</ele>
        <time>2024-11-01T13:49:03.999Z</time>
      </trkpt>
      <trkpt lat="49.613182" lon="5.569320">
        <ele>362.884369</ele>
        <time>2024-11-01T13:49:05.999Z</time>
      </trkpt>
      <trkpt lat="49.613259" lon="5.569400">
        <ele>362.905896</ele>
        <time>2024-11-01T13:49:07.999Z</time>
      </trkpt>
      <trkpt lat="49.613339" lon="5.569496">
        <ele>362.929398</ele>
        <time>2024-11-01T13:49:09.999Z</time>
      </trkpt>
      <trkpt lat="49.613428" lon="5.569587">
        <ele>362.954157</ele>
        <time>2024-11-01T13:49:11.999Z</time>
      </trkpt>
      <trkpt lat="49.613512" lon="5.569674">
        <ele>362.977618</ele>
        <time>2024-11-01T13:49:13.999Z</time>
      </trkpt>
      <trkpt lat="49.613625" lon="5.569806">
        <ele>363.010485</ele>
        <time>2024-11-01T13:49:16.999Z</time>
      </trkpt>
      <trkpt lat="49.613701" lon="5.569896">
        <ele>363.032701</ele>
        <time>2024-11-01T13:49:18.999Z</time>
      </trkpt>
      <trkpt lat="49.613786" lon="5.569985">
        <ele>363.056522</ele>
        <time>2024-11-01T13:49:20.999Z</time>
      </trkpt>
      <trkpt lat="49.613871" lon="5.570078">
        <ele>363.180491</ele>
        <time>2024-11-01T13:49:22.999Z</time>
      </trkpt>
      <trkpt lat="49.613963" lon="5.570158">
        <ele>363.346123</ele>
        <time>2024-11-01T13:49:24.999Z</time>
      </trkpt>
      <trkpt lat="49.614050" lon="5.570227">
        <ele>363.499548</ele>
        <time>2024-11-01T13:49:26.999Z</time>
      </trkpt>
      <trkpt lat="49.614146" lon="5.570288">
        <ele>363.662389</ele>
        <time>2024-11-01T13:49:28.999Z</time>
      </trkpt>
      <trkpt lat="49.614237" lon="5.570359">
        <ele>363.822327</ele>
        <time>2024-11-01T13:49:30.999Z</time>
      </trkpt>
      <trkpt lat="49.614341" lon="5.570427">
        <ele>363.999489</ele>
        <time>2024-11-01T13:49:32.999Z</time>
      </trkpt>
      <trkpt lat="49.614428" lon="5.570495">
        <ele>364.152452</ele>
        <time>2024-11-01T13:49:34.999Z</time>
      </trkpt>
      <trkpt lat="49.614524" lon="5.570558">
        <ele>364.316077</ele>
        <time>2024-11-01T13:49:36.999Z</time>
      </trkpt>
      <trkpt lat="49.614621" lon="5.570622">
        <ele>364.481543</ele>
        <time>2024-11-01T13:49:38.999Z</time>
      </trkpt>
      <trkpt lat="49.614725" lon="5.570679">
        <ele>364.654650</ele>
        <time>2024-11-01T13:49:40.999Z</time>
      </trkpt>
      <trkpt lat="49.614817" lon="5.570742">
        <ele>364.812521</ele>
        <time>2024-11-01T13:49:42.999Z</time>
      </trkpt>
      <trkpt lat="49.614906" lon="5.570803">
        <ele>364.965265</ele>
        <time>2024-11-01T13:49:44.999Z</time>
      </trkpt>
      <trkpt lat="49.615027" lon="5.570868">
        <ele>365.166224</ele>
        <time>2024-11-01T13:49:47.999Z</time>
      </trkpt>
      <trkpt lat="49.615132" lon="5.570927">
        <ele>365.341495</ele>
        <time>2024-11-01T13:49:49.999Z</time>
      </trkpt>
      <trkpt lat="49.615229" lon="5.570972">
        <ele>365.500366</ele>
        <time>2024-11-01T13:49:51.999Z</time>
      </trkpt>
      <trkpt lat="49.615336" lon="5.571032">
        <ele>365.678932</ele>
        <time>2024-11-01T13:49:53.999Z</time>
      </trkpt>
      <trkpt lat="49.615436" lon="5.571074">
        <ele>365.841488</ele>
        <time>2024-11-01T13:49:55.999Z</time>
      </trkpt>
      <trkpt lat="49.615532" lon="5.571118">
        <ele>366.245742</ele>
        <time>2024-11-01T13:49:57.999Z</time>
      </trkpt>
      <trkpt lat="49.615641" lon="5.571169">
        <ele>366.811819</ele>
        <time>2024-11-01T13:49:59.999Z</time>
      </trkpt>
      <trkpt lat="49.615734" lon="5.571202">
        <ele>367.286088</ele>
        <time>2024-11-01T13:50:01.999Z</time>
      </trkpt>
      <trkpt lat="49.615824" lon="5.571238">
        <ele>367.748166</ele>
        <time>2024-11-01T13:50:03.999Z</time>
      </trkpt>
      <trkpt lat="49.615947" lon="5.571288">
        <ele>368.380324</ele>
        <time>2024-11-01T13:50:06.999Z</time>
      </trkpt>
      <trkpt lat="49.616042" lon="5.571314">
        <ele>368.859840</ele>
        <time>2024-11-01T13:50:08.999Z</time>
      </trkpt>
      <trkpt lat="49.616154" lon="5.571383">
        <ele>369.459186</ele>
        <time>2024-11-01T13:50:11.999Z</time>
      </trkpt>
      <trkpt lat="49.616243" lon="5.571418">
        <ele>369.915649</ele>
        <time>2024-11-01T13:50:13.999Z</time>
      </trkpt>
      <trkpt lat="49.616361" lon="5.571451">
        <ele>370.511659</ele>
        <time>2024-11-01T13:50:16.999Z</time>
      </trkpt>
      <trkpt lat="49.616482" lon="5.571476">
        <ele>371.118394</ele>
        <time>2024-11-01T13:50:19.999Z</time>
      </trkpt>
      <trkpt lat="49.616602" lon="5.571491">
        <ele>371.716748</ele>
        <time>2024-11-01T13:50:22.999Z</time>
      </trkpt>
      <trkpt lat="49.616713" lon="5.571538">
        <ele>372.288802</ele>
        <time>2024-11-01T13:50:25.999Z</time>
      </trkpt>
      <trkpt lat="49.616834" lon="5.571566">
        <ele>372.896894</ele>
        <time>2024-11-01T13:50:28.999Z</time>
      </trkpt>
      <trkpt lat="49.616940" lon="5.571589">
        <ele>373.428895</ele>
        <time>2024-11-01T13:50:31.999Z</time>
      </trkpt>
      <trkpt lat="49.617045" lon="5.571601">
        <ele>373.952174</ele>
        <time>2024-11-01T13:50:34.999Z</time>
      </trkpt>
      <trkpt lat="49.617122" lon="5.571524">
        <ele>374.408165</ele>
        <time>2024-11-01T13:50:37.999Z</time>
      </trkpt>
      <trkpt lat="49.617178" lon="5.571403">
        <ele>374.864024</ele>
        <time>2024-11-01T13:50:41.999Z</time>
      </trkpt>
      <trkpt lat="49.617236" lon="5.571266">
        <ele>375.199335</ele>
        <time>2024-11-01T13:50:44.999Z</time>
      </trkpt>
      <trkpt lat="49.617302" lon="5.571115">
        <ele>375.572536</ele>
        <time>2024-11-01T13:50:47.999Z</time>
      </trkpt>
      <trkpt lat="49.617362" lon="5.570968">
        <ele>375.928507</ele>
        <time>2024-11-01T13:50:50.999Z</time>
      </trkpt>
      <trkpt lat="49.617434" lon="5.570796">
        <ele>376.348071</ele>
        <time>2024-11-01T13:50:53.999Z</time>
      </trkpt>
      <trkpt lat="49.617509" lon="5.570635">
        <ele>376.754355</ele>
        <time>2024-11-01T13:50:56.999Z</time>
      </trkpt>
      <trkpt lat="49.617557" lon="5.570510">
        <ele>377.052069</ele>
        <time>2024-11-01T13:50:58.999Z</time>
      </trkpt>
      <trkpt lat="49.617628" lon="5.570346">
        <ele>377.456196</ele>
        <time>2024-11-01T13:51:01.999Z</time>
      </trkpt>
      <trkpt lat="49.617715" lon="5.570197">
        <ele>377.867160</ele>
        <time>2024-11-01T13:51:04.999Z</time>
      </trkpt>
      <trkpt lat="49.617780" lon="5.570093">
        <ele>378.163229</ele>
        <time>2024-11-01T13:51:06.999Z</time>
      </trkpt>
      <trkpt lat="49.617869" lon="5.569948">
        <ele>378.572466</ele>
        <time>2024-11-01T13:51:09.999Z</time>
      </trkpt>
      <trkpt lat="49.617948" lon="5.569821">
        <ele>378.933188</ele>
        <time>2024-11-01T13:51:12.999Z</time>
      </trkpt>
      <trkpt lat="49.618035" lon="5.569692">
        <ele>379.314699</ele>
        <time>2024-11-01T13:51:16.999Z</time>
      </trkpt>
      <trkpt lat="49.618122" lon="5.569565">
        <ele>379.693383</ele>
        <time>2024-11-01T13:51:19.999Z</time>
      </trkpt>
      <trkpt lat="49.618207" lon="5.569436">
        <ele>380.070357</ele>
        <time>2024-11-01T13:51:22.999Z</time>
      </trkpt>
      <trkpt lat="49.618303" lon="5.569299">
        <ele>380.483823</ele>
        <time>2024-11-01T13:51:25.999Z</time>
      </trkpt>
      <trkpt lat="49.618389" lon="5.569174">
        <ele>380.739311</ele>
        <time>2024-11-01T13:51:28.999Z</time>
      </trkpt>
      <trkpt lat="49.618448" lon="5.569055">
        <ele>380.941404</ele>
        <time>2024-11-01T13:51:30.999Z</time>
      </trkpt>
      <trkpt lat="49.618503" lon="5.568933">
        <ele>381.141855</ele>
        <time>2024-11-01T13:51:32.999Z</time>
      </trkpt>
      <trkpt lat="49.618548" lon="5.568811">
        <ele>381.331188</ele>
        <time>2024-11-01T13:51:34.999Z</time>
      </trkpt>
      <trkpt lat="49.618590" lon="5.568677">
        <ele>381.531946</ele>
        <time>2024-11-01T13:51:36.999Z</time>
      </trkpt>
      <trkpt lat="49.618638" lon="5.568480">
        <ele>381.815799</ele>
        <time>2024-11-01T13:51:39.999Z</time>
      </trkpt>
      <trkpt lat="49.618685" lon="5.568345">
        <ele>382.022490</ele>
        <time>2024-11-01T13:51:41.999Z</time>
      </trkpt>
      <trkpt lat="49.618735" lon="5.568206">
        <ele>382.236909</ele>
        <time>2024-11-01T13:51:43.999Z</time>
      </trkpt>
      <trkpt lat="49.618784" lon="5.568072">
        <ele>382.444427</ele>
        <time>2024-11-01T13:51:45.999Z</time>
      </trkpt>
      <trkpt lat="49.618813" lon="5.567918">
        <ele>382.660715</ele>
        <time>2024-11-01T13:51:47.999Z</time>
      </trkpt>
      <trkpt lat="49.618853" lon="5.567773">
        <ele>382.873259</ele>
        <time>2024-11-01T13:51:49.999Z</time>
      </trkpt>
      <trkpt lat="49.618886" lon="5.567621">
        <ele>383.089457</ele>
        <time>2024-11-01T13:51:51.999Z</time>
      </trkpt>
      <trkpt lat="49.618932" lon="5.567485">
        <ele>383.296365</ele>
        <time>2024-11-01T13:51:53.999Z</time>
      </trkpt>
      <trkpt lat="49.618960" lon="5.567344">
        <ele>383.495256</ele>
        <time>2024-11-01T13:51:55.999Z</time>
      </trkpt>
      <trkpt lat="49.618989" lon="5.567203">
        <ele>383.694767</ele>
        <time>2024-11-01T13:51:57.999Z</time>
      </trkpt>
      <trkpt lat="49.619022" lon="5.567051">
        <ele>383.910965</ele>
        <time>2024-11-01T13:51:59.999Z</time>
      </trkpt>
      <trkpt lat="49.619052" lon="5.566900">
        <ele>384.123971</ele>
        <time>2024-11-01T13:52:01.999Z</time>
      </trkpt>
      <trkpt lat="49.619080" lon="5.566747">
        <ele>384.291737</ele>
        <time>2024-11-01T13:52:03.999Z</time>
      </trkpt>
      <trkpt lat="49.619126" lon="5.566610">
        <ele>384.381951</ele>
        <time>2024-11-01T13:52:05.999Z</time>
      </trkpt>
      <trkpt lat="49.619155" lon="5.566444">
        <ele>384.482467</ele>
        <time>2024-11-01T13:52:07.999Z</time>
      </trkpt>
      <trkpt lat="49.619180" lon="5.566293">
        <ele>384.573585</ele>
        <time>2024-11-01T13:52:09.999Z</time>
      </trkpt>
      <trkpt lat="49.619203" lon="5.566138">
        <ele>384.666550</ele>
        <time>2024-11-01T13:52:11.999Z</time>
      </trkpt>
      <trkpt lat="49.619207" lon="5.565970">
        <ele>384.764836</ele>
        <time>2024-11-01T13:52:13.999Z</time>
      </trkpt>
      <trkpt lat="49.619211" lon="5.565804">
        <ele>384.861953</ele>
        <time>2024-11-01T13:52:15.999Z</time>
      </trkpt>
      <trkpt lat="49.619206" lon="5.565635">
        <ele>384.960859</ele>
        <time>2024-11-01T13:52:17.999Z</time>
      </trkpt>
      <trkpt lat="49.619194" lon="5.565465">
        <ele>385.060836</ele>
        <time>2024-11-01T13:52:19.999Z</time>
      </trkpt>
      <trkpt lat="49.619190" lon="5.565288">
        <ele>385.164380</ele>
        <time>2024-11-01T13:52:21.999Z</time>
      </trkpt>
      <trkpt lat="49.619194" lon="5.565109">
        <ele>385.269092</ele>
        <time>2024-11-01T13:52:23.999Z</time>
      </trkpt>
      <trkpt lat="49.619194" lon="5.564946">
        <ele>385.364388</ele>
        <time>2024-11-01T13:52:25.999Z</time>
      </trkpt>
      <trkpt lat="49.619199" lon="5.564767">
        <ele>385.469136</ele>
        <time>2024-11-01T13:52:27.999Z</time>
      </trkpt>
      <trkpt lat="49.619201" lon="5.564595">
        <ele>385.569710</ele>
        <time>2024-11-01T13:52:29.999Z</time>
      </trkpt>
      <trkpt lat="49.619207" lon="5.564419">
        <ele>385.672748</ele>
        <time>2024-11-01T13:52:31.999Z</time>
      </trkpt>
      <trkpt lat="49.619217" lon="5.564251">
        <ele>385.771381</ele>
        <time>2024-11-01T13:52:33.999Z</time>
      </trkpt>
      <trkpt lat="49.619227" lon="5.564073">
        <ele>385.875837</ele>
        <time>2024-11-01T13:52:35.999Z</time>
      </trkpt>
      <trkpt lat="49.619216" lon="5.563895">
        <ele>385.839323</ele>
        <time>2024-11-01T13:52:37.999Z</time>
      </trkpt>
      <trkpt lat="49.619243" lon="5.563723">
        <ele>385.798615</ele>
        <time>2024-11-01T13:52:39.999Z</time>
      </trkpt>
      <trkpt lat="49.619269" lon="5.563578">
        <ele>385.764009</ele>
        <time>2024-11-01T13:52:41.998Z</time>
      </trkpt>
      <trkpt lat="49.619284" lon="5.563411">
        <ele>385.725229</ele>
        <time>2024-11-01T13:52:43.998Z</time>
      </trkpt>
      <trkpt lat="49.619272" lon="5.563247">
        <ele>385.687267</ele>
        <time>2024-11-01T13:52:45.999Z</time>
      </trkpt>
      <trkpt lat="49.619260" lon="5.563053">
        <ele>385.642441</ele>
        <time>2024-11-01T13:52:47.999Z</time>
      </trkpt>
      <trkpt lat="49.619263" lon="5.562876">
        <ele>385.601714</ele>
        <time>2024-11-01T13:52:49.999Z</time>
      </trkpt>
      <trkpt lat="49.619236" lon="5.562685">
        <ele>385.556747</ele>
        <time>2024-11-01T13:52:51.999Z</time>
      </trkpt>
      <trkpt lat="49.619217" lon="5.562516">
        <ele>385.517294</ele>
        <time>2024-11-01T13:52:53.999Z</time>
      </trkpt>
      <trkpt lat="49.619199" lon="5.562333">
        <ele>385.474718</ele>
        <time>2024-11-01T13:52:55.999Z</time>
      </trkpt>
      <trkpt lat="49.619183" lon="5.562175">
        <ele>385.437934</ele>
        <time>2024-11-01T13:52:57.999Z</time>
      </trkpt>
      <trkpt lat="49.619163" lon="5.561989">
        <ele>385.394566</ele>
        <time>2024-11-01T13:52:59.999Z</time>
      </trkpt>
      <trkpt lat="49.619163" lon="5.561814">
        <ele>385.354313</ele>
        <time>2024-11-01T13:53:01.999Z</time>
      </trkpt>
      <trkpt lat="49.619170" lon="5.561617">
        <ele>385.308932</ele>
        <time>2024-11-01T13:53:03.999Z</time>
      </trkpt>
      <trkpt lat="49.619187" lon="5.561437">
        <ele>385.267092</ele>
        <time>2024-11-01T13:53:05.999Z</time>
      </trkpt>
      <trkpt lat="49.619199" lon="5.561266">
        <ele>385.229763</ele>
        <time>2024-11-01T13:53:07.999Z</time>
      </trkpt>
      <trkpt lat="49.619208" lon="5.561083">
        <ele>385.194786</ele>
        <time>2024-11-01T13:53:09.999Z</time>
      </trkpt>
      <trkpt lat="49.619214" lon="5.560918">
        <ele>385.163291</ele>
        <time>2024-11-01T13:53:11.999Z</time>
      </trkpt>
      <trkpt lat="49.619206" lon="5.560743">
        <ele>385.129856</ele>
        <time>2024-11-01T13:53:13.999Z</time>
      </trkpt>
      <trkpt lat="49.619186" lon="5.560569">
        <ele>385.096177</ele>
        <time>2024-11-01T13:53:15.999Z</time>
      </trkpt>
      <trkpt lat="49.619152" lon="5.560409">
        <ele>385.064085</ele>
        <time>2024-11-01T13:53:17.999Z</time>
      </trkpt>
      <trkpt lat="49.619129" lon="5.560244">
        <ele>385.031920</ele>
        <time>2024-11-01T13:53:19.999Z</time>
      </trkpt>
      <trkpt lat="49.619091" lon="5.560099">
        <ele>385.002110</ele>
        <time>2024-11-01T13:53:21.999Z</time>
      </trkpt>
      <trkpt lat="49.619061" lon="5.559911">
        <ele>384.965210</ele>
        <time>2024-11-01T13:53:23.999Z</time>
      </trkpt>
      <trkpt lat="49.619032" lon="5.559754">
        <ele>384.934096</ele>
        <time>2024-11-01T13:53:25.999Z</time>
      </trkpt>
      <trkpt lat="49.619007" lon="5.559607">
        <ele>384.905131</ele>
        <time>2024-11-01T13:53:27.999Z</time>
      </trkpt>
      <trkpt lat="49.618967" lon="5.559434">
        <ele>384.870123</ele>
        <time>2024-11-01T13:53:29.999Z</time>
      </trkpt>
      <trkpt lat="49.618941" lon="5.559283">
        <ele>384.840346</ele>
        <time>2024-11-01T13:53:31.999Z</time>
      </trkpt>
      <trkpt lat="49.618909" lon="5.559129">
        <ele>384.809524</ele>
        <time>2024-11-01T13:53:33.999Z</time>
      </trkpt>
      <trkpt lat="49.618904" lon="5.558974">
        <ele>384.779947</ele>
        <time>2024-11-01T13:53:35.999Z</time>
      </trkpt>
      <trkpt lat="49.618903" lon="5.558788">
        <ele>384.744497</ele>
        <time>2024-11-01T13:53:37.999Z</time>
      </trkpt>
      <trkpt lat="49.618909" lon="5.558623">
        <ele>384.713001</ele>
        <time>2024-11-01T13:53:39.999Z</time>
      </trkpt>
      <trkpt lat="49.618872" lon="5.558432">
        <ele>384.297749</ele>
        <time>2024-11-01T13:53:41.999Z</time>
      </trkpt>
      <trkpt lat="49.618858" lon="5.558287">
        <ele>383.980628</ele>
        <time>2024-11-01T13:53:43.999Z</time>
      </trkpt>
      <trkpt lat="49.618808" lon="5.558119">
        <ele>383.580708</ele>
        <time>2024-11-01T13:53:45.999Z</time>
      </trkpt>
      <trkpt lat="49.618747" lon="5.557953">
        <ele>383.167885</ele>
        <time>2024-11-01T13:53:47.999Z</time>
      </trkpt>
      <trkpt lat="49.618691" lon="5.557776">
        <ele>382.741791</ele>
        <time>2024-11-01T13:53:49.999Z</time>
      </trkpt>
      <trkpt lat="49.618624" lon="5.557625">
        <ele>382.345893</ele>
        <time>2024-11-01T13:53:51.999Z</time>
      </trkpt>
      <trkpt lat="49.618562" lon="5.557442">
        <ele>381.899175</ele>
        <time>2024-11-01T13:53:53.999Z</time>
      </trkpt>
      <trkpt lat="49.618505" lon="5.557276">
        <ele>381.492773</ele>
        <time>2024-11-01T13:53:55.999Z</time>
      </trkpt>
      <trkpt lat="49.618440" lon="5.557102">
        <ele>381.058296</ele>
        <time>2024-11-01T13:53:57.999Z</time>
      </trkpt>
      <trkpt lat="49.618376" lon="5.556940">
        <ele>380.647850</ele>
        <time>2024-11-01T13:53:59.999Z</time>
      </trkpt>
      <trkpt lat="49.618324" lon="5.556776">
        <ele>380.252883</ele>
        <time>2024-11-01T13:54:01.999Z</time>
      </trkpt>
      <trkpt lat="49.618271" lon="5.556613">
        <ele>379.858371</ele>
        <time>2024-11-01T13:54:03.999Z</time>
      </trkpt>
      <trkpt lat="49.618211" lon="5.556448">
        <ele>379.449069</ele>
        <time>2024-11-01T13:54:05.999Z</time>
      </trkpt>
      <trkpt lat="49.618157" lon="5.556297">
        <ele>379.075972</ele>
        <time>2024-11-01T13:54:07.999Z</time>
      </trkpt>
      <trkpt lat="49.618108" lon="5.556167">
        <ele>378.750630</ele>
        <time>2024-11-01T13:54:09.999Z</time>
      </trkpt>
      <trkpt lat="49.618058" lon="5.556038">
        <ele>378.590541</ele>
        <time>2024-11-01T13:54:11.999Z</time>
      </trkpt>
      <trkpt lat="49.618010" lon="5.555891">
        <ele>378.443971</ele>
        <time>2024-11-01T13:54:13.999Z</time>
      </trkpt>
      <trkpt lat="49.617974" lon="5.555728">
        <ele>378.290638</ele>
        <time>2024-11-01T13:54:15.999Z</time>
      </trkpt>
      <trkpt lat="49.617943" lon="5.555558">
        <ele>378.133391</ele>
        <time>2024-11-01T13:54:17.999Z</time>
      </trkpt>
      <trkpt lat="49.617934" lon="5.555392">
        <ele>377.985071</ele>
        <time>2024-11-01T13:54:19.999Z</time>
      </trkpt>
      <trkpt lat="49.617918" lon="5.555217">
        <ele>377.827710</ele>
        <time>2024-11-01T13:54:21.999Z</time>
      </trkpt>
      <trkpt lat="49.617914" lon="5.555048">
        <ele>377.677134</ele>
        <time>2024-11-01T13:54:23.999Z</time>
      </trkpt>
      <trkpt lat="49.617892" lon="5.554874">
        <ele>377.519285</ele>
        <time>2024-11-01T13:54:25.999Z</time>
      </trkpt>
      <trkpt lat="49.617890" lon="5.554702">
        <ele>377.366114</ele>
        <time>2024-11-01T13:54:27.999Z</time>
      </trkpt>
      <trkpt lat="49.617881" lon="5.554523">
        <ele>377.206256</ele>
        <time>2024-11-01T13:54:29.999Z</time>
      </trkpt>
      <trkpt lat="49.617878" lon="5.554341">
        <ele>377.044153</ele>
        <time>2024-11-01T13:54:31.999Z</time>
      </trkpt>
      <trkpt lat="49.617868" lon="5.554165">
        <ele>376.886844</ele>
        <time>2024-11-01T13:54:33.999Z</time>
      </trkpt>
      <trkpt lat="49.617868" lon="5.553982">
        <ele>376.723903</ele>
        <time>2024-11-01T13:54:35.999Z</time>
      </trkpt>
      <trkpt lat="49.617857" lon="5.553798">
        <ele>376.559376</ele>
        <time>2024-11-01T13:54:37.999Z</time>
      </trkpt>
      <trkpt lat="49.617848" lon="5.553642">
        <ele>376.419927</ele>
        <time>2024-11-01T13:54:39.999Z</time>
      </trkpt>
      <trkpt lat="49.617843" lon="5.553462">
        <ele>376.259510</ele>
        <time>2024-11-01T13:54:41.999Z</time>
      </trkpt>
      <trkpt lat="49.617847" lon="5.553291">
        <ele>376.157419</ele>
        <time>2024-11-01T13:54:43.998Z</time>
      </trkpt>
      <trkpt lat="49.617842" lon="5.553115">
        <ele>376.062645</ele>
        <time>2024-11-01T13:54:45.998Z</time>
      </trkpt>
      <trkpt lat="49.617861" lon="5.552942">
        <ele>375.968248</ele>
        <time>2024-11-01T13:54:47.998Z</time>
      </trkpt>
      <trkpt lat="49.617885" lon="5.552777">
        <ele>375.877273</ele>
        <time>2024-11-01T13:54:49.998Z</time>
      </trkpt>
      <trkpt lat="49.617918" lon="5.552636">
        <ele>375.796621</ele>
        <time>2024-11-01T13:54:51.999Z</time>
      </trkpt>
      <trkpt lat="49.617934" lon="5.552484">
        <ele>375.713777</ele>
        <time>2024-11-01T13:54:53.999Z</time>
      </trkpt>
      <trkpt lat="49.617939" lon="5.552291">
        <ele>375.609865</ele>
        <time>2024-11-01T13:54:56.999Z</time>
      </trkpt>
      <trkpt lat="49.617939" lon="5.552149">
        <ele>375.533473</ele>
        <time>2024-11-01T13:54:58.999Z</time>
      </trkpt>
      <trkpt lat="49.617942" lon="5.552005">
        <ele>375.455965</ele>
        <time>2024-11-01T13:55:00.999Z</time>
      </trkpt>
      <trkpt lat="49.617924" lon="5.551847">
        <ele>375.369662</ele>
        <time>2024-11-01T13:55:02.999Z</time>
      </trkpt>
      <trkpt lat="49.617895" lon="5.551683">
        <ele>375.278207</ele>
        <time>2024-11-01T13:55:04.999Z</time>
      </trkpt>
      <trkpt lat="49.617869" lon="5.551514">
        <ele>375.184761</ele>
        <time>2024-11-01T13:55:06.999Z</time>
      </trkpt>
      <trkpt lat="49.617839" lon="5.551375">
        <ele>375.105943</ele>
        <time>2024-11-01T13:55:08.999Z</time>
      </trkpt>
      <trkpt lat="49.617799" lon="5.551209">
        <ele>375.010663</ele>
        <time>2024-11-01T13:55:10.999Z</time>
      </trkpt>
      <trkpt lat="49.617796" lon="5.551040">
        <ele>374.919711</ele>
        <time>2024-11-01T13:55:12.999Z</time>
      </trkpt>
      <trkpt lat="49.617815" lon="5.550864">
        <ele>374.823723</ele>
        <time>2024-11-01T13:55:14.999Z</time>
      </trkpt>
      <trkpt lat="49.617818" lon="5.550678">
        <ele>374.684227</ele>
        <time>2024-11-01T13:55:16.999Z</time>
      </trkpt>
      <trkpt lat="49.617825" lon="5.550500">
        <ele>374.366039</ele>
        <time>2024-11-01T13:55:18.999Z</time>
      </trkpt>
      <trkpt lat="49.617856" lon="5.550322">
        <ele>374.037161</ele>
        <time>2024-11-01T13:55:20.999Z</time>
      </trkpt>
      <trkpt lat="49.617884" lon="5.550162">
        <ele>373.741443</ele>
        <time>2024-11-01T13:55:22.999Z</time>
      </trkpt>
      <trkpt lat="49.617910" lon="5.549984">
        <ele>373.415869</ele>
        <time>2024-11-01T13:55:24.999Z</time>
      </trkpt>
      <trkpt lat="49.617953" lon="5.549820">
        <ele>373.100191</ele>
        <time>2024-11-01T13:55:26.999Z</time>
      </trkpt>
      <trkpt lat="49.617984" lon="5.549670">
        <ele>372.819261</ele>
        <time>2024-11-01T13:55:28.999Z</time>
      </trkpt>
      <trkpt lat="49.618004" lon="5.549497">
        <ele>372.505705</ele>
        <time>2024-11-01T13:55:30.999Z</time>
      </trkpt>
      <trkpt lat="49.617998" lon="5.549323">
        <ele>372.194800</ele>
        <time>2024-11-01T13:55:32.999Z</time>
      </trkpt>
      <trkpt lat="49.617994" lon="5.549164">
        <ele>371.910885</ele>
        <time>2024-11-01T13:55:34.999Z</time>
      </trkpt>
      <trkpt lat="49.617967" lon="5.549017">
        <ele>371.638259</ele>
        <time>2024-11-01T13:55:36.999Z</time>
      </trkpt>
      <trkpt lat="49.617946" lon="5.548818">
        <ele>371.278507</ele>
        <time>2024-11-01T13:55:39.999Z</time>
      </trkpt>
      <trkpt lat="49.617940" lon="5.548656">
        <ele>370.988980</ele>
        <time>2024-11-01T13:55:42.999Z</time>
      </trkpt>
      <trkpt lat="49.617910" lon="5.548520">
        <ele>370.732638</ele>
        <time>2024-11-01T13:55:46.999Z</time>
      </trkpt>
      <trkpt lat="49.617831" lon="5.548426">
        <ele>370.457925</ele>
        <time>2024-11-01T13:55:50.999Z</time>
      </trkpt>
      <trkpt lat="49.617722" lon="5.548357">
        <ele>370.133470</ele>
        <time>2024-11-01T13:55:53.999Z</time>
      </trkpt>
      <trkpt lat="49.617622" lon="5.548292">
        <ele>369.834642</ele>
        <time>2024-11-01T13:55:55.999Z</time>
      </trkpt>
      <trkpt lat="49.617514" lon="5.548228">
        <ele>368.391782</ele>
        <time>2024-11-01T13:55:57.999Z</time>
      </trkpt>
      <trkpt lat="49.617354" lon="5.548155">
        <ele>366.026609</ele>
        <time>2024-11-01T13:55:59.999Z</time>
      </trkpt>
      <trkpt lat="49.617186" lon="5.548142">
        <ele>363.642056</ele>
        <time>2024-11-01T13:56:01.999Z</time>
      </trkpt>
      <trkpt lat="49.617039" lon="5.548101">
        <ele>361.524439</ele>
        <time>2024-11-01T13:56:03.999Z</time>
      </trkpt>
      <trkpt lat="49.616897" lon="5.548070">
        <ele>359.491417</ele>
        <time>2024-11-01T13:56:05.999Z</time>
      </trkpt>
      <trkpt lat="49.616759" lon="5.548038">
        <ele>357.513180</ele>
        <time>2024-11-01T13:56:07.999Z</time>
      </trkpt>
      <trkpt lat="49.616632" lon="5.547960">
        <ele>355.575533</ele>
        <time>2024-11-01T13:56:09.999Z</time>
      </trkpt>
      <trkpt lat="49.616496" lon="5.547892">
        <ele>353.548964</ele>
        <time>2024-11-01T13:56:11.999Z</time>
      </trkpt>
      <trkpt lat="49.616357" lon="5.547807">
        <ele>351.429485</ele>
        <time>2024-11-01T13:56:13.999Z</time>
      </trkpt>
      <trkpt lat="49.616221" lon="5.547733">
        <ele>349.385259</ele>
        <time>2024-11-01T13:56:15.999Z</time>
      </trkpt>
      <trkpt lat="49.616079" lon="5.547652">
        <ele>347.239195</ele>
        <time>2024-11-01T13:56:17.999Z</time>
      </trkpt>
      <trkpt lat="49.615982" lon="5.547652">
        <ele>345.864127</ele>
        <time>2024-11-01T13:56:18.999Z</time>
      </trkpt>
      <trkpt lat="49.615828" lon="5.547620">
        <ele>343.567964</ele>
        <time>2024-11-01T13:56:20.999Z</time>
      </trkpt>
      <trkpt lat="49.615732" lon="5.547511">
        <ele>341.627424</ele>
        <time>2024-11-01T13:56:22.999Z</time>
      </trkpt>
      <trkpt lat="49.615615" lon="5.547416">
        <ele>339.474811</ele>
        <time>2024-11-01T13:56:24.999Z</time>
      </trkpt>
      <trkpt lat="49.615476" lon="5.547356">
        <ele>337.124675</ele>
        <time>2024-11-01T13:56:26.998Z</time>
      </trkpt>
      <trkpt lat="49.615338" lon="5.547345">
        <ele>334.874675</ele>
        <time>2024-11-01T13:56:28.998Z</time>
      </trkpt>
      <trkpt lat="49.615194" lon="5.547295">
        <ele>332.471372</ele>
        <time>2024-11-01T13:56:30.998Z</time>
      </trkpt>
      <trkpt lat="49.615105" lon="5.547283">
        <ele>331.016697</ele>
        <time>2024-11-01T13:56:31.998Z</time>
      </trkpt>
      <trkpt lat="49.614930" lon="5.547284">
        <ele>328.167215</ele>
        <time>2024-11-01T13:56:33.998Z</time>
      </trkpt>
      <trkpt lat="49.614763" lon="5.547269">
        <ele>325.443412</ele>
        <time>2024-11-01T13:56:35.998Z</time>
      </trkpt>
      <trkpt lat="49.614585" lon="5.547216">
        <ele>322.491658</ele>
        <time>2024-11-01T13:56:37.998Z</time>
      </trkpt>
      <trkpt lat="49.614482" lon="5.547208">
        <ele>320.812423</ele>
        <time>2024-11-01T13:56:38.998Z</time>
      </trkpt>
      <trkpt lat="49.614380" lon="5.547205">
        <ele>319.151292</ele>
        <time>2024-11-01T13:56:39.998Z</time>
      </trkpt>
      <trkpt lat="49.614276" lon="5.547203">
        <ele>317.457765</ele>
        <time>2024-11-01T13:56:40.998Z</time>
      </trkpt>
      <trkpt lat="49.614174" lon="5.547193">
        <ele>315.793588</ele>
        <time>2024-11-01T13:56:41.998Z</time>
      </trkpt>
      <trkpt lat="49.614068" lon="5.547204">
        <ele>314.543526</ele>
        <time>2024-11-01T13:56:42.998Z</time>
      </trkpt>
      <trkpt lat="49.613956" lon="5.547216">
        <ele>313.649326</ele>
        <time>2024-11-01T13:56:43.998Z</time>
      </trkpt>
      <trkpt lat="49.613852" lon="5.547238">
        <ele>312.813248</ele>
        <time>2024-11-01T13:56:44.998Z</time>
      </trkpt>
      <trkpt lat="49.613673" lon="5.547290">
        <ele>311.362521</ele>
        <time>2024-11-01T13:56:46.998Z</time>
      </trkpt>
      <trkpt lat="49.613571" lon="5.547302">
        <ele>310.547760</ele>
        <time>2024-11-01T13:56:47.998Z</time>
      </trkpt>
      <trkpt lat="49.613459" lon="5.547306">
        <ele>309.655469</ele>
        <time>2024-11-01T13:56:48.998Z</time>
      </trkpt>
      <trkpt lat="49.613354" lon="5.547297">
        <ele>308.817881</ele>
        <time>2024-11-01T13:56:49.998Z</time>
      </trkpt>
      <trkpt lat="49.613265" lon="5.547321">
        <ele>308.098279</ele>
        <time>2024-11-01T13:56:50.998Z</time>
      </trkpt>
      <trkpt lat="49.613164" lon="5.547335">
        <ele>307.290601</ele>
        <time>2024-11-01T13:56:51.998Z</time>
      </trkpt>
      <trkpt lat="49.613054" lon="5.547339">
        <ele>306.414235</ele>
        <time>2024-11-01T13:56:52.998Z</time>
      </trkpt>
      <trkpt lat="49.612956" lon="5.547338">
        <ele>305.633672</ele>
        <time>2024-11-01T13:56:53.998Z</time>
      </trkpt>
      <trkpt lat="49.612858" lon="5.547311">
        <ele>304.840787</ele>
        <time>2024-11-01T13:56:54.998Z</time>
      </trkpt>
      <trkpt lat="49.612756" lon="5.547294">
        <ele>304.023659</ele>
        <time>2024-11-01T13:56:55.998Z</time>
      </trkpt>
      <trkpt lat="49.612591" lon="5.547231">
        <ele>302.669854</ele>
        <time>2024-11-01T13:56:57.999Z</time>
      </trkpt>
      <trkpt lat="49.612481" lon="5.547198">
        <ele>301.777332</ele>
        <time>2024-11-01T13:56:59.999Z</time>
      </trkpt>
      <trkpt lat="49.612382" lon="5.547180">
        <ele>300.983368</ele>
        <time>2024-11-01T13:57:00.999Z</time>
      </trkpt>
      <trkpt lat="49.612229" lon="5.547191">
        <ele>300.202656</ele>
        <time>2024-11-01T13:57:02.999Z</time>
      </trkpt>
      <trkpt lat="49.612075" lon="5.547189">
        <ele>299.565634</ele>
        <time>2024-11-01T13:57:04.999Z</time>
      </trkpt>
      <trkpt lat="49.611912" lon="5.547175">
        <ele>298.890364</ele>
        <time>2024-11-01T13:57:06.999Z</time>
      </trkpt>
      <trkpt lat="49.611764" lon="5.547138">
        <ele>298.270203</ele>
        <time>2024-11-01T13:57:08.999Z</time>
      </trkpt>
      <trkpt lat="49.611602" lon="5.547118">
        <ele>297.597972</ele>
        <time>2024-11-01T13:57:10.999Z</time>
      </trkpt>
      <trkpt lat="49.611433" lon="5.547046">
        <ele>296.872780</ele>
        <time>2024-11-01T13:57:12.999Z</time>
      </trkpt>
      <trkpt lat="49.611268" lon="5.546978">
        <ele>296.166365</ele>
        <time>2024-11-01T13:57:14.999Z</time>
      </trkpt>
      <trkpt lat="49.611109" lon="5.546911">
        <ele>295.484608</ele>
        <time>2024-11-01T13:57:16.999Z</time>
      </trkpt>
      <trkpt lat="49.611017" lon="5.546870">
        <ele>295.088514</ele>
        <time>2024-11-01T13:57:17.999Z</time>
      </trkpt>
      <trkpt lat="49.610900" lon="5.546836">
        <ele>294.596055</ele>
        <time>2024-11-01T13:57:19.999Z</time>
      </trkpt>
      <trkpt lat="49.610808" lon="5.546804">
        <ele>294.205964</ele>
        <time>2024-11-01T13:57:20.999Z</time>
      </trkpt>
      <trkpt lat="49.610657" lon="5.546754">
        <ele>293.567159</ele>
        <time>2024-11-01T13:57:22.999Z</time>
      </trkpt>
      <trkpt lat="49.610521" lon="5.546687">
        <ele>292.961843</ele>
        <time>2024-11-01T13:57:24.999Z</time>
      </trkpt>
      <trkpt lat="49.610380" lon="5.546635">
        <ele>292.328149</ele>
        <time>2024-11-01T13:57:26.999Z</time>
      </trkpt>
      <trkpt lat="49.610256" lon="5.546568">
        <ele>291.753857</ele>
        <time>2024-11-01T13:57:28.999Z</time>
      </trkpt>
      <trkpt lat="49.610116" lon="5.546471">
        <ele>291.083041</ele>
        <time>2024-11-01T13:57:30.999Z</time>
      </trkpt>
      <trkpt lat="49.610008" lon="5.546401">
        <ele>290.571005</ele>
        <time>2024-11-01T13:57:32.999Z</time>
      </trkpt>
      <trkpt lat="49.609874" lon="5.546321">
        <ele>289.942960</ele>
        <time>2024-11-01T13:57:34.999Z</time>
      </trkpt>
      <trkpt lat="49.609754" lon="5.546255">
        <ele>289.386097</ele>
        <time>2024-11-01T13:57:36.999Z</time>
      </trkpt>
      <trkpt lat="49.609640" lon="5.546195">
        <ele>288.859596</ele>
        <time>2024-11-01T13:57:38.999Z</time>
      </trkpt>
      <trkpt lat="49.609527" lon="5.546120">
        <ele>288.321904</ele>
        <time>2024-11-01T13:57:40.999Z</time>
      </trkpt>
      <trkpt lat="49.609403" lon="5.546043">
        <ele>287.737639</ele>
        <time>2024-11-01T13:57:42.999Z</time>
      </trkpt>
      <trkpt lat="49.609292" lon="5.545984">
        <ele>287.224461</ele>
        <time>2024-11-01T13:57:44.999Z</time>
      </trkpt>
      <trkpt lat="49.609164" lon="5.545915">
        <ele>286.631793</ele>
        <time>2024-11-01T13:57:46.999Z</time>
      </trkpt>
      <trkpt lat="49.609034" lon="5.545856">
        <ele>286.039472</ele>
        <time>2024-11-01T13:57:48.999Z</time>
      </trkpt>
      <trkpt lat="49.608902" lon="5.545782">
        <ele>285.425579</ele>
        <time>2024-11-01T13:57:50.999Z</time>
      </trkpt>
      <trkpt lat="49.608779" lon="5.545718">
        <ele>284.745485</ele>
        <time>2024-11-01T13:57:52.999Z</time>
      </trkpt>
      <trkpt lat="49.608637" lon="5.545655">
        <ele>283.958831</ele>
        <time>2024-11-01T13:57:54.999Z</time>
      </trkpt>
      <trkpt lat="49.608511" lon="5.545598">
        <ele>283.259758</ele>
        <time>2024-11-01T13:57:56.999Z</time>
      </trkpt>
      <trkpt lat="49.608370" lon="5.545554">
        <ele>282.493858</ele>
        <time>2024-11-01T13:57:58.999Z</time>
      </trkpt>
      <trkpt lat="49.608230" lon="5.545519">
        <ele>281.738759</ele>
        <time>2024-11-01T13:58:00.999Z</time>
      </trkpt>
      <trkpt lat="49.608098" lon="5.545489">
        <ele>281.028390</ele>
        <time>2024-11-01T13:58:02.999Z</time>
      </trkpt>
      <trkpt lat="49.607960" lon="5.545452">
        <ele>280.282650</ele>
        <time>2024-11-01T13:58:04.999Z</time>
      </trkpt>
      <trkpt lat="49.607833" lon="5.545431">
        <ele>279.602612</ele>
        <time>2024-11-01T13:58:06.999Z</time>
      </trkpt>
      <trkpt lat="49.607677" lon="5.545423">
        <ele>278.771586</ele>
        <time>2024-11-01T13:58:08.999Z</time>
      </trkpt>
      <trkpt lat="49.607556" lon="5.545448">
        <ele>278.121616</ele>
        <time>2024-11-01T13:58:10.999Z</time>
      </trkpt>
      <trkpt lat="49.607413" lon="5.545483">
        <ele>277.350745</ele>
        <time>2024-11-01T13:58:12.999Z</time>
      </trkpt>
      <trkpt lat="49.607293" lon="5.545510">
        <ele>276.705091</ele>
        <time>2024-11-01T13:58:14.999Z</time>
      </trkpt>
      <trkpt lat="49.607170" lon="5.545549">
        <ele>276.036540</ele>
        <time>2024-11-01T13:58:16.999Z</time>
      </trkpt>
      <trkpt lat="49.607050" lon="5.545570">
        <ele>275.648148</ele>
        <time>2024-11-01T13:58:18.999Z</time>
      </trkpt>
      <trkpt lat="49.606931" lon="5.545600">
        <ele>275.409418</ele>
        <time>2024-11-01T13:58:20.999Z</time>
      </trkpt>
      <trkpt lat="49.606831" lon="5.545647">
        <ele>275.202449</ele>
        <time>2024-11-01T13:58:22.999Z</time>
      </trkpt>
      <trkpt lat="49.606729" lon="5.545660">
        <ele>274.999813</ele>
        <time>2024-11-01T13:58:24.999Z</time>
      </trkpt>
      <trkpt lat="49.606602" lon="5.545709">
        <ele>274.740626</ele>
        <time>2024-11-01T13:58:26.998Z</time>
      </trkpt>
      <trkpt lat="49.606482" lon="5.545749">
        <ele>274.497560</ele>
        <time>2024-11-01T13:58:28.998Z</time>
      </trkpt>
      <trkpt lat="49.606353" lon="5.545791">
        <ele>274.236531</ele>
        <time>2024-11-01T13:58:30.998Z</time>
      </trkpt>
      <trkpt lat="49.606226" lon="5.545826">
        <ele>273.981106</ele>
        <time>2024-11-01T13:58:32.998Z</time>
      </trkpt>
      <trkpt lat="49.606104" lon="5.545865">
        <ele>273.734431</ele>
        <time>2024-11-01T13:58:34.998Z</time>
      </trkpt>
      <trkpt lat="49.605984" lon="5.545908">
        <ele>273.490523</ele>
        <time>2024-11-01T13:58:36.998Z</time>
      </trkpt>
      <trkpt lat="49.605872" lon="5.545946">
        <ele>273.263478</ele>
        <time>2024-11-01T13:58:38.998Z</time>
      </trkpt>
      <trkpt lat="49.605751" lon="5.545983">
        <ele>273.019253</ele>
        <time>2024-11-01T13:58:40.998Z</time>
      </trkpt>
      <trkpt lat="49.605627" lon="5.546032">
        <ele>272.765825</ele>
        <time>2024-11-01T13:58:42.998Z</time>
      </trkpt>
      <trkpt lat="49.605505" lon="5.546088">
        <ele>272.513818</ele>
        <time>2024-11-01T13:58:44.998Z</time>
      </trkpt>
      <trkpt lat="49.605392" lon="5.546150">
        <ele>272.276368</ele>
        <time>2024-11-01T13:58:46.998Z</time>
      </trkpt>
      <trkpt lat="49.605269" lon="5.546221">
        <ele>271.865047</ele>
        <time>2024-11-01T13:58:48.998Z</time>
      </trkpt>
      <trkpt lat="49.605150" lon="5.546286">
        <ele>271.444303</ele>
        <time>2024-11-01T13:58:50.998Z</time>
      </trkpt>
      <trkpt lat="49.605034" lon="5.546366">
        <ele>271.020816</ele>
        <time>2024-11-01T13:58:52.998Z</time>
      </trkpt>
      <trkpt lat="49.604922" lon="5.546437">
        <ele>270.617245</ele>
        <time>2024-11-01T13:58:54.998Z</time>
      </trkpt>
      <trkpt lat="49.604802" lon="5.546503">
        <ele>270.192637</ele>
        <time>2024-11-01T13:58:56.998Z</time>
      </trkpt>
      <trkpt lat="49.604690" lon="5.546568">
        <ele>269.793810</ele>
        <time>2024-11-01T13:58:58.998Z</time>
      </trkpt>
      <trkpt lat="49.604571" lon="5.546653">
        <ele>269.356748</ele>
        <time>2024-11-01T13:59:00.998Z</time>
      </trkpt>
      <trkpt lat="49.604455" lon="5.546714">
        <ele>268.948284</ele>
        <time>2024-11-01T13:59:02.998Z</time>
      </trkpt>
      <trkpt lat="49.604350" lon="5.546747">
        <ele>268.591132</ele>
        <time>2024-11-01T13:59:04.999Z</time>
      </trkpt>
      <trkpt lat="49.604224" lon="5.546849">
        <ele>268.116889</ele>
        <time>2024-11-01T13:59:06.999Z</time>
      </trkpt>
      <trkpt lat="49.604108" lon="5.546924">
        <ele>267.697691</ele>
        <time>2024-11-01T13:59:08.999Z</time>
      </trkpt>
      <trkpt lat="49.603988" lon="5.547011">
        <ele>267.255782</ele>
        <time>2024-11-01T13:59:10.999Z</time>
      </trkpt>
      <trkpt lat="49.603875" lon="5.547067">
        <ele>266.860204</ele>
        <time>2024-11-01T13:59:12.999Z</time>
      </trkpt>
      <trkpt lat="49.603752" lon="5.547155">
        <ele>266.408320</ele>
        <time>2024-11-01T13:59:14.999Z</time>
      </trkpt>
      <trkpt lat="49.603637" lon="5.547235">
        <ele>266.085538</ele>
        <time>2024-11-01T13:59:16.999Z</time>
      </trkpt>
      <trkpt lat="49.603525" lon="5.547295">
        <ele>265.841737</ele>
        <time>2024-11-01T13:59:18.999Z</time>
      </trkpt>
      <trkpt lat="49.603406" lon="5.547373">
        <ele>265.575862</ele>
        <time>2024-11-01T13:59:20.999Z</time>
      </trkpt>
      <trkpt lat="49.603308" lon="5.547435">
        <ele>265.358055</ele>
        <time>2024-11-01T13:59:22.999Z</time>
      </trkpt>
      <trkpt lat="49.603215" lon="5.547504">
        <ele>265.145851</ele>
        <time>2024-11-01T13:59:24.999Z</time>
      </trkpt>
      <trkpt lat="49.603121" lon="5.547599">
        <ele>264.914778</ele>
        <time>2024-11-01T13:59:27.999Z</time>
      </trkpt>
      <trkpt lat="49.603058" lon="5.547699">
        <ele>264.728916</ele>
        <time>2024-11-01T13:59:32.999Z</time>
      </trkpt>
      <trkpt lat="49.602863" lon="5.547998">
        <ele>264.163598</ele>
        <time>2024-11-01T14:00:49.998Z</time>
      </trkpt>
      <trkpt lat="49.602810" lon="5.548126">
        <ele>263.961166</ele>
        <time>2024-11-01T14:00:51.998Z</time>
      </trkpt>
      <trkpt lat="49.602730" lon="5.548259">
        <ele>263.719336</ele>
        <time>2024-11-01T14:00:54.998Z</time>
      </trkpt>
      <trkpt lat="49.602646" lon="5.548409">
        <ele>263.455137</ele>
        <time>2024-11-01T14:00:57.998Z</time>
      </trkpt>
      <trkpt lat="49.602593" lon="5.548530">
        <ele>263.260501</ele>
        <time>2024-11-01T14:00:59.998Z</time>
      </trkpt>
      <trkpt lat="49.602515" lon="5.548713">
        <ele>262.968596</ele>
        <time>2024-11-01T14:01:02.998Z</time>
      </trkpt>
      <trkpt lat="49.602448" lon="5.548840">
        <ele>262.750352</ele>
        <time>2024-11-01T14:01:04.998Z</time>
      </trkpt>
      <trkpt lat="49.602379" lon="5.549025">
        <ele>262.475027</ele>
        <time>2024-11-01T14:01:07.998Z</time>
      </trkpt>
      <trkpt lat="49.602339" lon="5.549158">
        <ele>262.302449</ele>
        <time>2024-11-01T14:01:09.999Z</time>
      </trkpt>
      <trkpt lat="49.602294" lon="5.549302">
        <ele>262.114283</ele>
        <time>2024-11-01T14:01:11.999Z</time>
      </trkpt>
      <trkpt lat="49.602224" lon="5.549435">
        <ele>261.912620</ele>
        <time>2024-11-01T14:01:13.999Z</time>
      </trkpt>
      <trkpt lat="49.602187" lon="5.549569">
        <ele>261.741181</ele>
        <time>2024-11-01T14:01:15.999Z</time>
      </trkpt>
      <trkpt lat="49.602120" lon="5.549673">
        <ele>261.568581</ele>
        <time>2024-11-01T14:01:17.999Z</time>
      </trkpt>
      <trkpt lat="49.602066" lon="5.549843">
        <ele>261.345745</ele>
        <time>2024-11-01T14:01:19.999Z</time>
      </trkpt>
      <trkpt lat="49.602031" lon="5.549994">
        <ele>261.156989</ele>
        <time>2024-11-01T14:01:21.999Z</time>
      </trkpt>
      <trkpt lat="49.601985" lon="5.550131">
        <ele>260.975380</ele>
        <time>2024-11-01T14:01:23.999Z</time>
      </trkpt>
      <trkpt lat="49.601935" lon="5.550289">
        <ele>260.768424</ele>
        <time>2024-11-01T14:01:25.999Z</time>
      </trkpt>
      <trkpt lat="49.601892" lon="5.550446">
        <ele>260.567806</ele>
        <time>2024-11-01T14:01:27.999Z</time>
      </trkpt>
      <trkpt lat="49.601842" lon="5.550575">
        <ele>260.390887</ele>
        <time>2024-11-01T14:01:29.999Z</time>
      </trkpt>
      <trkpt lat="49.601803" lon="5.550708">
        <ele>260.219064</ele>
        <time>2024-11-01T14:01:31.999Z</time>
      </trkpt>
      <trkpt lat="49.601729" lon="5.550851">
        <ele>260.003675</ele>
        <time>2024-11-01T14:01:34.999Z</time>
      </trkpt>
      <trkpt lat="49.601681" lon="5.550978">
        <ele>259.830630</ele>
        <time>2024-11-01T14:01:36.999Z</time>
      </trkpt>
      <trkpt lat="49.601617" lon="5.551081">
        <ele>259.662678</ele>
        <time>2024-11-01T14:01:38.999Z</time>
      </trkpt>
      <trkpt lat="49.601594" lon="5.551249">
        <ele>259.460571</ele>
        <time>2024-11-01T14:01:40.999Z</time>
      </trkpt>
      <trkpt lat="49.601576" lon="5.551414">
        <ele>259.257025</ele>
        <time>2024-11-01T14:01:42.999Z</time>
      </trkpt>
      <trkpt lat="49.601531" lon="5.551567">
        <ele>258.965493</ele>
        <time>2024-11-01T14:01:44.999Z</time>
      </trkpt>
      <trkpt lat="49.601506" lon="5.551720">
        <ele>258.691712</ele>
        <time>2024-11-01T14:01:46.999Z</time>
      </trkpt>
      <trkpt lat="49.601481" lon="5.551858">
        <ele>258.443086</ele>
        <time>2024-11-01T14:01:48.999Z</time>
      </trkpt>
      <trkpt lat="49.601448" lon="5.552044">
        <ele>258.108478</ele>
        <time>2024-11-01T14:01:51.999Z</time>
      </trkpt>
      <trkpt lat="49.601393" lon="5.552226">
        <ele>257.760042</ele>
        <time>2024-11-01T14:01:54.999Z</time>
      </trkpt>
      <trkpt lat="49.601345" lon="5.552387">
        <ele>257.452546</ele>
        <time>2024-11-01T14:01:57.999Z</time>
      </trkpt>
      <trkpt lat="49.601332" lon="5.552529">
        <ele>257.203711</ele>
        <time>2024-11-01T14:01:59.999Z</time>
      </trkpt>
      <trkpt lat="49.601329" lon="5.552740">
        <ele>256.837511</ele>
        <time>2024-11-01T14:02:02.999Z</time>
      </trkpt>
      <trkpt lat="49.601314" lon="5.552883">
        <ele>256.586158</ele>
        <time>2024-11-01T14:02:04.999Z</time>
      </trkpt>
      <trkpt lat="49.601295" lon="5.553020">
        <ele>256.343064</ele>
        <time>2024-11-01T14:02:06.999Z</time>
      </trkpt>
      <trkpt lat="49.601271" lon="5.553180">
        <ele>256.058104</ele>
        <time>2024-11-01T14:02:08.999Z</time>
      </trkpt>
      <trkpt lat="49.601246" lon="5.553369">
        <ele>255.723403</ele>
        <time>2024-11-01T14:02:11.999Z</time>
      </trkpt>
      <trkpt lat="49.601224" lon="5.553544">
        <ele>255.414095</ele>
        <time>2024-11-01T14:02:14.999Z</time>
      </trkpt>
      <trkpt lat="49.601247" lon="5.553745">
        <ele>255.059939</ele>
        <time>2024-11-01T14:02:17.999Z</time>
      </trkpt>
      <trkpt lat="49.601242" lon="5.553908">
        <ele>254.776795</ele>
        <time>2024-11-01T14:02:19.999Z</time>
      </trkpt>
      <trkpt lat="49.601223" lon="5.554059">
        <ele>254.509898</ele>
        <time>2024-11-01T14:02:21.999Z</time>
      </trkpt>
      <trkpt lat="49.601219" lon="5.554219">
        <ele>254.214525</ele>
        <time>2024-11-01T14:02:23.999Z</time>
      </trkpt>
      <trkpt lat="49.601216" lon="5.554360">
        <ele>253.951073</ele>
        <time>2024-11-01T14:02:25.999Z</time>
      </trkpt>
      <trkpt lat="49.601233" lon="5.554535">
        <ele>253.620618</ele>
        <time>2024-11-01T14:02:28.999Z</time>
      </trkpt>
      <trkpt lat="49.601228" lon="5.554744">
        <ele>253.230055</ele>
        <time>2024-11-01T14:02:31.999Z</time>
      </trkpt>
      <trkpt lat="49.601211" lon="5.554908">
        <ele>252.919900</ele>
        <time>2024-11-01T14:02:33.999Z</time>
      </trkpt>
      <trkpt lat="49.601203" lon="5.555067">
        <ele>252.622081</ele>
        <time>2024-11-01T14:02:35.999Z</time>
      </trkpt>
      <trkpt lat="49.601157" lon="5.555225">
        <ele>252.298620</ele>
        <time>2024-11-01T14:02:37.999Z</time>
      </trkpt>
      <trkpt lat="49.601159" lon="5.555433">
        <ele>251.910147</ele>
        <time>2024-11-01T14:02:40.999Z</time>
      </trkpt>
      <trkpt lat="49.601169" lon="5.555580">
        <ele>251.634123</ele>
        <time>2024-11-01T14:02:42.999Z</time>
      </trkpt>
      <trkpt lat="49.601162" lon="5.555756">
        <ele>251.304833</ele>
        <time>2024-11-01T14:02:45.998Z</time>
      </trkpt>
      <trkpt lat="49.601159" lon="5.555948">
        <ele>250.946177</ele>
        <time>2024-11-01T14:02:48.998Z</time>
      </trkpt>
      <trkpt lat="49.601173" lon="5.556117">
        <ele>250.628010</ele>
        <time>2024-11-01T14:02:52.998Z</time>
      </trkpt>
      <trkpt lat="49.601205" lon="5.556275">
        <ele>250.318881</ele>
        <time>2024-11-01T14:02:56.998Z</time>
      </trkpt>
      <trkpt lat="49.601212" lon="5.556422">
        <ele>250.043625</ele>
        <time>2024-11-01T14:02:59.998Z</time>
      </trkpt>
      <trkpt lat="49.601088" lon="5.556481">
        <ele>249.669728</ele>
        <time>2024-11-01T14:03:03.998Z</time>
      </trkpt>
      <trkpt lat="49.600970" lon="5.556556">
        <ele>249.302004</ele>
        <time>2024-11-01T14:03:06.998Z</time>
      </trkpt>
      <trkpt lat="49.600879" lon="5.556607">
        <ele>249.158112</ele>
        <time>2024-11-01T14:03:08.998Z</time>
      </trkpt>
      <trkpt lat="49.600782" lon="5.556629">
        <ele>249.024395</ele>
        <time>2024-11-01T14:03:10.998Z</time>
      </trkpt>
      <trkpt lat="49.600685" lon="5.556651">
        <ele>248.890678</ele>
        <time>2024-11-01T14:03:12.998Z</time>
      </trkpt>
      <trkpt lat="49.600582" lon="5.556702">
        <ele>248.743143</ele>
        <time>2024-11-01T14:03:14.998Z</time>
      </trkpt>
      <trkpt lat="49.600468" lon="5.556758">
        <ele>248.579973</ele>
        <time>2024-11-01T14:03:16.998Z</time>
      </trkpt>
      <trkpt lat="49.600368" lon="5.556774">
        <ele>248.442854</ele>
        <time>2024-11-01T14:03:18.998Z</time>
      </trkpt>
      <trkpt lat="49.600269" lon="5.556821">
        <ele>248.301584</ele>
        <time>2024-11-01T14:03:20.998Z</time>
      </trkpt>
      <trkpt lat="49.600162" lon="5.556888">
        <ele>248.144090</ele>
        <time>2024-11-01T14:03:22.998Z</time>
      </trkpt>
      <trkpt lat="49.600068" lon="5.556979">
        <ele>247.992741</ele>
        <time>2024-11-01T14:03:24.998Z</time>
      </trkpt>
      <trkpt lat="49.599978" lon="5.557054">
        <ele>247.853233</ele>
        <time>2024-11-01T14:03:26.999Z</time>
      </trkpt>
      <trkpt lat="49.599890" lon="5.557158">
        <ele>247.702050</ele>
        <time>2024-11-01T14:03:28.999Z</time>
      </trkpt>
      <trkpt lat="49.599800" lon="5.557249">
        <ele>247.555293</ele>
        <time>2024-11-01T14:03:30.999Z</time>
      </trkpt>
      <trkpt lat="49.599713" lon="5.557349">
        <ele>247.407330</ele>
        <time>2024-11-01T14:03:32.999Z</time>
      </trkpt>
      <trkpt lat="49.599625" lon="5.557432">
        <ele>247.266660</ele>
        <time>2024-11-01T14:03:34.999Z</time>
      </trkpt>
      <trkpt lat="49.599535" lon="5.557541">
        <ele>247.110613</ele>
        <time>2024-11-01T14:03:36.999Z</time>
      </trkpt>
      <trkpt lat="49.599445" lon="5.557603">
        <ele>246.976185</ele>
        <time>2024-11-01T14:03:38.999Z</time>
      </trkpt>
      <trkpt lat="49.599354" lon="5.557676">
        <ele>246.836300</ele>
        <time>2024-11-01T14:03:40.999Z</time>
      </trkpt>
      <trkpt lat="49.599280" lon="5.557763">
        <ele>246.787216</ele>
        <time>2024-11-01T14:03:42.999Z</time>
      </trkpt>
      <trkpt lat="49.599193" lon="5.557837">
        <ele>246.741837</ele>
        <time>2024-11-01T14:03:44.999Z</time>
      </trkpt>
      <trkpt lat="49.599104" lon="5.557922">
        <ele>246.694025</ele>
        <time>2024-11-01T14:03:46.999Z</time>
      </trkpt>
      <trkpt lat="49.599007" lon="5.557994">
        <ele>246.644855</ele>
        <time>2024-11-01T14:03:48.999Z</time>
      </trkpt>
      <trkpt lat="49.598905" lon="5.558077">
        <ele>246.592180</ele>
        <time>2024-11-01T14:03:50.999Z</time>
      </trkpt>
      <trkpt lat="49.598807" lon="5.558166">
        <ele>246.540236</ele>
        <time>2024-11-01T14:03:52.999Z</time>
      </trkpt>
      <trkpt lat="49.598712" lon="5.558243">
        <ele>246.491217</ele>
        <time>2024-11-01T14:03:54.999Z</time>
      </trkpt>
      <trkpt lat="49.598612" lon="5.558316">
        <ele>246.440684</ele>
        <time>2024-11-01T14:03:56.999Z</time>
      </trkpt>
      <trkpt lat="49.598520" lon="5.558394">
        <ele>246.392732</ele>
        <time>2024-11-01T14:03:58.999Z</time>
      </trkpt>
      <trkpt lat="49.598412" lon="5.558450">
        <ele>246.340688</ele>
        <time>2024-11-01T14:04:00.999Z</time>
      </trkpt>
      <trkpt lat="49.598301" lon="5.558496">
        <ele>246.288187</ele>
        <time>2024-11-01T14:04:02.999Z</time>
      </trkpt>
      <trkpt lat="49.598209" lon="5.558526">
        <ele>246.245234</ele>
        <time>2024-11-01T14:04:04.999Z</time>
      </trkpt>
      <trkpt lat="49.598112" lon="5.558541">
        <ele>246.200704</ele>
        <time>2024-11-01T14:04:06.999Z</time>
      </trkpt>
      <trkpt lat="49.598017" lon="5.558572">
        <ele>246.156349</ele>
        <time>2024-11-01T14:04:08.999Z</time>
      </trkpt>
      <trkpt lat="49.597920" lon="5.558592">
        <ele>246.111647</ele>
        <time>2024-11-01T14:04:10.999Z</time>
      </trkpt>
      <trkpt lat="49.597818" lon="5.558617">
        <ele>246.064470</ele>
        <time>2024-11-01T14:04:12.999Z</time>
      </trkpt>
      <trkpt lat="49.597696" lon="5.558663">
        <ele>246.007102</ele>
        <time>2024-11-01T14:04:15.998Z</time>
      </trkpt>
      <trkpt lat="49.597606" lon="5.558690">
        <ele>245.771957</ele>
        <time>2024-11-01T14:04:17.998Z</time>
      </trkpt>
      <trkpt lat="49.597514" lon="5.558720">
        <ele>245.519256</ele>
        <time>2024-11-01T14:04:19.998Z</time>
      </trkpt>
      <trkpt lat="49.597399" lon="5.558755">
        <ele>245.204252</ele>
        <time>2024-11-01T14:04:21.998Z</time>
      </trkpt>
      <trkpt lat="49.597284" lon="5.558792">
        <ele>244.888555</ele>
        <time>2024-11-01T14:04:24.998Z</time>
      </trkpt>
      <trkpt lat="49.597169" lon="5.558838">
        <ele>244.569288</ele>
        <time>2024-11-01T14:04:27.998Z</time>
      </trkpt>
      <trkpt lat="49.597073" lon="5.558883">
        <ele>244.299655</ele>
        <time>2024-11-01T14:04:32.998Z</time>
      </trkpt>
      <trkpt lat="49.597138" lon="5.558760">
        <ele>244.023223</ele>
        <time>2024-11-01T14:04:41.998Z</time>
      </trkpt>
      <trkpt lat="49.597097" lon="5.558636">
        <ele>243.780753</ele>
        <time>2024-11-01T14:04:54.998Z</time>
      </trkpt>
      <trkpt lat="49.596758" lon="5.558388">
        <ele>242.772504</ele>
        <time>2024-11-01T14:08:22.999Z</time>
      </trkpt>
      <trkpt lat="49.596659" lon="5.558404">
        <ele>242.504997</ele>
        <time>2024-11-01T14:08:25.999Z</time>
      </trkpt>
      <trkpt lat="49.596543" lon="5.558438">
        <ele>242.187686</ele>
        <time>2024-11-01T14:08:28.999Z</time>
      </trkpt>
      <trkpt lat="49.596422" lon="5.558462">
        <ele>241.859836</ele>
        <time>2024-11-01T14:08:31.999Z</time>
      </trkpt>
      <trkpt lat="49.596304" lon="5.558478">
        <ele>241.541503</ele>
        <time>2024-11-01T14:08:34.999Z</time>
      </trkpt>
      <trkpt lat="49.596179" lon="5.558502">
        <ele>241.202989</ele>
        <time>2024-11-01T14:08:37.999Z</time>
      </trkpt>
      <trkpt lat="49.596062" lon="5.558508">
        <ele>240.988891</ele>
        <time>2024-11-01T14:08:40.999Z</time>
      </trkpt>
      <trkpt lat="49.595932" lon="5.558517">
        <ele>240.763471</ele>
        <time>2024-11-01T14:08:43.999Z</time>
      </trkpt>
      <trkpt lat="49.595799" lon="5.558536">
        <ele>240.532095</ele>
        <time>2024-11-01T14:08:46.999Z</time>
      </trkpt>
      <trkpt lat="49.595705" lon="5.558541">
        <ele>240.369166</ele>
        <time>2024-11-01T14:08:48.999Z</time>
      </trkpt>
      <trkpt lat="49.595578" lon="5.558533">
        <ele>240.148986</ele>
        <time>2024-11-01T14:08:51.999Z</time>
      </trkpt>
      <trkpt lat="49.595479" lon="5.558545">
        <ele>239.976964</ele>
        <time>2024-11-01T14:08:53.999Z</time>
      </trkpt>
      <trkpt lat="49.595352" lon="5.558547">
        <ele>239.756956</ele>
        <time>2024-11-01T14:08:56.999Z</time>
      </trkpt>
      <trkpt lat="49.595260" lon="5.558548">
        <ele>239.597584</ele>
        <time>2024-11-01T14:08:58.999Z</time>
      </trkpt>
      <trkpt lat="49.595170" lon="5.558542">
        <ele>239.441536</ele>
        <time>2024-11-01T14:09:00.999Z</time>
      </trkpt>
      <trkpt lat="49.595079" lon="5.558508">
        <ele>239.279343</ele>
        <time>2024-11-01T14:09:02.999Z</time>
      </trkpt>
      <trkpt lat="49.594993" lon="5.558453">
        <ele>239.118076</ele>
        <time>2024-11-01T14:09:04.999Z</time>
      </trkpt>
      <trkpt lat="49.594917" lon="5.558373">
        <ele>238.958700</ele>
        <time>2024-11-01T14:09:06.999Z</time>
      </trkpt>
      <trkpt lat="49.594841" lon="5.558285">
        <ele>238.794093</ele>
        <time>2024-11-01T14:09:08.999Z</time>
      </trkpt>
      <trkpt lat="49.594781" lon="5.558179">
        <ele>238.636080</ele>
        <time>2024-11-01T14:09:10.999Z</time>
      </trkpt>
      <trkpt lat="49.594711" lon="5.558061">
        <ele>238.456474</ele>
        <time>2024-11-01T14:09:12.999Z</time>
      </trkpt>
      <trkpt lat="49.594643" lon="5.557958">
        <ele>238.291396</ele>
        <time>2024-11-01T14:09:14.999Z</time>
      </trkpt>
      <trkpt lat="49.594588" lon="5.557846">
        <ele>238.133624</ele>
        <time>2024-11-01T14:09:16.999Z</time>
      </trkpt>
      <trkpt lat="49.594522" lon="5.557736">
        <ele>238.019484</ele>
        <time>2024-11-01T14:09:18.999Z</time>
      </trkpt>
      <trkpt lat="49.594436" lon="5.557579">
        <ele>237.927387</ele>
        <time>2024-11-01T14:09:21.999Z</time>
      </trkpt>
      <trkpt lat="49.594349" lon="5.557432">
        <ele>237.838200</ele>
        <time>2024-11-01T14:09:24.999Z</time>
      </trkpt>
      <trkpt lat="49.594265" lon="5.557277">
        <ele>237.747678</ele>
        <time>2024-11-01T14:09:27.999Z</time>
      </trkpt>
      <trkpt lat="49.594172" lon="5.557137">
        <ele>237.657862</ele>
        <time>2024-11-01T14:09:30.999Z</time>
      </trkpt>
      <trkpt lat="49.594110" lon="5.557034">
        <ele>237.594883</ele>
        <time>2024-11-01T14:09:32.999Z</time>
      </trkpt>
      <trkpt lat="49.594020" lon="5.556879">
        <ele>237.501646</ele>
        <time>2024-11-01T14:09:35.999Z</time>
      </trkpt>
      <trkpt lat="49.593933" lon="5.556716">
        <ele>237.407042</ele>
        <time>2024-11-01T14:09:38.999Z</time>
      </trkpt>
      <trkpt lat="49.593872" lon="5.556610">
        <ele>237.343532</ele>
        <time>2024-11-01T14:09:40.999Z</time>
      </trkpt>
      <trkpt lat="49.593786" lon="5.556451">
        <ele>237.250748</ele>
        <time>2024-11-01T14:09:43.999Z</time>
      </trkpt>
      <trkpt lat="49.593699" lon="5.556287">
        <ele>237.155797</ele>
        <time>2024-11-01T14:09:46.999Z</time>
      </trkpt>
      <trkpt lat="49.593638" lon="5.556179">
        <ele>237.091614</ele>
        <time>2024-11-01T14:09:48.999Z</time>
      </trkpt>
      <trkpt lat="49.593577" lon="5.556066">
        <ele>237.025726</ele>
        <time>2024-11-01T14:09:50.999Z</time>
      </trkpt>
      <trkpt lat="49.593486" lon="5.555917">
        <ele>236.934001</ele>
        <time>2024-11-01T14:09:53.999Z</time>
      </trkpt>
      <trkpt lat="49.593417" lon="5.555827">
        <ele>236.871545</ele>
        <time>2024-11-01T14:09:55.999Z</time>
      </trkpt>
      <trkpt lat="49.593318" lon="5.555713">
        <ele>237.113280</ele>
        <time>2024-11-01T14:09:58.999Z</time>
      </trkpt>
      <trkpt lat="49.593259" lon="5.555589">
        <ele>237.910360</ele>
        <time>2024-11-01T14:10:02.999Z</time>
      </trkpt>
      <trkpt lat="49.593345" lon="5.555510">
        <ele>238.710509</ele>
        <time>2024-11-01T14:10:05.999Z</time>
      </trkpt>
      <trkpt lat="49.593425" lon="5.555391">
        <ele>239.598910</ele>
        <time>2024-11-01T14:10:09.999Z</time>
      </trkpt>
      <trkpt lat="49.593488" lon="5.555286">
        <ele>240.340319</ele>
        <time>2024-11-01T14:10:12.999Z</time>
      </trkpt>
      <trkpt lat="49.593548" lon="5.555178">
        <ele>241.077384</ele>
        <time>2024-11-01T14:10:15.999Z</time>
      </trkpt>
      <trkpt lat="49.593617" lon="5.555067">
        <ele>241.874316</ele>
        <time>2024-11-01T14:10:18.999Z</time>
      </trkpt>
      <trkpt lat="49.593679" lon="5.554942">
        <ele>242.689924</ele>
        <time>2024-11-01T14:10:21.999Z</time>
      </trkpt>
      <trkpt lat="49.593738" lon="5.554774">
        <ele>243.680035</ele>
        <time>2024-11-01T14:10:25.999Z</time>
      </trkpt>
      <trkpt lat="49.593768" lon="5.554597">
        <ele>244.628058</ele>
        <time>2024-11-01T14:10:29.999Z</time>
      </trkpt>
      <trkpt lat="49.593784" lon="5.554460">
        <ele>245.349402</ele>
        <time>2024-11-01T14:10:32.999Z</time>
      </trkpt>
      <trkpt lat="49.593811" lon="5.554279">
        <ele>246.311831</ele>
        <time>2024-11-01T14:10:36.999Z</time>
      </trkpt>
      <trkpt lat="49.593837" lon="5.554115">
        <ele>247.186702</ele>
        <time>2024-11-01T14:10:40.999Z</time>
      </trkpt>
      <trkpt lat="49.593890" lon="5.553986">
        <ele>247.978124</ele>
        <time>2024-11-01T14:10:44.999Z</time>
      </trkpt>
      <trkpt lat="49.593937" lon="5.553867">
        <ele>248.700213</ele>
        <time>2024-11-01T14:10:47.999Z</time>
      </trkpt>
      <trkpt lat="49.594023" lon="5.553786">
        <ele>249.505711</ele>
        <time>2024-11-01T14:10:51.999Z</time>
      </trkpt>
      <trkpt lat="49.594121" lon="5.553706">
        <ele>250.392057</ele>
        <time>2024-11-01T14:10:55.999Z</time>
      </trkpt>
      <trkpt lat="49.594215" lon="5.553649">
        <ele>251.200955</ele>
        <time>2024-11-01T14:10:58.999Z</time>
      </trkpt>
      <trkpt lat="49.594318" lon="5.553570">
        <ele>252.278657</ele>
        <time>2024-11-01T14:11:02.999Z</time>
      </trkpt>
      <trkpt lat="49.594433" lon="5.553506">
        <ele>253.424068</ele>
        <time>2024-11-01T14:11:07.999Z</time>
      </trkpt>
      <trkpt lat="49.594545" lon="5.553430">
        <ele>254.570430</ele>
        <time>2024-11-01T14:11:11.999Z</time>
      </trkpt>
      <trkpt lat="49.594638" lon="5.553373">
        <ele>255.508002</ele>
        <time>2024-11-01T14:11:14.999Z</time>
      </trkpt>
      <trkpt lat="49.594711" lon="5.553278">
        <ele>256.402784</ele>
        <time>2024-11-01T14:11:17.999Z</time>
      </trkpt>
      <trkpt lat="49.594809" lon="5.553203">
        <ele>257.427723</ele>
        <time>2024-11-01T14:11:21.999Z</time>
      </trkpt>
      <trkpt lat="49.594909" lon="5.553141">
        <ele>258.437464</ele>
        <time>2024-11-01T14:11:25.999Z</time>
      </trkpt>
      <trkpt lat="49.594998" lon="5.553055">
        <ele>259.421374</ele>
        <time>2024-11-01T14:11:29.999Z</time>
      </trkpt>
      <trkpt lat="49.595094" lon="5.553033">
        <ele>260.330679</ele>
        <time>2024-11-01T14:11:34.999Z</time>
      </trkpt>
      <trkpt lat="49.595203" lon="5.553021">
        <ele>261.354511</ele>
        <time>2024-11-01T14:11:38.999Z</time>
      </trkpt>
      <trkpt lat="49.595259" lon="5.552886">
        <ele>262.327868</ele>
        <time>2024-11-01T14:11:43.999Z</time>
      </trkpt>
      <trkpt lat="49.595329" lon="5.552791">
        <ele>263.201348</ele>
        <time>2024-11-01T14:11:48.999Z</time>
      </trkpt>
      <trkpt lat="49.595420" lon="5.552729">
        <ele>264.133377</ele>
        <time>2024-11-01T14:11:52.999Z</time>
      </trkpt>
      <trkpt lat="49.595512" lon="5.552694">
        <ele>265.021157</ele>
        <time>2024-11-01T14:11:56.999Z</time>
      </trkpt>
      <trkpt lat="49.595614" lon="5.552644">
        <ele>266.023887</ele>
        <time>2024-11-01T14:12:00.999Z</time>
      </trkpt>
      <trkpt lat="49.595696" lon="5.552568">
        <ele>266.920131</ele>
        <time>2024-11-01T14:12:03.999Z</time>
      </trkpt>
      <trkpt lat="49.595777" lon="5.552457">
        <ele>267.935179</ele>
        <time>2024-11-01T14:12:07.999Z</time>
      </trkpt>
      <trkpt lat="49.595860" lon="5.552378">
        <ele>269.202241</ele>
        <time>2024-11-01T14:12:11.999Z</time>
      </trkpt>
      <trkpt lat="49.595956" lon="5.552354">
        <ele>270.512698</ele>
        <time>2024-11-01T14:12:15.999Z</time>
      </trkpt>
      <trkpt lat="49.596055" lon="5.552291">
        <ele>271.955732</ele>
        <time>2024-11-01T14:12:19.999Z</time>
      </trkpt>
      <trkpt lat="49.596142" lon="5.552252">
        <ele>273.176526</ele>
        <time>2024-11-01T14:12:23.999Z</time>
      </trkpt>
      <trkpt lat="49.596266" lon="5.552246">
        <ele>274.848227</ele>
        <time>2024-11-01T14:12:27.999Z</time>
      </trkpt>
      <trkpt lat="49.596357" lon="5.552283">
        <ele>276.116305</ele>
        <time>2024-11-01T14:12:32.999Z</time>
      </trkpt>
      <trkpt lat="49.596457" lon="5.552302">
        <ele>277.473968</ele>
        <time>2024-11-01T14:12:37.999Z</time>
      </trkpt>
      <trkpt lat="49.596545" lon="5.552337">
        <ele>278.698522</ele>
        <time>2024-11-01T14:12:42.999Z</time>
      </trkpt>
      <trkpt lat="49.596636" lon="5.552358">
        <ele>279.938373</ele>
        <time>2024-11-01T14:12:46.999Z</time>
      </trkpt>
      <trkpt lat="49.596738" lon="5.552399">
        <ele>281.358688</ele>
        <time>2024-11-01T14:12:51.999Z</time>
      </trkpt>
      <trkpt lat="49.596851" lon="5.552449">
        <ele>282.942728</ele>
        <time>2024-11-01T14:12:56.999Z</time>
      </trkpt>
      <trkpt lat="49.596959" lon="5.552498">
        <ele>284.459631</ele>
        <time>2024-11-01T14:13:01.999Z</time>
      </trkpt>
      <trkpt lat="49.597038" lon="5.552591">
        <ele>285.798636</ele>
        <time>2024-11-01T14:13:06.999Z</time>
      </trkpt>
      <trkpt lat="49.597114" lon="5.552701">
        <ele>287.202822</ele>
        <time>2024-11-01T14:13:11.999Z</time>
      </trkpt>
      <trkpt lat="49.597191" lon="5.552829">
        <ele>288.728044</ele>
        <time>2024-11-01T14:13:16.999Z</time>
      </trkpt>
      <trkpt lat="49.597259" lon="5.552951">
        <ele>290.133365</ele>
        <time>2024-11-01T14:13:22.999Z</time>
      </trkpt>
      <trkpt lat="49.597314" lon="5.553075">
        <ele>291.445661</ele>
        <time>2024-11-01T14:13:27.999Z</time>
      </trkpt>
      <trkpt lat="49.597360" lon="5.553199">
        <ele>292.588918</ele>
        <time>2024-11-01T14:13:32.999Z</time>
      </trkpt>
      <trkpt lat="49.597421" lon="5.553335">
        <ele>293.668966</ele>
        <time>2024-11-01T14:13:38.999Z</time>
      </trkpt>
      <trkpt lat="49.597529" lon="5.553376">
        <ele>294.789559</ele>
        <time>2024-11-01T14:13:43.999Z</time>
      </trkpt>
      <trkpt lat="49.597623" lon="5.553354">
        <ele>295.747476</ele>
        <time>2024-11-01T14:13:48.999Z</time>
      </trkpt>
      <trkpt lat="49.597709" lon="5.553288">
        <ele>296.715230</ele>
        <time>2024-11-01T14:13:54.999Z</time>
      </trkpt>
      <trkpt lat="49.597932" lon="5.552797">
        <ele>300.630460</ele>
        <time>2024-11-01T14:14:53.999Z</time>
      </trkpt>
      <trkpt lat="49.597943" lon="5.552621">
        <ele>301.785124</ele>
        <time>2024-11-01T14:14:58.999Z</time>
      </trkpt>
      <trkpt lat="49.597962" lon="5.552452">
        <ele>302.905224</ele>
        <time>2024-11-01T14:15:03.999Z</time>
      </trkpt>
      <trkpt lat="49.597974" lon="5.552306">
        <ele>303.866283</ele>
        <time>2024-11-01T14:15:07.999Z</time>
      </trkpt>
      <trkpt lat="49.598018" lon="5.552153">
        <ele>304.959352</ele>
        <time>2024-11-01T14:15:12.999Z</time>
      </trkpt>
      <trkpt lat="49.598044" lon="5.551986">
        <ele>306.080931</ele>
        <time>2024-11-01T14:15:17.999Z</time>
      </trkpt>
      <trkpt lat="49.598071" lon="5.551837">
        <ele>307.091256</ele>
        <time>2024-11-01T14:15:20.999Z</time>
      </trkpt>
      <trkpt lat="49.598114" lon="5.551674">
        <ele>308.240482</ele>
        <time>2024-11-01T14:15:24.999Z</time>
      </trkpt>
      <trkpt lat="49.598159" lon="5.551513">
        <ele>309.385449</ele>
        <time>2024-11-01T14:15:28.999Z</time>
      </trkpt>
      <trkpt lat="49.598161" lon="5.551360">
        <ele>310.384784</ele>
        <time>2024-11-01T14:15:31.999Z</time>
      </trkpt>
      <trkpt lat="49.598172" lon="5.551175">
        <ele>310.825656</ele>
        <time>2024-11-01T14:15:35.999Z</time>
      </trkpt>
      <trkpt lat="49.598208" lon="5.551027">
        <ele>311.191931</ele>
        <time>2024-11-01T14:15:38.999Z</time>
      </trkpt>
      <trkpt lat="49.598251" lon="5.550869">
        <ele>311.588986</ele>
        <time>2024-11-01T14:15:41.999Z</time>
      </trkpt>
      <trkpt lat="49.598263" lon="5.550704">
        <ele>311.973696</ele>
        <time>2024-11-01T14:15:44.998Z</time>
      </trkpt>
      <trkpt lat="49.598308" lon="5.550579">
        <ele>312.305002</ele>
        <time>2024-11-01T14:15:47.998Z</time>
      </trkpt>
      <trkpt lat="49.598351" lon="5.550454">
        <ele>312.632897</ele>
        <time>2024-11-01T14:15:50.998Z</time>
      </trkpt>
      <trkpt lat="49.598388" lon="5.550306">
        <ele>313.000442</ele>
        <time>2024-11-01T14:15:53.999Z</time>
      </trkpt>
      <trkpt lat="49.598427" lon="5.550139">
        <ele>313.411736</ele>
        <time>2024-11-01T14:15:57.999Z</time>
      </trkpt>
      <trkpt lat="49.598477" lon="5.549982">
        <ele>313.817051</ele>
        <time>2024-11-01T14:16:01.999Z</time>
      </trkpt>
      <trkpt lat="49.598519" lon="5.549844">
        <ele>314.170297</ele>
        <time>2024-11-01T14:16:04.999Z</time>
      </trkpt>
      <trkpt lat="49.598573" lon="5.549681">
        <ele>314.594448</ele>
        <time>2024-11-01T14:16:08.999Z</time>
      </trkpt>
      <trkpt lat="49.598635" lon="5.549570">
        <ele>314.933964</ele>
        <time>2024-11-01T14:16:11.999Z</time>
      </trkpt>
      <trkpt lat="49.598646" lon="5.549392">
        <ele>315.348263</ele>
        <time>2024-11-01T14:16:14.999Z</time>
      </trkpt>
      <trkpt lat="49.598686" lon="5.549238">
        <ele>315.732670</ele>
        <time>2024-11-01T14:16:17.999Z</time>
      </trkpt>
      <trkpt lat="49.598724" lon="5.549080">
        <ele>316.123149</ele>
        <time>2024-11-01T14:16:20.999Z</time>
      </trkpt>
      <trkpt lat="49.598797" lon="5.548940">
        <ele>316.539474</ele>
        <time>2024-11-01T14:16:23.999Z</time>
      </trkpt>
      <trkpt lat="49.598862" lon="5.548826">
        <ele>316.826042</ele>
        <time>2024-11-01T14:16:26.999Z</time>
      </trkpt>
      <trkpt lat="49.598911" lon="5.548699">
        <ele>316.798696</ele>
        <time>2024-11-01T14:16:29.999Z</time>
      </trkpt>
      <trkpt lat="49.598955" lon="5.548561">
        <ele>316.770241</ele>
        <time>2024-11-01T14:16:32.999Z</time>
      </trkpt>
      <trkpt lat="49.599004" lon="5.548403">
        <ele>316.737834</ele>
        <time>2024-11-01T14:16:35.999Z</time>
      </trkpt>
      <trkpt lat="49.599050" lon="5.548251">
        <ele>316.706796</ele>
        <time>2024-11-01T14:16:38.999Z</time>
      </trkpt>
      <trkpt lat="49.599079" lon="5.548101">
        <ele>316.677834</ele>
        <time>2024-11-01T14:16:41.999Z</time>
      </trkpt>
      <trkpt lat="49.599114" lon="5.547911">
        <ele>316.641288</ele>
        <time>2024-11-01T14:16:45.999Z</time>
      </trkpt>
      <trkpt lat="49.599143" lon="5.547764">
        <ele>316.612858</ele>
        <time>2024-11-01T14:16:48.999Z</time>
      </trkpt>
      <trkpt lat="49.599190" lon="5.547625">
        <ele>316.583851</ele>
        <time>2024-11-01T14:16:51.999Z</time>
      </trkpt>
      <trkpt lat="49.599245" lon="5.547487">
        <ele>316.553877</ele>
        <time>2024-11-01T14:16:54.999Z</time>
      </trkpt>
      <trkpt lat="49.599299" lon="5.547375">
        <ele>316.528050</ele>
        <time>2024-11-01T14:16:56.999Z</time>
      </trkpt>
      <trkpt lat="49.599331" lon="5.547213">
        <ele>316.496716</ele>
        <time>2024-11-01T14:16:59.999Z</time>
      </trkpt>
      <trkpt lat="49.599389" lon="5.547030">
        <ele>316.459026</ele>
        <time>2024-11-01T14:17:02.999Z</time>
      </trkpt>
      <trkpt lat="49.599438" lon="5.546874">
        <ele>316.426952</ele>
        <time>2024-11-01T14:17:05.999Z</time>
      </trkpt>
      <trkpt lat="49.599464" lon="5.546732">
        <ele>316.399651</ele>
        <time>2024-11-01T14:17:07.999Z</time>
      </trkpt>
      <trkpt lat="49.599496" lon="5.546552">
        <ele>316.365118</ele>
        <time>2024-11-01T14:17:10.999Z</time>
      </trkpt>
      <trkpt lat="49.599552" lon="5.546387">
        <ele>316.330657</ele>
        <time>2024-11-01T14:17:13.999Z</time>
      </trkpt>
      <trkpt lat="49.599630" lon="5.546233">
        <ele>316.414439</ele>
        <time>2024-11-01T14:17:16.999Z</time>
      </trkpt>
      <trkpt lat="49.599683" lon="5.546112">
        <ele>316.528837</ele>
        <time>2024-11-01T14:17:19.999Z</time>
      </trkpt>
      <trkpt lat="49.599737" lon="5.545954">
        <ele>316.668757</ele>
        <time>2024-11-01T14:17:23.999Z</time>
      </trkpt>
      <trkpt lat="49.599784" lon="5.545793">
        <ele>316.807075</ele>
        <time>2024-11-01T14:17:27.999Z</time>
      </trkpt>
      <trkpt lat="49.599819" lon="5.545635">
        <ele>316.937870</ele>
        <time>2024-11-01T14:17:30.999Z</time>
      </trkpt>
      <trkpt lat="49.599870" lon="5.545504">
        <ele>317.057575</ele>
        <time>2024-11-01T14:17:33.999Z</time>
      </trkpt>
      <trkpt lat="49.599932" lon="5.545362">
        <ele>317.191693</ele>
        <time>2024-11-01T14:17:36.999Z</time>
      </trkpt>
      <trkpt lat="49.599993" lon="5.545190">
        <ele>317.345277</ele>
        <time>2024-11-01T14:17:39.998Z</time>
      </trkpt>
      <trkpt lat="49.600052" lon="5.545025">
        <ele>317.492891</ele>
        <time>2024-11-01T14:17:42.998Z</time>
      </trkpt>
      <trkpt lat="49.600110" lon="5.544845">
        <ele>317.650354</ele>
        <time>2024-11-01T14:17:45.998Z</time>
      </trkpt>
      <trkpt lat="49.600145" lon="5.544657">
        <ele>317.803573</ele>
        <time>2024-11-01T14:17:48.998Z</time>
      </trkpt>
      <trkpt lat="49.600164" lon="5.544477">
        <ele>317.946429</ele>
        <time>2024-11-01T14:17:51.998Z</time>
      </trkpt>
      <trkpt lat="49.600189" lon="5.544295">
        <ele>318.092160</ele>
        <time>2024-11-01T14:17:54.998Z</time>
      </trkpt>
      <trkpt lat="49.600177" lon="5.544112">
        <ele>318.236239</ele>
        <time>2024-11-01T14:17:57.999Z</time>
      </trkpt>
      <trkpt lat="49.600154" lon="5.543909">
        <ele>318.397665</ele>
        <time>2024-11-01T14:18:00.999Z</time>
      </trkpt>
      <trkpt lat="49.600131" lon="5.543725">
        <ele>318.391193</ele>
        <time>2024-11-01T14:18:03.999Z</time>
      </trkpt>
      <trkpt lat="49.600100" lon="5.543588">
        <ele>318.177302</ele>
        <time>2024-11-01T14:18:05.999Z</time>
      </trkpt>
      <trkpt lat="49.600070" lon="5.543432">
        <ele>317.937450</ele>
        <time>2024-11-01T14:18:07.999Z</time>
      </trkpt>
      <trkpt lat="49.600040" lon="5.543279">
        <ele>317.701833</ele>
        <time>2024-11-01T14:18:09.999Z</time>
      </trkpt>
      <trkpt lat="49.600023" lon="5.543126">
        <ele>317.473021</ele>
        <time>2024-11-01T14:18:11.999Z</time>
      </trkpt>
      <trkpt lat="49.599992" lon="5.542960">
        <ele>317.218383</ele>
        <time>2024-11-01T14:18:13.999Z</time>
      </trkpt>
      <trkpt lat="49.599957" lon="5.542799">
        <ele>316.968075</ele>
        <time>2024-11-01T14:18:15.999Z</time>
      </trkpt>
      <trkpt lat="49.599934" lon="5.542651">
        <ele>316.743739</ele>
        <time>2024-11-01T14:18:17.999Z</time>
      </trkpt>
      <trkpt lat="49.599912" lon="5.542490">
        <ele>316.501208</ele>
        <time>2024-11-01T14:18:19.999Z</time>
      </trkpt>
      <trkpt lat="49.599895" lon="5.542329">
        <ele>316.260765</ele>
        <time>2024-11-01T14:18:21.999Z</time>
      </trkpt>
      <trkpt lat="49.599890" lon="5.542160">
        <ele>316.011399</ele>
        <time>2024-11-01T14:18:23.999Z</time>
      </trkpt>
      <trkpt lat="49.599881" lon="5.541998">
        <ele>315.771735</ele>
        <time>2024-11-01T14:18:25.999Z</time>
      </trkpt>
      <trkpt lat="49.599875" lon="5.541820">
        <ele>315.509008</ele>
        <time>2024-11-01T14:18:27.999Z</time>
      </trkpt>
      <trkpt lat="49.599861" lon="5.541653">
        <ele>315.260799</ele>
        <time>2024-11-01T14:18:29.999Z</time>
      </trkpt>
      <trkpt lat="49.599846" lon="5.541498">
        <ele>315.029795</ele>
        <time>2024-11-01T14:18:31.999Z</time>
      </trkpt>
      <trkpt lat="49.599830" lon="5.541340">
        <ele>314.794077</ele>
        <time>2024-11-01T14:18:33.999Z</time>
      </trkpt>
      <trkpt lat="49.599820" lon="5.541189">
        <ele>314.570343</ele>
        <time>2024-11-01T14:18:35.999Z</time>
      </trkpt>
      <trkpt lat="49.599818" lon="5.541019">
        <ele>314.483304</ele>
        <time>2024-11-01T14:18:37.999Z</time>
      </trkpt>
      <trkpt lat="49.599827" lon="5.540867">
        <ele>314.712972</ele>
        <time>2024-11-01T14:18:39.999Z</time>
      </trkpt>
      <trkpt lat="49.599834" lon="5.540720">
        <ele>314.934761</ele>
        <time>2024-11-01T14:18:41.999Z</time>
      </trkpt>
      <trkpt lat="49.599839" lon="5.540555">
        <ele>315.183310</ele>
        <time>2024-11-01T14:18:43.999Z</time>
      </trkpt>
      <trkpt lat="49.599845" lon="5.540410">
        <ele>315.401937</ele>
        <time>2024-11-01T14:18:45.999Z</time>
      </trkpt>
      <trkpt lat="49.599848" lon="5.540260">
        <ele>315.627751</ele>
        <time>2024-11-01T14:18:47.999Z</time>
      </trkpt>
      <trkpt lat="49.599841" lon="5.540094">
        <ele>315.878061</ele>
        <time>2024-11-01T14:18:49.999Z</time>
      </trkpt>
      <trkpt lat="49.599834" lon="5.539942">
        <ele>316.107354</ele>
        <time>2024-11-01T14:18:51.999Z</time>
      </trkpt>
      <trkpt lat="49.599829" lon="5.539789">
        <ele>316.337868</ele>
        <time>2024-11-01T14:18:53.999Z</time>
      </trkpt>
      <trkpt lat="49.599822" lon="5.539639">
        <ele>316.564159</ele>
        <time>2024-11-01T14:18:55.999Z</time>
      </trkpt>
      <trkpt lat="49.599826" lon="5.539495">
        <ele>316.781036</ele>
        <time>2024-11-01T14:18:57.999Z</time>
      </trkpt>
      <trkpt lat="49.599811" lon="5.539352">
        <ele>316.999010</ele>
        <time>2024-11-01T14:18:59.999Z</time>
      </trkpt>
      <trkpt lat="49.599796" lon="5.539156">
        <ele>317.295982</ele>
        <time>2024-11-01T14:19:02.999Z</time>
      </trkpt>
      <trkpt lat="49.599782" lon="5.539011">
        <ele>317.516574</ele>
        <time>2024-11-01T14:19:04.999Z</time>
      </trkpt>
      <trkpt lat="49.599745" lon="5.538856">
        <ele>317.765120</ele>
        <time>2024-11-01T14:19:07.999Z</time>
      </trkpt>
      <trkpt lat="49.599679" lon="5.538686">
        <ele>318.063304</ele>
        <time>2024-11-01T14:19:10.999Z</time>
      </trkpt>
      <trkpt lat="49.599607" lon="5.538521">
        <ele>318.362610</ele>
        <time>2024-11-01T14:19:13.999Z</time>
      </trkpt>
      <trkpt lat="49.599532" lon="5.538366">
        <ele>318.498944</ele>
        <time>2024-11-01T14:19:16.999Z</time>
      </trkpt>
      <trkpt lat="49.599454" lon="5.538211">
        <ele>318.202293</ele>
        <time>2024-11-01T14:19:19.999Z</time>
      </trkpt>
      <trkpt lat="49.599399" lon="5.538100">
        <ele>317.991075</ele>
        <time>2024-11-01T14:19:21.999Z</time>
      </trkpt>
      <trkpt lat="49.599340" lon="5.537986">
        <ele>317.770537</ele>
        <time>2024-11-01T14:19:23.999Z</time>
      </trkpt>
      <trkpt lat="49.599268" lon="5.537869">
        <ele>317.526642</ele>
        <time>2024-11-01T14:19:25.999Z</time>
      </trkpt>
      <trkpt lat="49.599176" lon="5.537762">
        <ele>317.257922</ele>
        <time>2024-11-01T14:19:27.999Z</time>
      </trkpt>
      <trkpt lat="49.599077" lon="5.537668">
        <ele>316.986791</ele>
        <time>2024-11-01T14:19:29.999Z</time>
      </trkpt>
      <trkpt lat="49.598975" lon="5.537581">
        <ele>316.714950</ele>
        <time>2024-11-01T14:19:31.999Z</time>
      </trkpt>
      <trkpt lat="49.598859" lon="5.537488">
        <ele>316.410042</ele>
        <time>2024-11-01T14:19:33.999Z</time>
      </trkpt>
      <trkpt lat="49.598761" lon="5.537384">
        <ele>316.132615</ele>
        <time>2024-11-01T14:19:35.999Z</time>
      </trkpt>
      <trkpt lat="49.598645" lon="5.537281">
        <ele>315.820448</ele>
        <time>2024-11-01T14:19:37.999Z</time>
      </trkpt>
      <trkpt lat="49.598550" lon="5.537152">
        <ele>315.525273</ele>
        <time>2024-11-01T14:19:39.998Z</time>
      </trkpt>
      <trkpt lat="49.598479" lon="5.537013">
        <ele>315.257730</ele>
        <time>2024-11-01T14:19:41.998Z</time>
      </trkpt>
      <trkpt lat="49.598412" lon="5.536872">
        <ele>314.993427</ele>
        <time>2024-11-01T14:19:43.998Z</time>
      </trkpt>
      <trkpt lat="49.598376" lon="5.536699">
        <ele>314.718747</ele>
        <time>2024-11-01T14:19:45.998Z</time>
      </trkpt>
      <trkpt lat="49.598358" lon="5.536537">
        <ele>314.470272</ele>
        <time>2024-11-01T14:19:47.998Z</time>
      </trkpt>
      <trkpt lat="49.598326" lon="5.536366">
        <ele>314.525705</ele>
        <time>2024-11-01T14:19:49.998Z</time>
      </trkpt>
      <trkpt lat="49.598274" lon="5.536194">
        <ele>314.755798</ele>
        <time>2024-11-01T14:19:51.998Z</time>
      </trkpt>
      <trkpt lat="49.598233" lon="5.536037">
        <ele>314.961007</ele>
        <time>2024-11-01T14:19:53.998Z</time>
      </trkpt>
      <trkpt lat="49.598187" lon="5.535885">
        <ele>315.164382</ele>
        <time>2024-11-01T14:19:55.998Z</time>
      </trkpt>
      <trkpt lat="49.598153" lon="5.535727">
        <ele>315.366216</ele>
        <time>2024-11-01T14:19:57.998Z</time>
      </trkpt>
      <trkpt lat="49.598109" lon="5.535541">
        <ele>315.606263</ele>
        <time>2024-11-01T14:20:00.998Z</time>
      </trkpt>
      <trkpt lat="49.598094" lon="5.535398">
        <ele>315.781886</ele>
        <time>2024-11-01T14:20:03.999Z</time>
      </trkpt>
      <trkpt lat="49.598065" lon="5.535260">
        <ele>315.957765</ele>
        <time>2024-11-01T14:20:06.999Z</time>
      </trkpt>
      <trkpt lat="49.598010" lon="5.535127">
        <ele>316.149032</ele>
        <time>2024-11-01T14:20:09.999Z</time>
      </trkpt>
      <trkpt lat="49.597905" lon="5.535086">
        <ele>316.351627</ele>
        <time>2024-11-01T14:20:13.999Z</time>
      </trkpt>
      <trkpt lat="49.597800" lon="5.535069">
        <ele>316.549108</ele>
        <time>2024-11-01T14:20:16.999Z</time>
      </trkpt>
      <trkpt lat="49.597690" lon="5.535083">
        <ele>316.755562</ele>
        <time>2024-11-01T14:20:19.999Z</time>
      </trkpt>
      <trkpt lat="49.597578" lon="5.535083">
        <ele>316.965058</ele>
        <time>2024-11-01T14:20:22.999Z</time>
      </trkpt>
      <trkpt lat="49.597460" lon="5.535060">
        <ele>317.187532</ele>
        <time>2024-11-01T14:20:25.999Z</time>
      </trkpt>
      <trkpt lat="49.597343" lon="5.535025">
        <ele>317.410456</ele>
        <time>2024-11-01T14:20:28.999Z</time>
      </trkpt>
      <trkpt lat="49.597219" lon="5.534997">
        <ele>317.644869</ele>
        <time>2024-11-01T14:20:31.999Z</time>
      </trkpt>
      <trkpt lat="49.597088" lon="5.534978">
        <ele>317.573242</ele>
        <time>2024-11-01T14:20:34.999Z</time>
      </trkpt>
      <trkpt lat="49.596986" lon="5.534950">
        <ele>317.343358</ele>
        <time>2024-11-01T14:20:36.999Z</time>
      </trkpt>
      <trkpt lat="49.596893" lon="5.534916">
        <ele>317.131284</ele>
        <time>2024-11-01T14:20:38.999Z</time>
      </trkpt>
      <trkpt lat="49.596804" lon="5.534891">
        <ele>316.930554</ele>
        <time>2024-11-01T14:20:40.999Z</time>
      </trkpt>
      <trkpt lat="49.596710" lon="5.534853">
        <ele>316.714935</ele>
        <time>2024-11-01T14:20:42.999Z</time>
      </trkpt>
      <trkpt lat="49.596611" lon="5.534827">
        <ele>316.492102</ele>
        <time>2024-11-01T14:20:44.999Z</time>
      </trkpt>
      <trkpt lat="49.596519" lon="5.534783">
        <ele>316.278379</ele>
        <time>2024-11-01T14:20:46.999Z</time>
      </trkpt>
      <trkpt lat="49.596422" lon="5.534723">
        <ele>316.046490</ele>
        <time>2024-11-01T14:20:48.999Z</time>
      </trkpt>
      <trkpt lat="49.596324" lon="5.534671">
        <ele>315.816535</ele>
        <time>2024-11-01T14:20:50.999Z</time>
      </trkpt>
      <trkpt lat="49.596227" lon="5.534613">
        <ele>315.585700</ele>
        <time>2024-11-01T14:20:52.999Z</time>
      </trkpt>
      <trkpt lat="49.596117" lon="5.534554">
        <ele>315.327290</ele>
        <time>2024-11-01T14:20:54.999Z</time>
      </trkpt>
      <trkpt lat="49.596021" lon="5.534504">
        <ele>315.102463</ele>
        <time>2024-11-01T14:20:56.999Z</time>
      </trkpt>
      <trkpt lat="49.595911" lon="5.534445">
        <ele>314.844053</ele>
        <time>2024-11-01T14:20:58.999Z</time>
      </trkpt>
      <trkpt lat="49.595810" lon="5.534396">
        <ele>314.609123</ele>
        <time>2024-11-01T14:21:00.999Z</time>
      </trkpt>
      <trkpt lat="49.595720" lon="5.534355">
        <ele>314.400896</ele>
        <time>2024-11-01T14:21:02.999Z</time>
      </trkpt>
      <trkpt lat="49.595610" lon="5.534295">
        <ele>314.142010</ele>
        <time>2024-11-01T14:21:04.999Z</time>
      </trkpt>
      <trkpt lat="49.595514" lon="5.534215">
        <ele>313.899905</ele>
        <time>2024-11-01T14:21:06.999Z</time>
      </trkpt>
      <trkpt lat="49.595395" lon="5.534123">
        <ele>313.216087</ele>
        <time>2024-11-01T14:21:08.999Z</time>
      </trkpt>
      <trkpt lat="49.595310" lon="5.534066">
        <ele>312.478031</ele>
        <time>2024-11-01T14:21:10.999Z</time>
      </trkpt>
      <trkpt lat="49.595190" lon="5.533999">
        <ele>311.461785</ele>
        <time>2024-11-01T14:21:12.999Z</time>
      </trkpt>
      <trkpt lat="49.595069" lon="5.533915">
        <ele>310.405171</ele>
        <time>2024-11-01T14:21:14.999Z</time>
      </trkpt>
      <trkpt lat="49.594930" lon="5.533833">
        <ele>309.220112</ele>
        <time>2024-11-01T14:21:16.999Z</time>
      </trkpt>
      <trkpt lat="49.594772" lon="5.533733">
        <ele>307.860152</ele>
        <time>2024-11-01T14:21:18.999Z</time>
      </trkpt>
      <trkpt lat="49.594594" lon="5.533663">
        <ele>306.397363</ele>
        <time>2024-11-01T14:21:20.999Z</time>
      </trkpt>
      <trkpt lat="49.594499" lon="5.533655">
        <ele>305.639725</ele>
        <time>2024-11-01T14:21:21.999Z</time>
      </trkpt>
      <trkpt lat="49.594398" lon="5.533651">
        <ele>304.835170</ele>
        <time>2024-11-01T14:21:22.999Z</time>
      </trkpt>
      <trkpt lat="49.594303" lon="5.533650">
        <ele>304.078641</ele>
        <time>2024-11-01T14:21:23.999Z</time>
      </trkpt>
      <trkpt lat="49.594205" lon="5.533655">
        <ele>303.297814</ele>
        <time>2024-11-01T14:21:24.999Z</time>
      </trkpt>
      <trkpt lat="49.594104" lon="5.533665">
        <ele>302.491869</ele>
        <time>2024-11-01T14:21:25.999Z</time>
      </trkpt>
      <trkpt lat="49.594010" lon="5.533668">
        <ele>301.743161</ele>
        <time>2024-11-01T14:21:26.999Z</time>
      </trkpt>
      <trkpt lat="49.593834" lon="5.533681">
        <ele>300.340019</ele>
        <time>2024-11-01T14:21:28.999Z</time>
      </trkpt>
      <trkpt lat="49.593677" lon="5.533668">
        <ele>299.526891</ele>
        <time>2024-11-01T14:21:30.999Z</time>
      </trkpt>
      <trkpt lat="49.593527" lon="5.533677">
        <ele>299.858731</ele>
        <time>2024-11-01T14:21:32.999Z</time>
      </trkpt>
      <trkpt lat="49.593396" lon="5.533679">
        <ele>300.148334</ele>
        <time>2024-11-01T14:21:34.999Z</time>
      </trkpt>
      <trkpt lat="49.593275" lon="5.533682">
        <ele>300.415851</ele>
        <time>2024-11-01T14:21:36.999Z</time>
      </trkpt>
      <trkpt lat="49.593174" lon="5.533689">
        <ele>300.639347</ele>
        <time>2024-11-01T14:21:38.999Z</time>
      </trkpt>
      <trkpt lat="49.593071" lon="5.533691">
        <ele>300.867057</ele>
        <time>2024-11-01T14:21:40.999Z</time>
      </trkpt>
      <trkpt lat="49.592941" lon="5.533694">
        <ele>301.154467</ele>
        <time>2024-11-01T14:21:43.999Z</time>
      </trkpt>
      <trkpt lat="49.592841" lon="5.533693">
        <ele>301.375532</ele>
        <time>2024-11-01T14:21:45.999Z</time>
      </trkpt>
      <trkpt lat="49.592749" lon="5.533686">
        <ele>301.579154</ele>
        <time>2024-11-01T14:21:47.999Z</time>
      </trkpt>
      <trkpt lat="49.592633" lon="5.533690">
        <ele>301.835648</ele>
        <time>2024-11-01T14:21:50.999Z</time>
      </trkpt>
      <trkpt lat="49.592593" lon="5.533834">
        <ele>302.060140</ele>
        <time>2024-11-01T14:21:53.999Z</time>
      </trkpt>
      <trkpt lat="49.592539" lon="5.533969">
        <ele>302.287455</ele>
        <time>2024-11-01T14:21:56.999Z</time>
      </trkpt>
      <trkpt lat="49.592531" lon="5.534127">
        <ele>302.514552</ele>
        <time>2024-11-01T14:21:59.999Z</time>
      </trkpt>
      <trkpt lat="49.592498" lon="5.534301">
        <ele>302.774338</ele>
        <time>2024-11-01T14:22:01.998Z</time>
      </trkpt>
      <trkpt lat="49.592498" lon="5.534490">
        <ele>303.045167</ele>
        <time>2024-11-01T14:22:04.998Z</time>
      </trkpt>
      <trkpt lat="49.592481" lon="5.534649">
        <ele>303.276085</ele>
        <time>2024-11-01T14:22:06.998Z</time>
      </trkpt>
      <trkpt lat="49.592461" lon="5.534804">
        <ele>303.401121</ele>
        <time>2024-11-01T14:22:08.999Z</time>
      </trkpt>
      <trkpt lat="49.592430" lon="5.534963">
        <ele>303.384871</ele>
        <time>2024-11-01T14:22:10.999Z</time>
      </trkpt>
      <trkpt lat="49.592413" lon="5.535122">
        <ele>303.369100</ele>
        <time>2024-11-01T14:22:12.999Z</time>
      </trkpt>
      <trkpt lat="49.592394" lon="5.535287">
        <ele>303.352700</ele>
        <time>2024-11-01T14:22:14.999Z</time>
      </trkpt>
      <trkpt lat="49.592365" lon="5.535503">
        <ele>303.331112</ele>
        <time>2024-11-01T14:22:17.999Z</time>
      </trkpt>
      <trkpt lat="49.592357" lon="5.535675">
        <ele>303.314236</ele>
        <time>2024-11-01T14:22:19.999Z</time>
      </trkpt>
      <trkpt lat="49.592332" lon="5.535851">
        <ele>303.296603</ele>
        <time>2024-11-01T14:22:21.999Z</time>
      </trkpt>
      <trkpt lat="49.592311" lon="5.536024">
        <ele>303.279378</ele>
        <time>2024-11-01T14:22:23.999Z</time>
      </trkpt>
      <trkpt lat="49.592301" lon="5.536193">
        <ele>303.262769</ele>
        <time>2024-11-01T14:22:25.999Z</time>
      </trkpt>
      <trkpt lat="49.592286" lon="5.536353">
        <ele>303.246948</ele>
        <time>2024-11-01T14:22:27.999Z</time>
      </trkpt>
      <trkpt lat="49.592266" lon="5.536506">
        <ele>303.231673</ele>
        <time>2024-11-01T14:22:29.999Z</time>
      </trkpt>
      <trkpt lat="49.592241" lon="5.536658">
        <ele>303.216326</ele>
        <time>2024-11-01T14:22:31.999Z</time>
      </trkpt>
      <trkpt lat="49.592223" lon="5.536835">
        <ele>303.198792</ele>
        <time>2024-11-01T14:22:33.999Z</time>
      </trkpt>
      <trkpt lat="49.592211" lon="5.536989">
        <ele>303.183612</ele>
        <time>2024-11-01T14:22:35.999Z</time>
      </trkpt>
      <trkpt lat="49.592216" lon="5.537180">
        <ele>303.164904</ele>
        <time>2024-11-01T14:22:38.999Z</time>
      </trkpt>
      <trkpt lat="49.592180" lon="5.537371">
        <ele>303.145438</ele>
        <time>2024-11-01T14:22:40.999Z</time>
      </trkpt>
      <trkpt lat="49.592153" lon="5.537543">
        <ele>303.122983</ele>
        <time>2024-11-01T14:22:43.999Z</time>
      </trkpt>
      <trkpt lat="49.592072" lon="5.537654">
        <ele>303.096039</ele>
        <time>2024-11-01T14:22:46.999Z</time>
      </trkpt>
      <trkpt lat="49.591960" lon="5.537651">
        <ele>303.068182</ele>
        <time>2024-11-01T14:22:48.999Z</time>
      </trkpt>
      <trkpt lat="49.591855" lon="5.537651">
        <ele>303.042070</ele>
        <time>2024-11-01T14:22:50.999Z</time>
      </trkpt>
      <trkpt lat="49.591747" lon="5.537606">
        <ele>303.014249</ele>
        <time>2024-11-01T14:22:52.999Z</time>
      </trkpt>
      <trkpt lat="49.591655" lon="5.537590">
        <ele>302.991225</ele>
        <time>2024-11-01T14:22:54.999Z</time>
      </trkpt>
      <trkpt lat="49.591542" lon="5.537576">
        <ele>302.963033</ele>
        <time>2024-11-01T14:22:56.999Z</time>
      </trkpt>
      <trkpt lat="49.591434" lon="5.537553">
        <ele>302.935920</ele>
        <time>2024-11-01T14:22:58.999Z</time>
      </trkpt>
      <trkpt lat="49.591324" lon="5.537518">
        <ele>302.907989</ele>
        <time>2024-11-01T14:23:00.999Z</time>
      </trkpt>
      <trkpt lat="49.591211" lon="5.537485">
        <ele>302.879388</ele>
        <time>2024-11-01T14:23:02.999Z</time>
      </trkpt>
      <trkpt lat="49.591097" lon="5.537477">
        <ele>302.851008</ele>
        <time>2024-11-01T14:23:04.999Z</time>
      </trkpt>
      <trkpt lat="49.590986" lon="5.537449">
        <ele>302.823037</ele>
        <time>2024-11-01T14:23:06.999Z</time>
      </trkpt>
      <trkpt lat="49.590865" lon="5.537417">
        <ele>302.792507</ele>
        <time>2024-11-01T14:23:08.999Z</time>
      </trkpt>
      <trkpt lat="49.590755" lon="5.537385">
        <ele>302.764669</ele>
        <time>2024-11-01T14:23:10.999Z</time>
      </trkpt>
      <trkpt lat="49.590636" lon="5.537444">
        <ele>302.733585</ele>
        <time>2024-11-01T14:23:13.999Z</time>
      </trkpt>
      <trkpt lat="49.590598" lon="5.537587">
        <ele>302.708670</ele>
        <time>2024-11-01T14:23:15.999Z</time>
      </trkpt>
      <trkpt lat="49.590608" lon="5.537739">
        <ele>302.698478</ele>
        <time>2024-11-01T14:23:17.999Z</time>
      </trkpt>
      <trkpt lat="49.590566" lon="5.537900">
        <ele>302.756205</ele>
        <time>2024-11-01T14:23:19.999Z</time>
      </trkpt>
      <trkpt lat="49.590547" lon="5.538082">
        <ele>302.817523</ele>
        <time>2024-11-01T14:23:21.999Z</time>
      </trkpt>
      <trkpt lat="49.590521" lon="5.538221">
        <ele>302.865645</ele>
        <time>2024-11-01T14:23:23.999Z</time>
      </trkpt>
      <trkpt lat="49.590512" lon="5.538370">
        <ele>302.915421</ele>
        <time>2024-11-01T14:23:25.999Z</time>
      </trkpt>
      <trkpt lat="49.590496" lon="5.538543">
        <ele>302.973549</ele>
        <time>2024-11-01T14:23:27.999Z</time>
      </trkpt>
      <trkpt lat="49.590463" lon="5.538711">
        <ele>303.031939</ele>
        <time>2024-11-01T14:23:29.999Z</time>
      </trkpt>
      <trkpt lat="49.590447" lon="5.538904">
        <ele>303.096659</ele>
        <time>2024-11-01T14:23:31.999Z</time>
      </trkpt>
      <trkpt lat="49.590429" lon="5.539079">
        <ele>303.155598</ele>
        <time>2024-11-01T14:23:33.999Z</time>
      </trkpt>
      <trkpt lat="49.590405" lon="5.539266">
        <ele>303.219006</ele>
        <time>2024-11-01T14:23:35.999Z</time>
      </trkpt>
      <trkpt lat="49.590380" lon="5.539461">
        <ele>303.285125</ele>
        <time>2024-11-01T14:23:37.999Z</time>
      </trkpt>
      <trkpt lat="49.590359" lon="5.539632">
        <ele>303.343017</ele>
        <time>2024-11-01T14:23:39.999Z</time>
      </trkpt>
      <trkpt lat="49.590354" lon="5.539789">
        <ele>303.395302</ele>
        <time>2024-11-01T14:23:41.999Z</time>
      </trkpt>
      <trkpt lat="49.590338" lon="5.539937">
        <ele>303.445211</ele>
        <time>2024-11-01T14:23:43.999Z</time>
      </trkpt>
      <trkpt lat="49.590315" lon="5.540092">
        <ele>303.498102</ele>
        <time>2024-11-01T14:23:45.999Z</time>
      </trkpt>
      <trkpt lat="49.590314" lon="5.540242">
        <ele>303.547999</ele>
        <time>2024-11-01T14:23:47.999Z</time>
      </trkpt>
      <trkpt lat="49.590294" lon="5.540449">
        <ele>303.561842</ele>
        <time>2024-11-01T14:23:50.999Z</time>
      </trkpt>
      <trkpt lat="49.590269" lon="5.540621">
        <ele>303.070070</ele>
        <time>2024-11-01T14:23:52.999Z</time>
      </trkpt>
      <trkpt lat="49.590248" lon="5.540773">
        <ele>302.636486</ele>
        <time>2024-11-01T14:23:54.999Z</time>
      </trkpt>
      <trkpt lat="49.590211" lon="5.540902">
        <ele>302.242939</ele>
        <time>2024-11-01T14:23:56.999Z</time>
      </trkpt>
      <trkpt lat="49.590120" lon="5.540956">
        <ele>301.823325</ele>
        <time>2024-11-01T14:23:58.999Z</time>
      </trkpt>
      <trkpt lat="49.590022" lon="5.540911">
        <ele>301.383274</ele>
        <time>2024-11-01T14:24:01.999Z</time>
      </trkpt>
      <trkpt lat="49.589898" lon="5.540826">
        <ele>300.799298</ele>
        <time>2024-11-01T14:24:04.998Z</time>
      </trkpt>
      <trkpt lat="49.589796" lon="5.540746">
        <ele>300.306840</ele>
        <time>2024-11-01T14:24:06.998Z</time>
      </trkpt>
      <trkpt lat="49.589707" lon="5.540677">
        <ele>299.878157</ele>
        <time>2024-11-01T14:24:08.998Z</time>
      </trkpt>
      <trkpt lat="49.589609" lon="5.540606">
        <ele>299.412195</ele>
        <time>2024-11-01T14:24:10.998Z</time>
      </trkpt>
      <trkpt lat="49.589501" lon="5.540553">
        <ele>298.924442</ele>
        <time>2024-11-01T14:24:12.998Z</time>
      </trkpt>
      <trkpt lat="49.589378" lon="5.540481">
        <ele>298.358256</ele>
        <time>2024-11-01T14:24:14.999Z</time>
      </trkpt>
      <trkpt lat="49.589257" lon="5.540411">
        <ele>297.802092</ele>
        <time>2024-11-01T14:24:16.999Z</time>
      </trkpt>
      <trkpt lat="49.589128" lon="5.540356">
        <ele>297.226100</ele>
        <time>2024-11-01T14:24:18.999Z</time>
      </trkpt>
      <trkpt lat="49.589003" lon="5.540327">
        <ele>296.682087</ele>
        <time>2024-11-01T14:24:20.999Z</time>
      </trkpt>
      <trkpt lat="49.588888" lon="5.540280">
        <ele>296.170085</ele>
        <time>2024-11-01T14:24:22.999Z</time>
      </trkpt>
      <trkpt lat="49.588738" lon="5.540286">
        <ele>295.495668</ele>
        <time>2024-11-01T14:24:24.999Z</time>
      </trkpt>
      <trkpt lat="49.588607" lon="5.540271">
        <ele>294.883600</ele>
        <time>2024-11-01T14:24:26.999Z</time>
      </trkpt>
      <trkpt lat="49.588462" lon="5.540262">
        <ele>294.207433</ele>
        <time>2024-11-01T14:24:28.999Z</time>
      </trkpt>
      <trkpt lat="49.588335" lon="5.540262">
        <ele>293.615683</ele>
        <time>2024-11-01T14:24:30.999Z</time>
      </trkpt>
      <trkpt lat="49.588216" lon="5.540261">
        <ele>293.061200</ele>
        <time>2024-11-01T14:24:35.999Z</time>
      </trkpt>
      <trkpt lat="49.588139" lon="5.540335">
        <ele>292.638488</ele>
        <time>2024-11-01T14:24:39.999Z</time>
      </trkpt>
      <trkpt lat="49.588082" lon="5.540468">
        <ele>292.156893</ele>
        <time>2024-11-01T14:24:42.999Z</time>
      </trkpt>
      <trkpt lat="49.588007" lon="5.540564">
        <ele>291.702789</ele>
        <time>2024-11-01T14:24:44.999Z</time>
      </trkpt>
      <trkpt lat="49.587927" lon="5.540651">
        <ele>291.246710</ele>
        <time>2024-11-01T14:24:46.999Z</time>
      </trkpt>
      <trkpt lat="49.587833" lon="5.540720">
        <ele>290.761659</ele>
        <time>2024-11-01T14:24:48.999Z</time>
      </trkpt>
      <trkpt lat="49.587731" lon="5.540820">
        <ele>290.198526</ele>
        <time>2024-11-01T14:24:50.999Z</time>
      </trkpt>
      <trkpt lat="49.587627" lon="5.540885">
        <ele>289.675678</ele>
        <time>2024-11-01T14:24:52.999Z</time>
      </trkpt>
      <trkpt lat="49.587539" lon="5.540965">
        <ele>289.199734</ele>
        <time>2024-11-01T14:24:54.999Z</time>
      </trkpt>
      <trkpt lat="49.587433" lon="5.541068">
        <ele>288.616005</ele>
        <time>2024-11-01T14:24:56.999Z</time>
      </trkpt>
      <trkpt lat="49.587330" lon="5.541157">
        <ele>288.065914</ele>
        <time>2024-11-01T14:24:58.999Z</time>
      </trkpt>
      <trkpt lat="49.587224" lon="5.541281">
        <ele>287.454709</ele>
        <time>2024-11-01T14:25:00.999Z</time>
      </trkpt>
      <trkpt lat="49.587111" lon="5.541366">
        <ele>286.983963</ele>
        <time>2024-11-01T14:25:02.999Z</time>
      </trkpt>
      <trkpt lat="49.586999" lon="5.541483">
        <ele>286.477469</ele>
        <time>2024-11-01T14:25:04.999Z</time>
      </trkpt>
      <trkpt lat="49.586894" lon="5.541593">
        <ele>286.002204</ele>
        <time>2024-11-01T14:25:06.999Z</time>
      </trkpt>
      <trkpt lat="49.586797" lon="5.541690">
        <ele>285.569349</ele>
        <time>2024-11-01T14:25:08.999Z</time>
      </trkpt>
      <trkpt lat="49.586709" lon="5.541774">
        <ele>285.181853</ele>
        <time>2024-11-01T14:25:10.999Z</time>
      </trkpt>
      <trkpt lat="49.586595" lon="5.541896">
        <ele>284.662317</ele>
        <time>2024-11-01T14:25:12.999Z</time>
      </trkpt>
      <trkpt lat="49.586499" lon="5.541995">
        <ele>284.229920</ele>
        <time>2024-11-01T14:25:14.999Z</time>
      </trkpt>
      <trkpt lat="49.586396" lon="5.542104">
        <ele>283.762207</ele>
        <time>2024-11-01T14:25:16.999Z</time>
      </trkpt>
      <trkpt lat="49.586309" lon="5.542203">
        <ele>283.357391</ele>
        <time>2024-11-01T14:25:18.999Z</time>
      </trkpt>
      <trkpt lat="49.586209" lon="5.542298">
        <ele>282.917632</ele>
        <time>2024-11-01T14:25:20.999Z</time>
      </trkpt>
      <trkpt lat="49.586104" lon="5.542399">
        <ele>282.454287</ele>
        <time>2024-11-01T14:25:22.999Z</time>
      </trkpt>
      <trkpt lat="49.585997" lon="5.542478">
        <ele>282.010105</ele>
        <time>2024-11-01T14:25:24.999Z</time>
      </trkpt>
      <trkpt lat="49.585894" lon="5.542591">
        <ele>281.536829</ele>
        <time>2024-11-01T14:25:26.999Z</time>
      </trkpt>
      <trkpt lat="49.585791" lon="5.542710">
        <ele>281.054966</ele>
        <time>2024-11-01T14:25:28.999Z</time>
      </trkpt>
      <trkpt lat="49.585696" lon="5.542799">
        <ele>280.629792</ele>
        <time>2024-11-01T14:25:30.999Z</time>
      </trkpt>
      <trkpt lat="49.585574" lon="5.542909">
        <ele>280.059861</ele>
        <time>2024-11-01T14:25:32.999Z</time>
      </trkpt>
      <trkpt lat="49.585459" lon="5.543031">
        <ele>279.496949</ele>
        <time>2024-11-01T14:25:34.999Z</time>
      </trkpt>
      <trkpt lat="49.585356" lon="5.543137">
        <ele>278.997571</ele>
        <time>2024-11-01T14:25:36.999Z</time>
      </trkpt>
      <trkpt lat="49.585232" lon="5.543256">
        <ele>278.408576</ele>
        <time>2024-11-01T14:25:38.999Z</time>
      </trkpt>
      <trkpt lat="49.585124" lon="5.543397">
        <ele>277.837924</ele>
        <time>2024-11-01T14:25:40.999Z</time>
      </trkpt>
      <trkpt lat="49.585015" lon="5.543490">
        <ele>277.335546</ele>
        <time>2024-11-01T14:25:42.999Z</time>
      </trkpt>
      <trkpt lat="49.584919" lon="5.543648">
        <ele>276.769350</ele>
        <time>2024-11-01T14:25:44.999Z</time>
      </trkpt>
      <trkpt lat="49.584831" lon="5.543771">
        <ele>276.290398</ele>
        <time>2024-11-01T14:25:46.999Z</time>
      </trkpt>
      <trkpt lat="49.584745" lon="5.543916">
        <ele>275.776545</ele>
        <time>2024-11-01T14:25:48.999Z</time>
      </trkpt>
      <trkpt lat="49.584633" lon="5.544047">
        <ele>275.209655</ele>
        <time>2024-11-01T14:25:50.999Z</time>
      </trkpt>
      <trkpt lat="49.584538" lon="5.544196">
        <ele>274.663228</ele>
        <time>2024-11-01T14:25:52.999Z</time>
      </trkpt>
      <trkpt lat="49.584449" lon="5.544327">
        <ele>274.167074</ele>
        <time>2024-11-01T14:25:54.999Z</time>
      </trkpt>
      <trkpt lat="49.584366" lon="5.544469">
        <ele>273.667160</ele>
        <time>2024-11-01T14:25:56.999Z</time>
      </trkpt>
      <trkpt lat="49.584277" lon="5.544585">
        <ele>273.249156</ele>
        <time>2024-11-01T14:25:58.999Z</time>
      </trkpt>
      <trkpt lat="49.584192" lon="5.544715">
        <ele>272.848846</ele>
        <time>2024-11-01T14:26:00.999Z</time>
      </trkpt>
      <trkpt lat="49.584098" lon="5.544853">
        <ele>272.414859</ele>
        <time>2024-11-01T14:26:02.999Z</time>
      </trkpt>
      <trkpt lat="49.584006" lon="5.544963">
        <ele>272.025577</ele>
        <time>2024-11-01T14:26:04.999Z</time>
      </trkpt>
      <trkpt lat="49.583922" lon="5.545083">
        <ele>271.642684</ele>
        <time>2024-11-01T14:26:06.999Z</time>
      </trkpt>
      <trkpt lat="49.583845" lon="5.545192">
        <ele>271.293169</ele>
        <time>2024-11-01T14:26:08.999Z</time>
      </trkpt>
      <trkpt lat="49.583770" lon="5.545304">
        <ele>270.944059</ele>
        <time>2024-11-01T14:26:10.998Z</time>
      </trkpt>
      <trkpt lat="49.583674" lon="5.545401">
        <ele>270.560260</ele>
        <time>2024-11-01T14:26:13.998Z</time>
      </trkpt>
      <trkpt lat="49.583586" lon="5.545326">
        <ele>270.224030</ele>
        <time>2024-11-01T14:26:16.998Z</time>
      </trkpt>
      <trkpt lat="49.583529" lon="5.545139">
        <ele>269.776005</ele>
        <time>2024-11-01T14:26:19.998Z</time>
      </trkpt>
      <trkpt lat="49.583481" lon="5.545018">
        <ele>269.468441</ele>
        <time>2024-11-01T14:26:21.999Z</time>
      </trkpt>
      <trkpt lat="49.583398" lon="5.544901">
        <ele>269.092412</ele>
        <time>2024-11-01T14:26:24.999Z</time>
      </trkpt>
      <trkpt lat="49.583321" lon="5.545024">
        <ele>268.721695</ele>
        <time>2024-11-01T14:26:27.999Z</time>
      </trkpt>
      <trkpt lat="49.583218" lon="5.545166">
        <ele>268.259698</ele>
        <time>2024-11-01T14:26:30.999Z</time>
      </trkpt>
      <trkpt lat="49.583134" lon="5.545251">
        <ele>267.923724</ele>
        <time>2024-11-01T14:26:32.999Z</time>
      </trkpt>
      <trkpt lat="49.583051" lon="5.545350">
        <ele>267.572838</ele>
        <time>2024-11-01T14:26:34.999Z</time>
      </trkpt>
      <trkpt lat="49.582954" lon="5.545453">
        <ele>266.986681</ele>
        <time>2024-11-01T14:26:36.999Z</time>
      </trkpt>
      <trkpt lat="49.582853" lon="5.545580">
        <ele>266.278064</ele>
        <time>2024-11-01T14:26:38.999Z</time>
      </trkpt>
      <trkpt lat="49.582753" lon="5.545696">
        <ele>265.597645</ele>
        <time>2024-11-01T14:26:40.999Z</time>
      </trkpt>
      <trkpt lat="49.582652" lon="5.545826">
        <ele>264.882296</ele>
        <time>2024-11-01T14:26:42.999Z</time>
      </trkpt>
      <trkpt lat="49.582567" lon="5.545966">
        <ele>264.206068</ele>
        <time>2024-11-01T14:26:44.999Z</time>
      </trkpt>
      <trkpt lat="49.582465" lon="5.546078">
        <ele>263.525200</ele>
        <time>2024-11-01T14:26:46.999Z</time>
      </trkpt>
      <trkpt lat="49.582363" lon="5.546187">
        <ele>262.850411</ele>
        <time>2024-11-01T14:26:48.999Z</time>
      </trkpt>
      <trkpt lat="49.582246" lon="5.546267">
        <ele>262.154458</ele>
        <time>2024-11-01T14:26:50.999Z</time>
      </trkpt>
      <trkpt lat="49.582115" lon="5.546254">
        <ele>261.440620</ele>
        <time>2024-11-01T14:26:52.999Z</time>
      </trkpt>
      <trkpt lat="49.582003" lon="5.546154">
        <ele>260.736885</ele>
        <time>2024-11-01T14:26:54.999Z</time>
      </trkpt>
      <trkpt lat="49.581915" lon="5.545988">
        <ele>259.980885</ele>
        <time>2024-11-01T14:26:56.999Z</time>
      </trkpt>
      <trkpt lat="49.581819" lon="5.545845">
        <ele>259.255130</ele>
        <time>2024-11-01T14:26:58.999Z</time>
      </trkpt>
      <trkpt lat="49.581712" lon="5.545720">
        <ele>258.525207</ele>
        <time>2024-11-01T14:27:00.999Z</time>
      </trkpt>
      <trkpt lat="49.581621" lon="5.545564">
        <ele>257.785348</ele>
        <time>2024-11-01T14:27:02.999Z</time>
      </trkpt>
      <trkpt lat="49.581522" lon="5.545419">
        <ele>257.326118</ele>
        <time>2024-11-01T14:27:04.999Z</time>
      </trkpt>
      <trkpt lat="49.581459" lon="5.545275">
        <ele>256.975471</ele>
        <time>2024-11-01T14:27:06.999Z</time>
      </trkpt>
      <trkpt lat="49.581372" lon="5.545162">
        <ele>256.621374</ele>
        <time>2024-11-01T14:27:09.999Z</time>
      </trkpt>
      <trkpt lat="49.581271" lon="5.545242">
        <ele>256.267899</ele>
        <time>2024-11-01T14:27:13.999Z</time>
      </trkpt>
      <trkpt lat="49.581214" lon="5.545353">
        <ele>255.982084</ele>
        <time>2024-11-01T14:27:16.999Z</time>
      </trkpt>
      <trkpt lat="49.581146" lon="5.545462">
        <ele>255.676758</ele>
        <time>2024-11-01T14:27:19.999Z</time>
      </trkpt>
      <trkpt lat="49.581063" lon="5.545564">
        <ele>255.346366</ele>
        <time>2024-11-01T14:27:22.999Z</time>
      </trkpt>
      <trkpt lat="49.580951" lon="5.545625">
        <ele>254.976585</ele>
        <time>2024-11-01T14:27:25.999Z</time>
      </trkpt>
      <trkpt lat="49.580824" lon="5.545678">
        <ele>254.566989</ele>
        <time>2024-11-01T14:27:28.999Z</time>
      </trkpt>
      <trkpt lat="49.580691" lon="5.545704">
        <ele>254.149619</ele>
        <time>2024-11-01T14:27:31.999Z</time>
      </trkpt>
      <trkpt lat="49.580561" lon="5.545739">
        <ele>253.738782</ele>
        <time>2024-11-01T14:27:34.999Z</time>
      </trkpt>
      <trkpt lat="49.580442" lon="5.545781">
        <ele>253.358734</ele>
        <time>2024-11-01T14:27:37.999Z</time>
      </trkpt>
      <trkpt lat="49.580337" lon="5.545816">
        <ele>253.024299</ele>
        <time>2024-11-01T14:27:39.999Z</time>
      </trkpt>
      <trkpt lat="49.580204" lon="5.545879">
        <ele>252.591154</ele>
        <time>2024-11-01T14:27:42.999Z</time>
      </trkpt>
      <trkpt lat="49.580105" lon="5.545932">
        <ele>252.264906</ele>
        <time>2024-11-01T14:27:44.999Z</time>
      </trkpt>
      <trkpt lat="49.579989" lon="5.546006">
        <ele>251.685632</ele>
        <time>2024-11-01T14:27:47.999Z</time>
      </trkpt>
      <trkpt lat="49.579863" lon="5.546079">
        <ele>250.925767</ele>
        <time>2024-11-01T14:27:50.999Z</time>
      </trkpt>
      <trkpt lat="49.579784" lon="5.546147">
        <ele>250.415015</ele>
        <time>2024-11-01T14:27:52.999Z</time>
      </trkpt>
      <trkpt lat="49.579669" lon="5.546247">
        <ele>249.669702</ele>
        <time>2024-11-01T14:27:55.999Z</time>
      </trkpt>
      <trkpt lat="49.579556" lon="5.546361">
        <ele>248.907402</ele>
        <time>2024-11-01T14:27:58.999Z</time>
      </trkpt>
      <trkpt lat="49.579479" lon="5.546442">
        <ele>248.381209</ele>
        <time>2024-11-01T14:28:00.999Z</time>
      </trkpt>
      <trkpt lat="49.579372" lon="5.546565">
        <ele>247.627808</ele>
        <time>2024-11-01T14:28:03.999Z</time>
      </trkpt>
      <trkpt lat="49.579268" lon="5.546683">
        <ele>246.898909</ele>
        <time>2024-11-01T14:28:06.998Z</time>
      </trkpt>
      <trkpt lat="49.579173" lon="5.546784">
        <ele>246.247505</ele>
        <time>2024-11-01T14:28:09.998Z</time>
      </trkpt>
      <trkpt lat="49.579056" lon="5.546792">
        <ele>245.586334</ele>
        <time>2024-11-01T14:28:12.998Z</time>
      </trkpt>
      <trkpt lat="49.578978" lon="5.546702">
        <ele>245.036387</ele>
        <time>2024-11-01T14:28:14.998Z</time>
      </trkpt>
      <trkpt lat="49.578895" lon="5.546617">
        <ele>244.473915</ele>
        <time>2024-11-01T14:28:16.998Z</time>
      </trkpt>
      <trkpt lat="49.578795" lon="5.546516">
        <ele>243.799079</ele>
        <time>2024-11-01T14:28:18.998Z</time>
      </trkpt>
      <trkpt lat="49.578669" lon="5.546460">
        <ele>243.058800</ele>
        <time>2024-11-01T14:28:20.998Z</time>
      </trkpt>
      <trkpt lat="49.578518" lon="5.546524">
        <ele>242.174725</ele>
        <time>2024-11-01T14:28:22.998Z</time>
      </trkpt>
      <trkpt lat="49.578437" lon="5.546595">
        <ele>241.403484</ele>
        <time>2024-11-01T14:28:23.998Z</time>
      </trkpt>
      <trkpt lat="49.578355" lon="5.546670">
        <ele>240.429393</ele>
        <time>2024-11-01T14:28:24.998Z</time>
      </trkpt>
      <trkpt lat="49.578273" lon="5.546732">
        <ele>239.496290</ele>
        <time>2024-11-01T14:28:25.998Z</time>
      </trkpt>
      <trkpt lat="49.578123" lon="5.546766">
        <ele>237.947206</ele>
        <time>2024-11-01T14:28:27.999Z</time>
      </trkpt>
      <trkpt lat="49.578012" lon="5.546628">
        <ele>236.490445</ele>
        <time>2024-11-01T14:28:29.999Z</time>
      </trkpt>
      <trkpt lat="49.577946" lon="5.546380">
        <ele>234.714409</ele>
        <time>2024-11-01T14:28:31.999Z</time>
      </trkpt>
      <trkpt lat="49.577879" lon="5.546121">
        <ele>232.866982</ele>
        <time>2024-11-01T14:28:33.999Z</time>
      </trkpt>
      <trkpt lat="49.577840" lon="5.545985">
        <ele>231.881780</ele>
        <time>2024-11-01T14:28:34.999Z</time>
      </trkpt>
      <trkpt lat="49.577800" lon="5.545852">
        <ele>230.910465</ele>
        <time>2024-11-01T14:28:35.999Z</time>
      </trkpt>
      <trkpt lat="49.577760" lon="5.545724">
        <ele>229.969098</ele>
        <time>2024-11-01T14:28:36.999Z</time>
      </trkpt>
      <trkpt lat="49.577723" lon="5.545589">
        <ele>228.998086</ele>
        <time>2024-11-01T14:28:37.999Z</time>
      </trkpt>
      <trkpt lat="49.577660" lon="5.545375">
        <ele>227.441016</ele>
        <time>2024-11-01T14:28:39.999Z</time>
      </trkpt>
      <trkpt lat="49.577578" lon="5.545174">
        <ele>225.867713</ele>
        <time>2024-11-01T14:28:41.999Z</time>
      </trkpt>
      <trkpt lat="49.577486" lon="5.544983">
        <ele>224.291363</ele>
        <time>2024-11-01T14:28:43.999Z</time>
      </trkpt>
      <trkpt lat="49.577426" lon="5.544877">
        <ele>223.502263</ele>
        <time>2024-11-01T14:28:44.999Z</time>
      </trkpt>
      <trkpt lat="49.577307" lon="5.544717">
        <ele>222.963535</ele>
        <time>2024-11-01T14:28:46.999Z</time>
      </trkpt>
      <trkpt lat="49.577213" lon="5.544579">
        <ele>222.520674</ele>
        <time>2024-11-01T14:28:48.999Z</time>
      </trkpt>
      <trkpt lat="49.577126" lon="5.544460">
        <ele>222.123854</ele>
        <time>2024-11-01T14:28:50.999Z</time>
      </trkpt>
      <trkpt lat="49.577027" lon="5.544438">
        <ele>221.782539</ele>
        <time>2024-11-01T14:28:52.999Z</time>
      </trkpt>
      <trkpt lat="49.576902" lon="5.544496">
        <ele>221.337105</ele>
        <time>2024-11-01T14:28:54.999Z</time>
      </trkpt>
      <trkpt lat="49.576796" lon="5.544570">
        <ele>220.940059</ele>
        <time>2024-11-01T14:28:56.999Z</time>
      </trkpt>
      <trkpt lat="49.576672" lon="5.544652">
        <ele>220.479664</ele>
        <time>2024-11-01T14:28:58.999Z</time>
      </trkpt>
      <trkpt lat="49.576549" lon="5.544741">
        <ele>220.016039</ele>
        <time>2024-11-01T14:29:00.999Z</time>
      </trkpt>
      <trkpt lat="49.576434" lon="5.544828">
        <ele>219.578942</ele>
        <time>2024-11-01T14:29:02.999Z</time>
      </trkpt>
      <trkpt lat="49.576329" lon="5.544931">
        <ele>219.154301</ele>
        <time>2024-11-01T14:29:04.999Z</time>
      </trkpt>
      <trkpt lat="49.576225" lon="5.545032">
        <ele>218.734909</ele>
        <time>2024-11-01T14:29:06.999Z</time>
      </trkpt>
      <trkpt lat="49.576126" lon="5.545132">
        <ele>218.331069</ele>
        <time>2024-11-01T14:29:08.999Z</time>
      </trkpt>
      <trkpt lat="49.576034" lon="5.545237">
        <ele>217.940509</ele>
        <time>2024-11-01T14:29:10.999Z</time>
      </trkpt>
      <trkpt lat="49.575934" lon="5.545339">
        <ele>217.531385</ele>
        <time>2024-11-01T14:29:12.999Z</time>
      </trkpt>
      <trkpt lat="49.575849" lon="5.545435">
        <ele>217.263374</ele>
        <time>2024-11-01T14:29:14.999Z</time>
      </trkpt>
      <trkpt lat="49.575778" lon="5.545527">
        <ele>217.056398</ele>
        <time>2024-11-01T14:29:16.999Z</time>
      </trkpt>
      <trkpt lat="49.575688" lon="5.545611">
        <ele>216.821605</ele>
        <time>2024-11-01T14:29:18.999Z</time>
      </trkpt>
      <trkpt lat="49.575578" lon="5.545722">
        <ele>216.528210</ele>
        <time>2024-11-01T14:29:20.999Z</time>
      </trkpt>
      <trkpt lat="49.575469" lon="5.545830">
        <ele>216.239050</ele>
        <time>2024-11-01T14:29:22.999Z</time>
      </trkpt>
      <trkpt lat="49.575366" lon="5.545929">
        <ele>215.968170</ele>
        <time>2024-11-01T14:29:24.999Z</time>
      </trkpt>
      <trkpt lat="49.575266" lon="5.546042">
        <ele>215.691478</ele>
        <time>2024-11-01T14:29:26.999Z</time>
      </trkpt>
      <trkpt lat="49.575161" lon="5.546143">
        <ele>215.415279</ele>
        <time>2024-11-01T14:29:28.999Z</time>
      </trkpt>
      <trkpt lat="49.575072" lon="5.546232">
        <ele>215.178534</ele>
        <time>2024-11-01T14:29:30.999Z</time>
      </trkpt>
      <trkpt lat="49.574971" lon="5.546317">
        <ele>214.921731</ele>
        <time>2024-11-01T14:29:32.999Z</time>
      </trkpt>
      <trkpt lat="49.574862" lon="5.546383">
        <ele>214.660375</ele>
        <time>2024-11-01T14:29:34.999Z</time>
      </trkpt>
      <trkpt lat="49.574756" lon="5.546454">
        <ele>214.402443</ele>
        <time>2024-11-01T14:29:36.999Z</time>
      </trkpt>
      <trkpt lat="49.574663" lon="5.546514">
        <ele>214.177445</ele>
        <time>2024-11-01T14:29:38.999Z</time>
      </trkpt>
      <trkpt lat="49.574563" lon="5.546577">
        <ele>213.936350</ele>
        <time>2024-11-01T14:29:40.999Z</time>
      </trkpt>
      <trkpt lat="49.574478" lon="5.546645">
        <ele>213.722631</ele>
        <time>2024-11-01T14:29:42.999Z</time>
      </trkpt>
      <trkpt lat="49.574384" lon="5.546740">
        <ele>213.471794</ele>
        <time>2024-11-01T14:29:45.999Z</time>
      </trkpt>
      <trkpt lat="49.574301" lon="5.546875">
        <ele>213.557885</ele>
        <time>2024-11-01T14:29:49.999Z</time>
      </trkpt>
      <trkpt lat="49.574336" lon="5.547034">
        <ele>213.708343</ele>
        <time>2024-11-01T14:29:52.999Z</time>
      </trkpt>
      <trkpt lat="49.574362" lon="5.547180">
        <ele>213.844010</ele>
        <time>2024-11-01T14:29:54.999Z</time>
      </trkpt>
      <trkpt lat="49.574402" lon="5.547338">
        <ele>213.995994</ele>
        <time>2024-11-01T14:29:56.999Z</time>
      </trkpt>
      <trkpt lat="49.574448" lon="5.547513">
        <ele>214.165196</ele>
        <time>2024-11-01T14:29:58.999Z</time>
      </trkpt>
      <trkpt lat="49.574493" lon="5.547680">
        <ele>214.327242</ele>
        <time>2024-11-01T14:30:00.999Z</time>
      </trkpt>
      <trkpt lat="49.574551" lon="5.547824">
        <ele>214.479138</ele>
        <time>2024-11-01T14:30:02.999Z</time>
      </trkpt>
      <trkpt lat="49.574600" lon="5.547960">
        <ele>214.618548</ele>
        <time>2024-11-01T14:30:04.999Z</time>
      </trkpt>
      <trkpt lat="49.574638" lon="5.548146">
        <ele>214.793289</ele>
        <time>2024-11-01T14:30:07.999Z</time>
      </trkpt>
      <trkpt lat="49.574605" lon="5.548296">
        <ele>214.935221</ele>
        <time>2024-11-01T14:30:09.999Z</time>
      </trkpt>
      <trkpt lat="49.574597" lon="5.548497">
        <ele>215.115666</ele>
        <time>2024-11-01T14:30:11.999Z</time>
      </trkpt>
      <trkpt lat="49.574562" lon="5.548655">
        <ele>215.265275</ele>
        <time>2024-11-01T14:30:13.999Z</time>
      </trkpt>
      <trkpt lat="49.574495" lon="5.548785">
        <ele>215.414072</ele>
        <time>2024-11-01T14:30:15.999Z</time>
      </trkpt>
      <trkpt lat="49.574415" lon="5.548879">
        <ele>215.553050</ele>
        <time>2024-11-01T14:30:17.999Z</time>
      </trkpt>
      <trkpt lat="49.574351" lon="5.548983">
        <ele>215.681523</ele>
        <time>2024-11-01T14:30:19.999Z</time>
      </trkpt>
      <trkpt lat="49.574340" lon="5.549135">
        <ele>215.818568</ele>
        <time>2024-11-01T14:30:22.998Z</time>
      </trkpt>
      <trkpt lat="49.574381" lon="5.549268">
        <ele>215.950589</ele>
        <time>2024-11-01T14:30:25.998Z</time>
      </trkpt>
      <trkpt lat="49.574410" lon="5.549427">
        <ele>216.098812</ele>
        <time>2024-11-01T14:30:28.998Z</time>
      </trkpt>
      <trkpt lat="49.574363" lon="5.549555">
        <ele>216.230816</ele>
        <time>2024-11-01T14:30:31.998Z</time>
      </trkpt>
      <trkpt lat="49.574263" lon="5.549651">
        <ele>216.393830</ele>
        <time>2024-11-01T14:30:34.999Z</time>
      </trkpt>
      <trkpt lat="49.574193" lon="5.549768">
        <ele>216.536688</ele>
        <time>2024-11-01T14:30:37.999Z</time>
      </trkpt>
      <trkpt lat="49.574098" lon="5.549880">
        <ele>216.702176</ele>
        <time>2024-11-01T14:30:40.999Z</time>
      </trkpt>
      <trkpt lat="49.573991" lon="5.549960">
        <ele>216.866738</ele>
        <time>2024-11-01T14:30:43.999Z</time>
      </trkpt>
      <trkpt lat="49.573913" lon="5.550031">
        <ele>216.992084</ele>
        <time>2024-11-01T14:30:45.999Z</time>
      </trkpt>
      <trkpt lat="49.573829" lon="5.550088">
        <ele>217.119087</ele>
        <time>2024-11-01T14:30:47.999Z</time>
      </trkpt>
      <trkpt lat="49.573755" lon="5.550194">
        <ele>217.258859</ele>
        <time>2024-11-01T14:30:49.999Z</time>
      </trkpt>
      <trkpt lat="49.573751" lon="5.550347">
        <ele>217.396274</ele>
        <time>2024-11-01T14:30:51.999Z</time>
      </trkpt>
      <trkpt lat="49.573825" lon="5.550459">
        <ele>217.539765</ele>
        <time>2024-11-01T14:30:53.999Z</time>
      </trkpt>
      <trkpt lat="49.573912" lon="5.550539">
        <ele>217.679943</ele>
        <time>2024-11-01T14:30:55.999Z</time>
      </trkpt>
      <trkpt lat="49.574003" lon="5.550606">
        <ele>217.819495</ele>
        <time>2024-11-01T14:30:57.999Z</time>
      </trkpt>
      <trkpt lat="49.574089" lon="5.550692">
        <ele>217.961342</ele>
        <time>2024-11-01T14:30:59.999Z</time>
      </trkpt>
      <trkpt lat="49.574177" lon="5.550776">
        <ele>218.104567</ele>
        <time>2024-11-01T14:31:01.999Z</time>
      </trkpt>
      <trkpt lat="49.574243" lon="5.550896">
        <ele>218.245773</ele>
        <time>2024-11-01T14:31:03.999Z</time>
      </trkpt>
      <trkpt lat="49.574244" lon="5.551068">
        <ele>218.403333</ele>
        <time>2024-11-01T14:31:05.999Z</time>
      </trkpt>
      <trkpt lat="49.574178" lon="5.551225">
        <ele>218.720588</ele>
        <time>2024-11-01T14:31:07.999Z</time>
      </trkpt>
      <trkpt lat="49.574115" lon="5.551385">
        <ele>219.037983</ele>
        <time>2024-11-01T14:31:09.999Z</time>
      </trkpt>
      <trkpt lat="49.574059" lon="5.551539">
        <ele>219.337361</ele>
        <time>2024-11-01T14:31:11.999Z</time>
      </trkpt>
      <trkpt lat="49.573996" lon="5.551674">
        <ele>219.619382</ele>
        <time>2024-11-01T14:31:13.999Z</time>
      </trkpt>
      <trkpt lat="49.573930" lon="5.551804">
        <ele>219.899333</ele>
        <time>2024-11-01T14:31:15.999Z</time>
      </trkpt>
      <trkpt lat="49.573891" lon="5.551945">
        <ele>220.159256</ele>
        <time>2024-11-01T14:31:17.999Z</time>
      </trkpt>
      <trkpt lat="49.573895" lon="5.552100">
        <ele>220.422285</ele>
        <time>2024-11-01T14:31:19.999Z</time>
      </trkpt>
      <trkpt lat="49.573963" lon="5.552233">
        <ele>220.709466</ele>
        <time>2024-11-01T14:31:21.999Z</time>
      </trkpt>
      <trkpt lat="49.574044" lon="5.552330">
        <ele>220.977629</ele>
        <time>2024-11-01T14:31:23.999Z</time>
      </trkpt>
      <trkpt lat="49.574141" lon="5.552464">
        <ele>221.318153</ele>
        <time>2024-11-01T14:31:26.999Z</time>
      </trkpt>
      <trkpt lat="49.574209" lon="5.552555">
        <ele>221.553576</ele>
        <time>2024-11-01T14:31:28.999Z</time>
      </trkpt>
      <trkpt lat="49.574278" lon="5.552725">
        <ele>221.893638</ele>
        <time>2024-11-01T14:31:31.999Z</time>
      </trkpt>
      <trkpt lat="49.574273" lon="5.552911">
        <ele>222.209292</ele>
        <time>2024-11-01T14:31:33.999Z</time>
      </trkpt>
      <trkpt lat="49.574286" lon="5.553053">
        <ele>222.452455</ele>
        <time>2024-11-01T14:31:35.999Z</time>
      </trkpt>
      <trkpt lat="49.574341" lon="5.553189">
        <ele>222.724227</ele>
        <time>2024-11-01T14:31:38.999Z</time>
      </trkpt>
      <trkpt lat="49.574358" lon="5.553346">
        <ele>222.994123</ele>
        <time>2024-11-01T14:31:42.999Z</time>
      </trkpt>
      <trkpt lat="49.574270" lon="5.553277">
        <ele>223.077969</ele>
        <time>2024-11-01T14:32:14.998Z</time>
      </trkpt>
      <trkpt lat="49.574176" lon="5.553179">
        <ele>223.035822</ele>
        <time>2024-11-01T14:32:17.998Z</time>
      </trkpt>
      <trkpt lat="49.574066" lon="5.553080">
        <ele>222.988512</ele>
        <time>2024-11-01T14:32:20.998Z</time>
      </trkpt>
      <trkpt lat="49.573952" lon="5.552934">
        <ele>222.933468</ele>
        <time>2024-11-01T14:32:23.998Z</time>
      </trkpt>
      <trkpt lat="49.573844" lon="5.552823">
        <ele>222.885257</ele>
        <time>2024-11-01T14:32:25.998Z</time>
      </trkpt>
      <trkpt lat="49.573739" lon="5.552718">
        <ele>222.838772</ele>
        <time>2024-11-01T14:32:27.998Z</time>
      </trkpt>
      <trkpt lat="49.573651" lon="5.552622">
        <ele>222.798732</ele>
        <time>2024-11-01T14:32:29.998Z</time>
      </trkpt>
      <trkpt lat="49.573570" lon="5.552536">
        <ele>222.762202</ele>
        <time>2024-11-01T14:32:31.998Z</time>
      </trkpt>
      <trkpt lat="49.573470" lon="5.552421">
        <ele>222.715865</ele>
        <time>2024-11-01T14:32:33.998Z</time>
      </trkpt>
      <trkpt lat="49.573386" lon="5.552306">
        <ele>222.674141</ele>
        <time>2024-11-01T14:32:35.998Z</time>
      </trkpt>
      <trkpt lat="49.573294" lon="5.552219">
        <ele>222.634054</ele>
        <time>2024-11-01T14:32:37.998Z</time>
      </trkpt>
      <trkpt lat="49.573207" lon="5.552121">
        <ele>222.594034</ele>
        <time>2024-11-01T14:32:39.999Z</time>
      </trkpt>
      <trkpt lat="49.573127" lon="5.552005">
        <ele>222.553244</ele>
        <time>2024-11-01T14:32:41.999Z</time>
      </trkpt>
      <trkpt lat="49.573034" lon="5.551899">
        <ele>222.510287</ele>
        <time>2024-11-01T14:32:43.999Z</time>
      </trkpt>
      <trkpt lat="49.572942" lon="5.551785">
        <ele>222.466448</ele>
        <time>2024-11-01T14:32:45.999Z</time>
      </trkpt>
      <trkpt lat="49.572854" lon="5.551668">
        <ele>222.423835</ele>
        <time>2024-11-01T14:32:47.999Z</time>
      </trkpt>
      <trkpt lat="49.572771" lon="5.551556">
        <ele>222.385587</ele>
        <time>2024-11-01T14:32:49.999Z</time>
      </trkpt>
      <trkpt lat="49.572681" lon="5.551437">
        <ele>222.344474</ele>
        <time>2024-11-01T14:32:51.999Z</time>
      </trkpt>
      <trkpt lat="49.572586" lon="5.551309">
        <ele>222.300724</ele>
        <time>2024-11-01T14:32:53.999Z</time>
      </trkpt>
      <trkpt lat="49.572485" lon="5.551181">
        <ele>222.255387</ele>
        <time>2024-11-01T14:32:55.999Z</time>
      </trkpt>
      <trkpt lat="49.572388" lon="5.551055">
        <ele>222.211404</ele>
        <time>2024-11-01T14:32:57.999Z</time>
      </trkpt>
      <trkpt lat="49.572306" lon="5.550929">
        <ele>222.171259</ele>
        <time>2024-11-01T14:32:59.999Z</time>
      </trkpt>
      <trkpt lat="49.572214" lon="5.550817">
        <ele>222.130610</ele>
        <time>2024-11-01T14:33:01.999Z</time>
      </trkpt>
      <trkpt lat="49.572119" lon="5.550710">
        <ele>222.089813</ele>
        <time>2024-11-01T14:33:03.999Z</time>
      </trkpt>
      <trkpt lat="49.572028" lon="5.550588">
        <ele>222.047995</ele>
        <time>2024-11-01T14:33:05.999Z</time>
      </trkpt>
      <trkpt lat="49.571939" lon="5.550458">
        <ele>222.005482</ele>
        <time>2024-11-01T14:33:07.999Z</time>
      </trkpt>
      <trkpt lat="49.571852" lon="5.550329">
        <ele>221.963626</ele>
        <time>2024-11-01T14:33:09.999Z</time>
      </trkpt>
      <trkpt lat="49.571762" lon="5.550201">
        <ele>221.921167</ele>
        <time>2024-11-01T14:33:11.999Z</time>
      </trkpt>
      <trkpt lat="49.571670" lon="5.550075">
        <ele>221.878495</ele>
        <time>2024-11-01T14:33:13.999Z</time>
      </trkpt>
      <trkpt lat="49.571583" lon="5.549952">
        <ele>221.837562</ele>
        <time>2024-11-01T14:33:15.999Z</time>
      </trkpt>
      <trkpt lat="49.571495" lon="5.549828">
        <ele>221.741196</ele>
        <time>2024-11-01T14:33:17.999Z</time>
      </trkpt>
      <trkpt lat="49.571404" lon="5.549715">
        <ele>221.507799</ele>
        <time>2024-11-01T14:33:19.999Z</time>
      </trkpt>
      <trkpt lat="49.571323" lon="5.549579">
        <ele>221.268588</ele>
        <time>2024-11-01T14:33:21.999Z</time>
      </trkpt>
      <trkpt lat="49.571232" lon="5.549446">
        <ele>221.018126</ele>
        <time>2024-11-01T14:33:23.999Z</time>
      </trkpt>
      <trkpt lat="49.571144" lon="5.549323">
        <ele>220.780866</ele>
        <time>2024-11-01T14:33:25.999Z</time>
      </trkpt>
      <trkpt lat="49.571046" lon="5.549192">
        <ele>220.521782</ele>
        <time>2024-11-01T14:33:27.999Z</time>
      </trkpt>
      <trkpt lat="49.570949" lon="5.549064">
        <ele>220.266747</ele>
        <time>2024-11-01T14:33:29.999Z</time>
      </trkpt>
      <trkpt lat="49.570857" lon="5.548931">
        <ele>220.014830</ele>
        <time>2024-11-01T14:33:31.999Z</time>
      </trkpt>
      <trkpt lat="49.570763" lon="5.548798">
        <ele>219.759984</ele>
        <time>2024-11-01T14:33:33.999Z</time>
      </trkpt>
      <trkpt lat="49.570659" lon="5.548666">
        <ele>219.490906</ele>
        <time>2024-11-01T14:33:35.999Z</time>
      </trkpt>
      <trkpt lat="49.570564" lon="5.548534">
        <ele>219.235453</ele>
        <time>2024-11-01T14:33:37.999Z</time>
      </trkpt>
      <trkpt lat="49.570471" lon="5.548411">
        <ele>218.990699</ele>
        <time>2024-11-01T14:33:39.999Z</time>
      </trkpt>
      <trkpt lat="49.570381" lon="5.548276">
        <ele>218.739882</ele>
        <time>2024-11-01T14:33:41.999Z</time>
      </trkpt>
      <trkpt lat="49.570283" lon="5.548152">
        <ele>218.486643</ele>
        <time>2024-11-01T14:33:43.999Z</time>
      </trkpt>
      <trkpt lat="49.570191" lon="5.548028">
        <ele>218.242551</ele>
        <time>2024-11-01T14:33:45.999Z</time>
      </trkpt>
      <trkpt lat="49.570100" lon="5.547893">
        <ele>218.069394</ele>
        <time>2024-11-01T14:33:47.999Z</time>
      </trkpt>
      <trkpt lat="49.570009" lon="5.547764">
        <ele>217.909473</ele>
        <time>2024-11-01T14:33:49.999Z</time>
      </trkpt>
      <trkpt lat="49.569922" lon="5.547648">
        <ele>217.760675</ele>
        <time>2024-11-01T14:33:51.999Z</time>
      </trkpt>
      <trkpt lat="49.569834" lon="5.547509">
        <ele>217.597694</ele>
        <time>2024-11-01T14:33:53.999Z</time>
      </trkpt>
      <trkpt lat="49.569752" lon="5.547383">
        <ele>217.447927</ele>
        <time>2024-11-01T14:33:55.999Z</time>
      </trkpt>
      <trkpt lat="49.569669" lon="5.547264">
        <ele>217.301301</ele>
        <time>2024-11-01T14:33:57.999Z</time>
      </trkpt>
      <trkpt lat="49.569583" lon="5.547120">
        <ele>217.137057</ele>
        <time>2024-11-01T14:33:59.999Z</time>
      </trkpt>
      <trkpt lat="49.569501" lon="5.546986">
        <ele>216.982478</ele>
        <time>2024-11-01T14:34:01.999Z</time>
      </trkpt>
      <trkpt lat="49.569404" lon="5.546851">
        <ele>216.813428</ele>
        <time>2024-11-01T14:34:03.999Z</time>
      </trkpt>
      <trkpt lat="49.569321" lon="5.546717">
        <ele>216.657958</ele>
        <time>2024-11-01T14:34:05.999Z</time>
      </trkpt>
      <trkpt lat="49.569233" lon="5.546576">
        <ele>216.493772</ele>
        <time>2024-11-01T14:34:07.999Z</time>
      </trkpt>
      <trkpt lat="49.569142" lon="5.546444">
        <ele>216.332136</ele>
        <time>2024-11-01T14:34:09.998Z</time>
      </trkpt>
      <trkpt lat="49.569058" lon="5.546307">
        <ele>216.173950</ele>
        <time>2024-11-01T14:34:11.998Z</time>
      </trkpt>
      <trkpt lat="49.568972" lon="5.546166">
        <ele>216.011547</ele>
        <time>2024-11-01T14:34:13.998Z</time>
      </trkpt>
      <trkpt lat="49.568892" lon="5.546023">
        <ele>215.888325</ele>
        <time>2024-11-01T14:34:15.998Z</time>
      </trkpt>
      <trkpt lat="49.568807" lon="5.545888">
        <ele>215.890703</ele>
        <time>2024-11-01T14:34:17.998Z</time>
      </trkpt>
      <trkpt lat="49.568726" lon="5.545747">
        <ele>215.893084</ele>
        <time>2024-11-01T14:34:19.998Z</time>
      </trkpt>
      <trkpt lat="49.568642" lon="5.545616">
        <ele>215.895413</ele>
        <time>2024-11-01T14:34:21.998Z</time>
      </trkpt>
      <trkpt lat="49.568560" lon="5.545475">
        <ele>215.897807</ele>
        <time>2024-11-01T14:34:23.998Z</time>
      </trkpt>
      <trkpt lat="49.568479" lon="5.545342">
        <ele>215.900113</ele>
        <time>2024-11-01T14:34:25.998Z</time>
      </trkpt>
      <trkpt lat="49.568399" lon="5.545199">
        <ele>215.902501</ele>
        <time>2024-11-01T14:34:27.998Z</time>
      </trkpt>
      <trkpt lat="49.568317" lon="5.545072">
        <ele>215.904766</ele>
        <time>2024-11-01T14:34:29.998Z</time>
      </trkpt>
      <trkpt lat="49.568244" lon="5.544913">
        <ele>215.907228</ele>
        <time>2024-11-01T14:34:31.998Z</time>
      </trkpt>
      <trkpt lat="49.568165" lon="5.544779">
        <ele>215.909518</ele>
        <time>2024-11-01T14:34:33.998Z</time>
      </trkpt>
      <trkpt lat="49.568088" lon="5.544634">
        <ele>215.911887</ele>
        <time>2024-11-01T14:34:35.998Z</time>
      </trkpt>
      <trkpt lat="49.568019" lon="5.544492">
        <ele>215.914130</ele>
        <time>2024-11-01T14:34:37.998Z</time>
      </trkpt>
      <trkpt lat="49.567937" lon="5.544348">
        <ele>215.916552</ele>
        <time>2024-11-01T14:34:39.998Z</time>
      </trkpt>
      <trkpt lat="49.567863" lon="5.544193">
        <ele>215.918985</ele>
        <time>2024-11-01T14:34:41.998Z</time>
      </trkpt>
      <trkpt lat="49.567787" lon="5.544046">
        <ele>215.921361</ele>
        <time>2024-11-01T14:34:43.998Z</time>
      </trkpt>
      <trkpt lat="49.567712" lon="5.543893">
        <ele>215.914406</ele>
        <time>2024-11-01T14:34:45.999Z</time>
      </trkpt>
      <trkpt lat="49.567636" lon="5.543744">
        <ele>215.892531</ele>
        <time>2024-11-01T14:34:47.999Z</time>
      </trkpt>
      <trkpt lat="49.567562" lon="5.543594">
        <ele>215.870782</ele>
        <time>2024-11-01T14:34:49.999Z</time>
      </trkpt>
      <trkpt lat="49.567491" lon="5.543444">
        <ele>215.849353</ele>
        <time>2024-11-01T14:34:51.999Z</time>
      </trkpt>
      <trkpt lat="49.567421" lon="5.543294">
        <ele>215.828028</ele>
        <time>2024-11-01T14:34:53.999Z</time>
      </trkpt>
      <trkpt lat="49.567362" lon="5.543127">
        <ele>215.806082</ele>
        <time>2024-11-01T14:34:55.999Z</time>
      </trkpt>
      <trkpt lat="49.567289" lon="5.542978">
        <ele>215.784533</ele>
        <time>2024-11-01T14:34:57.999Z</time>
      </trkpt>
      <trkpt lat="49.567220" lon="5.542822">
        <ele>215.762743</ele>
        <time>2024-11-01T14:34:59.999Z</time>
      </trkpt>
      <trkpt lat="49.567155" lon="5.542663">
        <ele>215.741053</ele>
        <time>2024-11-01T14:35:01.999Z</time>
      </trkpt>
      <trkpt lat="49.567084" lon="5.542516">
        <ele>215.719902</ele>
        <time>2024-11-01T14:35:03.999Z</time>
      </trkpt>
      <trkpt lat="49.567019" lon="5.542361">
        <ele>215.698602</ele>
        <time>2024-11-01T14:35:05.999Z</time>
      </trkpt>
      <trkpt lat="49.566958" lon="5.542201">
        <ele>215.677184</ele>
        <time>2024-11-01T14:35:07.999Z</time>
      </trkpt>
      <trkpt lat="49.566890" lon="5.542045">
        <ele>215.655494</ele>
        <time>2024-11-01T14:35:09.999Z</time>
      </trkpt>
      <trkpt lat="49.566824" lon="5.541891">
        <ele>215.634192</ele>
        <time>2024-11-01T14:35:11.999Z</time>
      </trkpt>
      <trkpt lat="49.566755" lon="5.541741">
        <ele>215.612970</ele>
        <time>2024-11-01T14:35:13.999Z</time>
      </trkpt>
      <trkpt lat="49.566679" lon="5.541591">
        <ele>215.545859</ele>
        <time>2024-11-01T14:35:15.999Z</time>
      </trkpt>
      <trkpt lat="49.566613" lon="5.541437">
        <ele>215.443185</ele>
        <time>2024-11-01T14:35:17.999Z</time>
      </trkpt>
      <trkpt lat="49.566547" lon="5.541287">
        <ele>215.342360</ele>
        <time>2024-11-01T14:35:19.999Z</time>
      </trkpt>
      <trkpt lat="49.566479" lon="5.541123">
        <ele>215.234088</ele>
        <time>2024-11-01T14:35:21.999Z</time>
      </trkpt>
      <trkpt lat="49.566409" lon="5.540969">
        <ele>215.129483</ele>
        <time>2024-11-01T14:35:23.999Z</time>
      </trkpt>
      <trkpt lat="49.566340" lon="5.540815">
        <ele>215.025369</ele>
        <time>2024-11-01T14:35:25.999Z</time>
      </trkpt>
      <trkpt lat="49.566272" lon="5.540663">
        <ele>214.922657</ele>
        <time>2024-11-01T14:35:27.999Z</time>
      </trkpt>
      <trkpt lat="49.566208" lon="5.540509">
        <ele>214.820918</ele>
        <time>2024-11-01T14:35:29.999Z</time>
      </trkpt>
      <trkpt lat="49.566156" lon="5.540360">
        <ele>214.726800</ele>
        <time>2024-11-01T14:35:31.999Z</time>
      </trkpt>
      <trkpt lat="49.566091" lon="5.540216">
        <ele>214.629211</ele>
        <time>2024-11-01T14:35:33.999Z</time>
      </trkpt>
      <trkpt lat="49.566030" lon="5.540057">
        <ele>214.526453</ele>
        <time>2024-11-01T14:35:35.999Z</time>
      </trkpt>
      <trkpt lat="49.565951" lon="5.539907">
        <ele>214.418971</ele>
        <time>2024-11-01T14:35:37.999Z</time>
      </trkpt>
      <trkpt lat="49.565879" lon="5.539742">
        <ele>214.308351</ele>
        <time>2024-11-01T14:35:39.999Z</time>
      </trkpt>
      <trkpt lat="49.565812" lon="5.539576">
        <ele>214.199594</ele>
        <time>2024-11-01T14:35:41.999Z</time>
      </trkpt>
      <trkpt lat="49.565735" lon="5.539421">
        <ele>214.090990</ele>
        <time>2024-11-01T14:35:43.999Z</time>
      </trkpt>
      <trkpt lat="49.565662" lon="5.539245">
        <ele>213.871265</ele>
        <time>2024-11-01T14:35:45.999Z</time>
      </trkpt>
      <trkpt lat="49.565583" lon="5.539077">
        <ele>213.615982</ele>
        <time>2024-11-01T14:35:47.999Z</time>
      </trkpt>
      <trkpt lat="49.565507" lon="5.538906">
        <ele>213.360961</ele>
        <time>2024-11-01T14:35:49.999Z</time>
      </trkpt>
      <trkpt lat="49.565436" lon="5.538738">
        <ele>213.114279</ele>
        <time>2024-11-01T14:35:51.999Z</time>
      </trkpt>
      <trkpt lat="49.565368" lon="5.538576">
        <ele>212.876886</ele>
        <time>2024-11-01T14:35:53.999Z</time>
      </trkpt>
      <trkpt lat="49.565298" lon="5.538422">
        <ele>212.645537</ele>
        <time>2024-11-01T14:35:55.999Z</time>
      </trkpt>
      <trkpt lat="49.565228" lon="5.538260">
        <ele>212.406061</ele>
        <time>2024-11-01T14:35:57.999Z</time>
      </trkpt>
      <trkpt lat="49.565162" lon="5.538102">
        <ele>212.174859</ele>
        <time>2024-11-01T14:35:59.999Z</time>
      </trkpt>
      <trkpt lat="49.565094" lon="5.537942">
        <ele>211.939527</ele>
        <time>2024-11-01T14:36:01.999Z</time>
      </trkpt>
      <trkpt lat="49.565017" lon="5.537799">
        <ele>211.710877</ele>
        <time>2024-11-01T14:36:03.999Z</time>
      </trkpt>
      <trkpt lat="49.564944" lon="5.537651">
        <ele>211.482133</ele>
        <time>2024-11-01T14:36:05.999Z</time>
      </trkpt>
      <trkpt lat="49.564881" lon="5.537512">
        <ele>211.273514</ele>
        <time>2024-11-01T14:36:07.999Z</time>
      </trkpt>
      <trkpt lat="49.564818" lon="5.537389">
        <ele>211.080700</ele>
        <time>2024-11-01T14:36:10.999Z</time>
      </trkpt>
      <trkpt lat="49.564788" lon="5.537221">
        <ele>210.866329</ele>
        <time>2024-11-01T14:36:14.999Z</time>
      </trkpt>
      <trkpt lat="49.564706" lon="5.537152">
        <ele>210.689135</ele>
        <time>2024-11-01T14:36:16.999Z</time>
      </trkpt>
      <trkpt lat="49.564649" lon="5.537044">
        <ele>210.637894</ele>
        <time>2024-11-01T14:36:18.999Z</time>
      </trkpt>
      <trkpt lat="49.564560" lon="5.536907">
        <ele>210.618436</ele>
        <time>2024-11-01T14:36:20.999Z</time>
      </trkpt>
      <trkpt lat="49.564494" lon="5.536737">
        <ele>210.598554</ele>
        <time>2024-11-01T14:36:22.998Z</time>
      </trkpt>
      <trkpt lat="49.564429" lon="5.536572">
        <ele>210.579181</ele>
        <time>2024-11-01T14:36:24.998Z</time>
      </trkpt>
      <trkpt lat="49.564358" lon="5.536413">
        <ele>210.559809</ele>
        <time>2024-11-01T14:36:26.998Z</time>
      </trkpt>
      <trkpt lat="49.564285" lon="5.536265">
        <ele>210.541151</ele>
        <time>2024-11-01T14:36:28.998Z</time>
      </trkpt>
      <trkpt lat="49.564218" lon="5.536122">
        <ele>210.523448</ele>
        <time>2024-11-01T14:36:30.998Z</time>
      </trkpt>
      <trkpt lat="49.564159" lon="5.535978">
        <ele>210.506355</ele>
        <time>2024-11-01T14:36:32.998Z</time>
      </trkpt>
      <trkpt lat="49.564106" lon="5.535814">
        <ele>210.487968</ele>
        <time>2024-11-01T14:36:34.998Z</time>
      </trkpt>
      <trkpt lat="49.564055" lon="5.535643">
        <ele>210.469080</ele>
        <time>2024-11-01T14:36:36.998Z</time>
      </trkpt>
      <trkpt lat="49.563992" lon="5.535482">
        <ele>210.450211</ele>
        <time>2024-11-01T14:36:38.998Z</time>
      </trkpt>
      <trkpt lat="49.563888" lon="5.535377">
        <ele>210.430977</ele>
        <time>2024-11-01T14:36:40.998Z</time>
      </trkpt>
      <trkpt lat="49.563786" lon="5.535273">
        <ele>210.412057</ele>
        <time>2024-11-01T14:36:42.998Z</time>
      </trkpt>
      <trkpt lat="49.563688" lon="5.535165">
        <ele>210.393419</ele>
        <time>2024-11-01T14:36:44.998Z</time>
      </trkpt>
      <trkpt lat="49.563588" lon="5.535061">
        <ele>210.374756</ele>
        <time>2024-11-01T14:36:46.998Z</time>
      </trkpt>
      <trkpt lat="49.563493" lon="5.534953">
        <ele>210.366255</ele>
        <time>2024-11-01T14:36:48.998Z</time>
      </trkpt>
      <trkpt lat="49.563393" lon="5.534853">
        <ele>210.360881</ele>
        <time>2024-11-01T14:36:50.999Z</time>
      </trkpt>
      <trkpt lat="49.563291" lon="5.534747">
        <ele>210.355335</ele>
        <time>2024-11-01T14:36:52.999Z</time>
      </trkpt>
      <trkpt lat="49.563189" lon="5.534642">
        <ele>210.349805</ele>
        <time>2024-11-01T14:36:54.999Z</time>
      </trkpt>
      <trkpt lat="49.563088" lon="5.534552">
        <ele>210.344545</ele>
        <time>2024-11-01T14:36:56.999Z</time>
      </trkpt>
      <trkpt lat="49.562982" lon="5.534459">
        <ele>210.339046</ele>
        <time>2024-11-01T14:36:58.999Z</time>
      </trkpt>
      <trkpt lat="49.562874" lon="5.534373">
        <ele>210.333566</ele>
        <time>2024-11-01T14:37:00.999Z</time>
      </trkpt>
      <trkpt lat="49.562763" lon="5.534289">
        <ele>210.327991</ele>
        <time>2024-11-01T14:37:02.999Z</time>
      </trkpt>
      <trkpt lat="49.562657" lon="5.534210">
        <ele>210.322683</ele>
        <time>2024-11-01T14:37:04.999Z</time>
      </trkpt>
      <trkpt lat="49.562549" lon="5.534127">
        <ele>210.317242</ele>
        <time>2024-11-01T14:37:06.999Z</time>
      </trkpt>
      <trkpt lat="49.562440" lon="5.534050">
        <ele>210.311836</ele>
        <time>2024-11-01T14:37:08.999Z</time>
      </trkpt>
      <trkpt lat="49.562329" lon="5.533975">
        <ele>210.306372</ele>
        <time>2024-11-01T14:37:10.999Z</time>
      </trkpt>
      <trkpt lat="49.562220" lon="5.533903">
        <ele>210.301025</ele>
        <time>2024-11-01T14:37:12.999Z</time>
      </trkpt>
      <trkpt lat="49.562113" lon="5.533822">
        <ele>210.295651</ele>
        <time>2024-11-01T14:37:14.999Z</time>
      </trkpt>
      <trkpt lat="49.562011" lon="5.533751">
        <ele>210.290605</ele>
        <time>2024-11-01T14:37:16.999Z</time>
      </trkpt>
      <trkpt lat="49.561897" lon="5.533673">
        <ele>210.332993</ele>
        <time>2024-11-01T14:37:18.999Z</time>
      </trkpt>
      <trkpt lat="49.561784" lon="5.533602">
        <ele>210.390500</ele>
        <time>2024-11-01T14:37:20.999Z</time>
      </trkpt>
      <trkpt lat="49.561674" lon="5.533521">
        <ele>210.447949</ele>
        <time>2024-11-01T14:37:22.999Z</time>
      </trkpt>
      <trkpt lat="49.561567" lon="5.533443">
        <ele>210.503727</ele>
        <time>2024-11-01T14:37:24.999Z</time>
      </trkpt>
      <trkpt lat="49.561450" lon="5.533376">
        <ele>210.562547</ele>
        <time>2024-11-01T14:37:26.999Z</time>
      </trkpt>
      <trkpt lat="49.561347" lon="5.533294">
        <ele>210.617177</ele>
        <time>2024-11-01T14:37:28.999Z</time>
      </trkpt>
      <trkpt lat="49.561237" lon="5.533225">
        <ele>210.673144</ele>
        <time>2024-11-01T14:37:30.999Z</time>
      </trkpt>
      <trkpt lat="49.561136" lon="5.533133">
        <ele>210.728429</ele>
        <time>2024-11-01T14:37:32.999Z</time>
      </trkpt>
      <trkpt lat="49.561039" lon="5.533018">
        <ele>210.786096</ele>
        <time>2024-11-01T14:37:34.999Z</time>
      </trkpt>
      <trkpt lat="49.560939" lon="5.532945">
        <ele>210.838239</ele>
        <time>2024-11-01T14:37:36.999Z</time>
      </trkpt>
      <trkpt lat="49.560838" lon="5.532824">
        <ele>210.898519</ele>
        <time>2024-11-01T14:37:38.999Z</time>
      </trkpt>
      <trkpt lat="49.560743" lon="5.532720">
        <ele>210.953429</ele>
        <time>2024-11-01T14:37:40.999Z</time>
      </trkpt>
      <trkpt lat="49.560647" lon="5.532615">
        <ele>211.008900</ele>
        <time>2024-11-01T14:37:42.999Z</time>
      </trkpt>
      <trkpt lat="49.560547" lon="5.532503">
        <ele>211.067151</ele>
        <time>2024-11-01T14:37:44.999Z</time>
      </trkpt>
      <trkpt lat="49.560463" lon="5.532366">
        <ele>211.124779</ele>
        <time>2024-11-01T14:37:46.999Z</time>
      </trkpt>
      <trkpt lat="49.560376" lon="5.532252">
        <ele>210.889142</ele>
        <time>2024-11-01T14:37:48.999Z</time>
      </trkpt>
      <trkpt lat="49.560288" lon="5.532132">
        <ele>210.560821</ele>
        <time>2024-11-01T14:37:50.999Z</time>
      </trkpt>
      <trkpt lat="49.560199" lon="5.532006">
        <ele>210.223142</ele>
        <time>2024-11-01T14:37:52.999Z</time>
      </trkpt>
      <trkpt lat="49.560098" lon="5.531893">
        <ele>209.874395</ele>
        <time>2024-11-01T14:37:54.999Z</time>
      </trkpt>
      <trkpt lat="49.559977" lon="5.531841">
        <ele>209.523358</ele>
        <time>2024-11-01T14:37:56.999Z</time>
      </trkpt>
      <trkpt lat="49.559842" lon="5.531877">
        <ele>209.140487</ele>
        <time>2024-11-01T14:37:58.999Z</time>
      </trkpt>
      <trkpt lat="49.559708" lon="5.531929">
        <ele>208.754332</ele>
        <time>2024-11-01T14:38:00.999Z</time>
      </trkpt>
      <trkpt lat="49.559578" lon="5.531928">
        <ele>208.391031</ele>
        <time>2024-11-01T14:38:02.999Z</time>
      </trkpt>
      <trkpt lat="49.559457" lon="5.531883">
        <ele>208.043187</ele>
        <time>2024-11-01T14:38:04.999Z</time>
      </trkpt>
      <trkpt lat="49.559321" lon="5.531858">
        <ele>207.660431</ele>
        <time>2024-11-01T14:38:07.999Z</time>
      </trkpt>
      <trkpt lat="49.559198" lon="5.531825">
        <ele>207.311531</ele>
        <time>2024-11-01T14:38:09.999Z</time>
      </trkpt>
      <trkpt lat="49.559109" lon="5.531777">
        <ele>207.048032</ele>
        <time>2024-11-01T14:38:11.999Z</time>
      </trkpt>
      <trkpt lat="49.559024" lon="5.531713">
        <ele>206.783675</ele>
        <time>2024-11-01T14:38:13.999Z</time>
      </trkpt>
      <trkpt lat="49.558936" lon="5.531660">
        <ele>206.519650</ele>
        <time>2024-11-01T14:38:15.999Z</time>
      </trkpt>
      <trkpt lat="49.558857" lon="5.531526">
        <ele>206.191405</ele>
        <time>2024-11-01T14:38:18.999Z</time>
      </trkpt>
      <trkpt lat="49.558809" lon="5.531362">
        <ele>206.110362</ele>
        <time>2024-11-01T14:38:21.999Z</time>
      </trkpt>
      <trkpt lat="49.558765" lon="5.531239">
        <ele>206.110362</ele>
        <time>2024-11-01T14:38:23.999Z</time>
      </trkpt>
      <trkpt lat="49.558692" lon="5.531106">
        <ele>206.110362</ele>
        <time>2024-11-01T14:38:25.999Z</time>
      </trkpt>
      <trkpt lat="49.558604" lon="5.530988">
        <ele>206.110362</ele>
        <time>2024-11-01T14:38:27.999Z</time>
      </trkpt>
      <trkpt lat="49.558551" lon="5.530841">
        <ele>206.110362</ele>
        <time>2024-11-01T14:38:29.998Z</time>
      </trkpt>
      <trkpt lat="49.558513" lon="5.530692">
        <ele>206.110362</ele>
        <time>2024-11-01T14:38:31.998Z</time>
      </trkpt>
      <trkpt lat="49.558481" lon="5.530543">
        <ele>206.110362</ele>
        <time>2024-11-01T14:38:33.998Z</time>
      </trkpt>
      <trkpt lat="49.558445" lon="5.530406">
        <ele>206.110362</ele>
        <time>2024-11-01T14:38:35.998Z</time>
      </trkpt>
      <trkpt lat="49.558412" lon="5.530265">
        <ele>206.110362</ele>
        <time>2024-11-01T14:38:37.998Z</time>
      </trkpt>
      <trkpt lat="49.558384" lon="5.530121">
        <ele>206.110362</ele>
        <time>2024-11-01T14:38:39.998Z</time>
      </trkpt>
      <trkpt lat="49.558356" lon="5.529925">
        <ele>206.110362</ele>
        <time>2024-11-01T14:38:42.998Z</time>
      </trkpt>
      <trkpt lat="49.558320" lon="5.529753">
        <ele>206.110362</ele>
        <time>2024-11-01T14:38:45.998Z</time>
      </trkpt>
      <trkpt lat="49.558319" lon="5.529599">
        <ele>206.110362</ele>
        <time>2024-11-01T14:38:48.998Z</time>
      </trkpt>
      <trkpt lat="49.558451" lon="5.529585">
        <ele>206.110362</ele>
        <time>2024-11-01T14:38:51.998Z</time>
      </trkpt>
      <trkpt lat="49.558557" lon="5.529568">
        <ele>206.110362</ele>
        <time>2024-11-01T14:38:54.998Z</time>
      </trkpt>
      <trkpt lat="49.558657" lon="5.529544">
        <ele>206.110362</ele>
        <time>2024-11-01T14:38:59.999Z</time>
      </trkpt>
    </trkseg>
  </trk>
</gpx>