[20-Jan-2025 19:41:58 Europe/Paris] === Début de la suppression d'événement ===
[20-Jan-2025 19:41:58 Europe/Paris] Initialisation de la session
[20-Jan-2025 19:41:58 Europe/Paris] Session initialisée avec ID: 8gcbtc4tlhpao37u0284nkmdue
[20-Jan-2025 19:41:58 Europe/Paris] Session data: Array
(
    [user_id] => 50
    [user_email] => olivier@conrard.be
    [user_role] => admin
    [user] => Array
        (
            [id] => 50
            [email] => olivier@conrard.be
            [role] => admin
        )

)

[20-Jan-2025 19:41:58 Europe/Paris] Vérification de connexion
[20-Jan-2025 19:41:58 Europe/Paris] SESSION_ID: 8gcbtc4tlhpao37u0284nkmdue
[20-Jan-2025 19:41:58 Europe/Paris] SESSION: Array
(
    [user_id] => 50
    [user_email] => olivier@conrard.be
    [user_role] => admin
    [user] => Array
        (
            [id] => 50
            [email] => olivier@conrard.be
            [role] => admin
        )

)

[20-Jan-2025 19:41:58 Europe/Paris]  Récupération ID utilisateur: 50
[20-Jan-2025 19:41:58 Europe/Paris]  Accès autorisé - Utilisateur: 50
[20-Jan-2025 19:41:58 Europe/Paris]  Vérification admin: Admin
[20-Jan-2025 19:41:58 Europe/Paris] Données reçues: Array
(
    [event_id] => 107
)

[20-Jan-2025 19:41:58 Europe/Paris] ID de l'événement après filtrage: 107
[20-Jan-2025 19:41:58 Europe/Paris] Connexion à la base de données établie
[20-Jan-2025 19:41:58 Europe/Paris] Début de la transaction
[20-Jan-2025 19:41:58 Europe/Paris] Suppression des inscriptions
[20-Jan-2025 19:41:58 Europe/Paris] Erreur pendant la transaction: SQLSTATE[42S02]: Base table or view not found: 1146 Table 'cool5792_sports_events.event_registrations' doesn't exist
[20-Jan-2025 19:41:58 Europe/Paris] Annulation de la transaction
[20-Jan-2025 19:41:58 Europe/Paris] Erreur delete.php: SQLSTATE[42S02]: Base table or view not found: 1146 Table 'cool5792_sports_events.event_registrations' doesn't exist
[20-Jan-2025 19:41:58 Europe/Paris] Stack trace: #0 /home/cool5792/rando.partageonslaforet.be/api/admin/events/delete.php(67): PDO->prepare()
#1 {main}
[20-Jan-2025 19:41:58 Europe/Paris] === Fin de la suppression d'événement ===
[20-Jan-2025 19:45:26 Europe/Paris] === Début de la suppression d'événement ===
[20-Jan-2025 19:45:26 Europe/Paris] Initialisation de la session
[20-Jan-2025 19:45:26 Europe/Paris] Session initialisée avec ID: 8gcbtc4tlhpao37u0284nkmdue
[20-Jan-2025 19:45:26 Europe/Paris] Session data: Array
(
    [user_id] => 50
    [user_email] => olivier@conrard.be
    [user_role] => admin
    [user] => Array
        (
            [id] => 50
            [email] => olivier@conrard.be
            [role] => admin
        )

)

[20-Jan-2025 19:45:26 Europe/Paris] Vérification de connexion
[20-Jan-2025 19:45:26 Europe/Paris] SESSION_ID: 8gcbtc4tlhpao37u0284nkmdue
[20-Jan-2025 19:45:26 Europe/Paris] SESSION: Array
(
    [user_id] => 50
    [user_email] => olivier@conrard.be
    [user_role] => admin
    [user] => Array
        (
            [id] => 50
            [email] => olivier@conrard.be
            [role] => admin
        )

)

[20-Jan-2025 19:45:26 Europe/Paris]  Récupération ID utilisateur: 50
[20-Jan-2025 19:45:26 Europe/Paris]  Accès autorisé - Utilisateur: 50
[20-Jan-2025 19:45:26 Europe/Paris]  Vérification admin: Admin
[20-Jan-2025 19:45:26 Europe/Paris] Données reçues: Array
(
    [event_id] => 107
)

[20-Jan-2025 19:45:26 Europe/Paris] ID de l'événement après filtrage: 107
[20-Jan-2025 19:45:26 Europe/Paris] Connexion à la base de données établie
[20-Jan-2025 19:45:26 Europe/Paris] Début de la transaction
[20-Jan-2025 19:45:26 Europe/Paris] Suppression des inscriptions
[20-Jan-2025 19:45:26 Europe/Paris] Erreur pendant la transaction: SQLSTATE[42S22]: Column not found: 1054 Unknown column 'event_id' in 'WHERE'
[20-Jan-2025 19:45:26 Europe/Paris] Annulation de la transaction
[20-Jan-2025 19:45:26 Europe/Paris] Erreur delete.php: SQLSTATE[42S22]: Column not found: 1054 Unknown column 'event_id' in 'WHERE'
[20-Jan-2025 19:45:26 Europe/Paris] Stack trace: #0 /home/cool5792/rando.partageonslaforet.be/api/admin/events/delete.php(67): PDO->prepare()
#1 {main}
[20-Jan-2025 19:45:26 Europe/Paris] === Fin de la suppression d'événement ===
[20-Jan-2025 19:48:24 Europe/Paris] === Début de la suppression d'événement ===
[20-Jan-2025 19:48:24 Europe/Paris] Initialisation de la session
[20-Jan-2025 19:48:24 Europe/Paris] Session initialisée avec ID: 8gcbtc4tlhpao37u0284nkmdue
[20-Jan-2025 19:48:24 Europe/Paris] Session data: Array
(
    [user_id] => 50
    [user_email] => olivier@conrard.be
    [user_role] => admin
    [user] => Array
        (
            [id] => 50
            [email] => olivier@conrard.be
            [role] => admin
        )

)

[20-Jan-2025 19:48:24 Europe/Paris] Vérification de connexion
[20-Jan-2025 19:48:24 Europe/Paris] SESSION_ID: 8gcbtc4tlhpao37u0284nkmdue
[20-Jan-2025 19:48:24 Europe/Paris] SESSION: Array
(
    [user_id] => 50
    [user_email] => olivier@conrard.be
    [user_role] => admin
    [user] => Array
        (
            [id] => 50
            [email] => olivier@conrard.be
            [role] => admin
        )

)

[20-Jan-2025 19:48:24 Europe/Paris]  Récupération ID utilisateur: 50
[20-Jan-2025 19:48:24 Europe/Paris]  Accès autorisé - Utilisateur: 50
[20-Jan-2025 19:48:24 Europe/Paris]  Vérification admin: Admin
[20-Jan-2025 19:48:24 Europe/Paris] Données reçues: Array
(
    [event_id] => 107
)

[20-Jan-2025 19:48:24 Europe/Paris] ID de l'événement après filtrage: 107
[20-Jan-2025 19:48:24 Europe/Paris] Connexion à la base de données établie
[20-Jan-2025 19:48:24 Europe/Paris] Début de la transaction
[20-Jan-2025 19:48:24 Europe/Paris] Suppression des inscriptions
[20-Jan-2025 19:48:24 Europe/Paris] Inscriptions supprimées: 1
[20-Jan-2025 19:48:24 Europe/Paris] Suppression des contacts
[20-Jan-2025 19:48:24 Europe/Paris] Contacts supprimés: 0
[20-Jan-2025 19:48:24 Europe/Paris] Récupération des chemins d'images
[20-Jan-2025 19:48:24 Europe/Paris] Images trouvées: 0
[20-Jan-2025 19:48:24 Europe/Paris] Suppression des entrées d'images en base
[20-Jan-2025 19:48:24 Europe/Paris] Erreur pendant la transaction: SQLSTATE[42000]: Syntax error or access violation: 1064 You have an error in your SQL syntax; check the manual that corresponds to your MariaDB server version for the right syntax to use near 'WHEREid = ?' at line 1
[20-Jan-2025 19:48:24 Europe/Paris] Annulation de la transaction
[20-Jan-2025 19:48:24 Europe/Paris] Erreur delete.php: SQLSTATE[42000]: Syntax error or access violation: 1064 You have an error in your SQL syntax; check the manual that corresponds to your MariaDB server version for the right syntax to use near 'WHEREid = ?' at line 1
[20-Jan-2025 19:48:24 Europe/Paris] Stack trace: #0 /home/cool5792/rando.partageonslaforet.be/api/admin/events/delete.php(92): PDO->prepare()
#1 {main}
[20-Jan-2025 19:48:24 Europe/Paris] === Fin de la suppression d'événement ===
[20-Jan-2025 19:54:08 Europe/Paris] === Début de la suppression d'événement ===
[20-Jan-2025 19:54:08 Europe/Paris] Initialisation de la session
[20-Jan-2025 19:54:08 Europe/Paris] Session initialisée avec ID: 8gcbtc4tlhpao37u0284nkmdue
[20-Jan-2025 19:54:08 Europe/Paris] Session data: Array
(
    [user_id] => 50
    [user_email] => olivier@conrard.be
    [user_role] => admin
    [user] => Array
        (
            [id] => 50
            [email] => olivier@conrard.be
            [role] => admin
        )

)

[20-Jan-2025 19:54:08 Europe/Paris] Vérification de connexion
[20-Jan-2025 19:54:08 Europe/Paris] SESSION_ID: 8gcbtc4tlhpao37u0284nkmdue
[20-Jan-2025 19:54:08 Europe/Paris] SESSION: Array
(
    [user_id] => 50
    [user_email] => olivier@conrard.be
    [user_role] => admin
    [user] => Array
        (
            [id] => 50
            [email] => olivier@conrard.be
            [role] => admin
        )

)

[20-Jan-2025 19:54:08 Europe/Paris]  Récupération ID utilisateur: 50
[20-Jan-2025 19:54:08 Europe/Paris]  Accès autorisé - Utilisateur: 50
[20-Jan-2025 19:54:08 Europe/Paris]  Vérification admin: Admin
[20-Jan-2025 19:54:08 Europe/Paris] Données reçues: Array
(
    [event_id] => 107
)

[20-Jan-2025 19:54:08 Europe/Paris] ID de l'événement après filtrage: 107
[20-Jan-2025 19:54:08 Europe/Paris] Connexion à la base de données établie
[20-Jan-2025 19:54:08 Europe/Paris] Début de la transaction
[20-Jan-2025 19:54:08 Europe/Paris] Suppression des contacts
[20-Jan-2025 19:54:08 Europe/Paris] Contacts supprimés: 0
[20-Jan-2025 19:54:08 Europe/Paris] Récupération des chemins d'images
[20-Jan-2025 19:54:08 Europe/Paris] Images trouvées: 0
[20-Jan-2025 19:54:08 Europe/Paris] Suppression des entrées d'images en base
[20-Jan-2025 19:54:08 Europe/Paris] Images supprimées: 0
[20-Jan-2025 19:54:08 Europe/Paris] Récupération des fichiers GPX
[20-Jan-2025 19:54:08 Europe/Paris] Fichiers GPX trouvés: 0
[20-Jan-2025 19:54:08 Europe/Paris] Suppression des entrées de parcours en base
[20-Jan-2025 19:54:08 Europe/Paris] Parcours supprimés: 0
[20-Jan-2025 19:54:08 Europe/Paris] Suppression de l'événement
[20-Jan-2025 19:54:08 Europe/Paris] Événement supprimé: oui
[20-Jan-2025 19:54:08 Europe/Paris] Validation de la transaction
[20-Jan-2025 19:54:08 Europe/Paris] === Fin de la suppression d'événement ===
[20-Jan-2025 19:56:38 Europe/Paris] === Début de la suppression d'événement ===
[20-Jan-2025 19:56:38 Europe/Paris] Initialisation de la session
[20-Jan-2025 19:56:38 Europe/Paris] Session initialisée avec ID: 8gcbtc4tlhpao37u0284nkmdue
[20-Jan-2025 19:56:38 Europe/Paris] Session data: Array
(
    [user_id] => 50
    [user_email] => olivier@conrard.be
    [user_role] => admin
    [user] => Array
        (
            [id] => 50
            [email] => olivier@conrard.be
            [role] => admin
        )

)

[20-Jan-2025 19:56:38 Europe/Paris] Vérification de connexion
[20-Jan-2025 19:56:38 Europe/Paris] SESSION_ID: 8gcbtc4tlhpao37u0284nkmdue
[20-Jan-2025 19:56:38 Europe/Paris] SESSION: Array
(
    [user_id] => 50
    [user_email] => olivier@conrard.be
    [user_role] => admin
    [user] => Array
        (
            [id] => 50
            [email] => olivier@conrard.be
            [role] => admin
        )

)

[20-Jan-2025 19:56:38 Europe/Paris]  Récupération ID utilisateur: 50
[20-Jan-2025 19:56:38 Europe/Paris]  Accès autorisé - Utilisateur: 50
[20-Jan-2025 19:56:38 Europe/Paris]  Vérification admin: Admin
[20-Jan-2025 19:56:38 Europe/Paris] Données reçues: Array
(
    [event_id] => 105
)

[20-Jan-2025 19:56:38 Europe/Paris] ID de l'événement après filtrage: 105
[20-Jan-2025 19:56:38 Europe/Paris] Connexion à la base de données établie
[20-Jan-2025 19:56:38 Europe/Paris] Début de la transaction
[20-Jan-2025 19:56:38 Europe/Paris] Suppression des contacts
[20-Jan-2025 19:56:38 Europe/Paris] Contacts supprimés: 0
[20-Jan-2025 19:56:38 Europe/Paris] Récupération des chemins d'images
[20-Jan-2025 19:56:38 Europe/Paris] Images trouvées: 0
[20-Jan-2025 19:56:38 Europe/Paris] Suppression des entrées d'images en base
[20-Jan-2025 19:56:38 Europe/Paris] Images supprimées: 0
[20-Jan-2025 19:56:38 Europe/Paris] Récupération des fichiers GPX
[20-Jan-2025 19:56:38 Europe/Paris] Fichiers GPX trouvés: 0
[20-Jan-2025 19:56:38 Europe/Paris] Suppression des entrées de parcours en base
[20-Jan-2025 19:56:38 Europe/Paris] Parcours supprimés: 0
[20-Jan-2025 19:56:38 Europe/Paris] Suppression de l'événement
[20-Jan-2025 19:56:38 Europe/Paris] Événement supprimé: oui
[20-Jan-2025 19:56:38 Europe/Paris] Validation de la transaction
[20-Jan-2025 19:56:38 Europe/Paris] === Fin de la suppression d'événement ===
[20-Jan-2025 19:56:42 Europe/Paris] === Début de la suppression d'événement ===
[20-Jan-2025 19:56:42 Europe/Paris] Initialisation de la session
[20-Jan-2025 19:56:42 Europe/Paris] Session initialisée avec ID: 8gcbtc4tlhpao37u0284nkmdue
[20-Jan-2025 19:56:42 Europe/Paris] Session data: Array
(
    [user_id] => 50
    [user_email] => olivier@conrard.be
    [user_role] => admin
    [user] => Array
        (
            [id] => 50
            [email] => olivier@conrard.be
            [role] => admin
        )

)

[20-Jan-2025 19:56:42 Europe/Paris] Vérification de connexion
[20-Jan-2025 19:56:42 Europe/Paris] SESSION_ID: 8gcbtc4tlhpao37u0284nkmdue
[20-Jan-2025 19:56:42 Europe/Paris] SESSION: Array
(
    [user_id] => 50
    [user_email] => olivier@conrard.be
    [user_role] => admin
    [user] => Array
        (
            [id] => 50
            [email] => olivier@conrard.be
            [role] => admin
        )

)

[20-Jan-2025 19:56:42 Europe/Paris]  Récupération ID utilisateur: 50
[20-Jan-2025 19:56:42 Europe/Paris]  Accès autorisé - Utilisateur: 50
[20-Jan-2025 19:56:42 Europe/Paris]  Vérification admin: Admin
[20-Jan-2025 19:56:42 Europe/Paris] Données reçues: Array
(
    [event_id] => 104
)

[20-Jan-2025 19:56:42 Europe/Paris] ID de l'événement après filtrage: 104
[20-Jan-2025 19:56:42 Europe/Paris] Connexion à la base de données établie
[20-Jan-2025 19:56:42 Europe/Paris] Début de la transaction
[20-Jan-2025 19:56:42 Europe/Paris] Suppression des contacts
[20-Jan-2025 19:56:42 Europe/Paris] Contacts supprimés: 0
[20-Jan-2025 19:56:42 Europe/Paris] Récupération des chemins d'images
[20-Jan-2025 19:56:42 Europe/Paris] Images trouvées: 0
[20-Jan-2025 19:56:42 Europe/Paris] Suppression des entrées d'images en base
[20-Jan-2025 19:56:42 Europe/Paris] Images supprimées: 0
[20-Jan-2025 19:56:42 Europe/Paris] Récupération des fichiers GPX
[20-Jan-2025 19:56:42 Europe/Paris] Fichiers GPX trouvés: 0
[20-Jan-2025 19:56:42 Europe/Paris] Suppression des entrées de parcours en base
[20-Jan-2025 19:56:42 Europe/Paris] Parcours supprimés: 0
[20-Jan-2025 19:56:42 Europe/Paris] Suppression de l'événement
[20-Jan-2025 19:56:42 Europe/Paris] Événement supprimé: oui
[20-Jan-2025 19:56:42 Europe/Paris] Validation de la transaction
[20-Jan-2025 19:56:42 Europe/Paris] === Fin de la suppression d'événement ===
[20-Jan-2025 19:56:45 Europe/Paris] === Début de la suppression d'événement ===
[20-Jan-2025 19:56:45 Europe/Paris] Initialisation de la session
[20-Jan-2025 19:56:45 Europe/Paris] Session initialisée avec ID: 8gcbtc4tlhpao37u0284nkmdue
[20-Jan-2025 19:56:45 Europe/Paris] Session data: Array
(
    [user_id] => 50
    [user_email] => olivier@conrard.be
    [user_role] => admin
    [user] => Array
        (
            [id] => 50
            [email] => olivier@conrard.be
            [role] => admin
        )

)

[20-Jan-2025 19:56:45 Europe/Paris] Vérification de connexion
[20-Jan-2025 19:56:45 Europe/Paris] SESSION_ID: 8gcbtc4tlhpao37u0284nkmdue
[20-Jan-2025 19:56:45 Europe/Paris] SESSION: Array
(
    [user_id] => 50
    [user_email] => olivier@conrard.be
    [user_role] => admin
    [user] => Array
        (
            [id] => 50
            [email] => olivier@conrard.be
            [role] => admin
        )

)

[20-Jan-2025 19:56:45 Europe/Paris]  Récupération ID utilisateur: 50
[20-Jan-2025 19:56:45 Europe/Paris]  Accès autorisé - Utilisateur: 50
[20-Jan-2025 19:56:45 Europe/Paris]  Vérification admin: Admin
[20-Jan-2025 19:56:45 Europe/Paris] Données reçues: Array
(
    [event_id] => 102
)

[20-Jan-2025 19:56:45 Europe/Paris] ID de l'événement après filtrage: 102
[20-Jan-2025 19:56:45 Europe/Paris] Connexion à la base de données établie
[20-Jan-2025 19:56:45 Europe/Paris] Début de la transaction
[20-Jan-2025 19:56:45 Europe/Paris] Suppression des contacts
[20-Jan-2025 19:56:45 Europe/Paris] Contacts supprimés: 0
[20-Jan-2025 19:56:45 Europe/Paris] Récupération des chemins d'images
[20-Jan-2025 19:56:45 Europe/Paris] Images trouvées: 0
[20-Jan-2025 19:56:45 Europe/Paris] Suppression des entrées d'images en base
[20-Jan-2025 19:56:45 Europe/Paris] Images supprimées: 0
[20-Jan-2025 19:56:45 Europe/Paris] Récupération des fichiers GPX
[20-Jan-2025 19:56:45 Europe/Paris] Fichiers GPX trouvés: 0
[20-Jan-2025 19:56:45 Europe/Paris] Suppression des entrées de parcours en base
[20-Jan-2025 19:56:45 Europe/Paris] Parcours supprimés: 0
[20-Jan-2025 19:56:45 Europe/Paris] Suppression de l'événement
[20-Jan-2025 19:56:45 Europe/Paris] Événement supprimé: oui
[20-Jan-2025 19:56:45 Europe/Paris] Validation de la transaction
[20-Jan-2025 19:56:45 Europe/Paris] === Fin de la suppression d'événement ===
[20-Jan-2025 19:56:53 Europe/Paris] === Début de la suppression d'événement ===
[20-Jan-2025 19:56:53 Europe/Paris] Initialisation de la session
[20-Jan-2025 19:56:53 Europe/Paris] Session initialisée avec ID: 8gcbtc4tlhpao37u0284nkmdue
[20-Jan-2025 19:56:53 Europe/Paris] Session data: Array
(
    [user_id] => 50
    [user_email] => olivier@conrard.be
    [user_role] => admin
    [user] => Array
        (
            [id] => 50
            [email] => olivier@conrard.be
            [role] => admin
        )

)

[20-Jan-2025 19:56:53 Europe/Paris] Vérification de connexion
[20-Jan-2025 19:56:53 Europe/Paris] SESSION_ID: 8gcbtc4tlhpao37u0284nkmdue
[20-Jan-2025 19:56:53 Europe/Paris] SESSION: Array
(
    [user_id] => 50
    [user_email] => olivier@conrard.be
    [user_role] => admin
    [user] => Array
        (
            [id] => 50
            [email] => olivier@conrard.be
            [role] => admin
        )

)

[20-Jan-2025 19:56:53 Europe/Paris]  Récupération ID utilisateur: 50
[20-Jan-2025 19:56:53 Europe/Paris]  Accès autorisé - Utilisateur: 50
[20-Jan-2025 19:56:53 Europe/Paris]  Vérification admin: Admin
[20-Jan-2025 19:56:53 Europe/Paris] Données reçues: Array
(
    [event_id] => 103
)

[20-Jan-2025 19:56:53 Europe/Paris] ID de l'événement après filtrage: 103
[20-Jan-2025 19:56:53 Europe/Paris] Connexion à la base de données établie
[20-Jan-2025 19:56:53 Europe/Paris] Début de la transaction
[20-Jan-2025 19:56:53 Europe/Paris] Suppression des contacts
[20-Jan-2025 19:56:53 Europe/Paris] Contacts supprimés: 0
[20-Jan-2025 19:56:53 Europe/Paris] Récupération des chemins d'images
[20-Jan-2025 19:56:53 Europe/Paris] Images trouvées: 0
[20-Jan-2025 19:56:53 Europe/Paris] Suppression des entrées d'images en base
[20-Jan-2025 19:56:53 Europe/Paris] Images supprimées: 0
[20-Jan-2025 19:56:53 Europe/Paris] Récupération des fichiers GPX
[20-Jan-2025 19:56:53 Europe/Paris] Fichiers GPX trouvés: 0
[20-Jan-2025 19:56:53 Europe/Paris] Suppression des entrées de parcours en base
[20-Jan-2025 19:56:53 Europe/Paris] Parcours supprimés: 0
[20-Jan-2025 19:56:53 Europe/Paris] Suppression de l'événement
[20-Jan-2025 19:56:53 Europe/Paris] Événement supprimé: oui
[20-Jan-2025 19:56:53 Europe/Paris] Validation de la transaction
[20-Jan-2025 19:56:53 Europe/Paris] === Fin de la suppression d'événement ===
[20-Jan-2025 19:56:56 Europe/Paris] === Début de la suppression d'événement ===
[20-Jan-2025 19:56:56 Europe/Paris] Initialisation de la session
[20-Jan-2025 19:56:56 Europe/Paris] Session initialisée avec ID: 8gcbtc4tlhpao37u0284nkmdue
[20-Jan-2025 19:56:56 Europe/Paris] Session data: Array
(
    [user_id] => 50
    [user_email] => olivier@conrard.be
    [user_role] => admin
    [user] => Array
        (
            [id] => 50
            [email] => olivier@conrard.be
            [role] => admin
        )

)

[20-Jan-2025 19:56:56 Europe/Paris] Vérification de connexion
[20-Jan-2025 19:56:56 Europe/Paris] SESSION_ID: 8gcbtc4tlhpao37u0284nkmdue
[20-Jan-2025 19:56:56 Europe/Paris] SESSION: Array
(
    [user_id] => 50
    [user_email] => olivier@conrard.be
    [user_role] => admin
    [user] => Array
        (
            [id] => 50
            [email] => olivier@conrard.be
            [role] => admin
        )

)

[20-Jan-2025 19:56:56 Europe/Paris]  Récupération ID utilisateur: 50
[20-Jan-2025 19:56:56 Europe/Paris]  Accès autorisé - Utilisateur: 50
[20-Jan-2025 19:56:56 Europe/Paris]  Vérification admin: Admin
[20-Jan-2025 19:56:56 Europe/Paris] Données reçues: Array
(
    [event_id] => 100
)

[20-Jan-2025 19:56:56 Europe/Paris] ID de l'événement après filtrage: 100
[20-Jan-2025 19:56:56 Europe/Paris] Connexion à la base de données établie
[20-Jan-2025 19:56:56 Europe/Paris] Début de la transaction
[20-Jan-2025 19:56:56 Europe/Paris] Suppression des contacts
[20-Jan-2025 19:56:56 Europe/Paris] Contacts supprimés: 0
[20-Jan-2025 19:56:56 Europe/Paris] Récupération des chemins d'images
[20-Jan-2025 19:56:56 Europe/Paris] Images trouvées: 0
[20-Jan-2025 19:56:56 Europe/Paris] Suppression des entrées d'images en base
[20-Jan-2025 19:56:56 Europe/Paris] Images supprimées: 0
[20-Jan-2025 19:56:56 Europe/Paris] Récupération des fichiers GPX
[20-Jan-2025 19:56:56 Europe/Paris] Fichiers GPX trouvés: 0
[20-Jan-2025 19:56:56 Europe/Paris] Suppression des entrées de parcours en base
[20-Jan-2025 19:56:56 Europe/Paris] Parcours supprimés: 0
[20-Jan-2025 19:56:56 Europe/Paris] Suppression de l'événement
[20-Jan-2025 19:56:56 Europe/Paris] Événement supprimé: oui
[20-Jan-2025 19:56:56 Europe/Paris] Validation de la transaction
[20-Jan-2025 19:56:56 Europe/Paris] === Fin de la suppression d'événement ===
[20-Jan-2025 19:56:58 Europe/Paris] === Début de la suppression d'événement ===
[20-Jan-2025 19:56:58 Europe/Paris] Initialisation de la session
[20-Jan-2025 19:56:58 Europe/Paris] Session initialisée avec ID: 8gcbtc4tlhpao37u0284nkmdue
[20-Jan-2025 19:56:58 Europe/Paris] Session data: Array
(
    [user_id] => 50
    [user_email] => olivier@conrard.be
    [user_role] => admin
    [user] => Array
        (
            [id] => 50
            [email] => olivier@conrard.be
            [role] => admin
        )

)

[20-Jan-2025 19:56:58 Europe/Paris] Vérification de connexion
[20-Jan-2025 19:56:58 Europe/Paris] SESSION_ID: 8gcbtc4tlhpao37u0284nkmdue
[20-Jan-2025 19:56:58 Europe/Paris] SESSION: Array
(
    [user_id] => 50
    [user_email] => olivier@conrard.be
    [user_role] => admin
    [user] => Array
        (
            [id] => 50
            [email] => olivier@conrard.be
            [role] => admin
        )

)

[20-Jan-2025 19:56:58 Europe/Paris]  Récupération ID utilisateur: 50
[20-Jan-2025 19:56:58 Europe/Paris]  Accès autorisé - Utilisateur: 50
[20-Jan-2025 19:56:58 Europe/Paris]  Vérification admin: Admin
[20-Jan-2025 19:56:58 Europe/Paris] Données reçues: Array
(
    [event_id] => 101
)

[20-Jan-2025 19:56:58 Europe/Paris] ID de l'événement après filtrage: 101
[20-Jan-2025 19:56:58 Europe/Paris] Connexion à la base de données établie
[20-Jan-2025 19:56:58 Europe/Paris] Début de la transaction
[20-Jan-2025 19:56:58 Europe/Paris] Suppression des contacts
[20-Jan-2025 19:56:58 Europe/Paris] Contacts supprimés: 0
[20-Jan-2025 19:56:58 Europe/Paris] Récupération des chemins d'images
[20-Jan-2025 19:56:58 Europe/Paris] Images trouvées: 0
[20-Jan-2025 19:56:58 Europe/Paris] Suppression des entrées d'images en base
[20-Jan-2025 19:56:58 Europe/Paris] Images supprimées: 0
[20-Jan-2025 19:56:58 Europe/Paris] Récupération des fichiers GPX
[20-Jan-2025 19:56:58 Europe/Paris] Fichiers GPX trouvés: 0
[20-Jan-2025 19:56:58 Europe/Paris] Suppression des entrées de parcours en base
[20-Jan-2025 19:56:58 Europe/Paris] Parcours supprimés: 0
[20-Jan-2025 19:56:58 Europe/Paris] Suppression de l'événement
[20-Jan-2025 19:56:58 Europe/Paris] Événement supprimé: oui
[20-Jan-2025 19:56:58 Europe/Paris] Validation de la transaction
[20-Jan-2025 19:56:58 Europe/Paris] === Fin de la suppression d'événement ===
[20-Jan-2025 19:57:01 Europe/Paris] === Début de la suppression d'événement ===
[20-Jan-2025 19:57:01 Europe/Paris] Initialisation de la session
[20-Jan-2025 19:57:01 Europe/Paris] Session initialisée avec ID: 8gcbtc4tlhpao37u0284nkmdue
[20-Jan-2025 19:57:01 Europe/Paris] Session data: Array
(
    [user_id] => 50
    [user_email] => olivier@conrard.be
    [user_role] => admin
    [user] => Array
        (
            [id] => 50
            [email] => olivier@conrard.be
            [role] => admin
        )

)

[20-Jan-2025 19:57:01 Europe/Paris] Vérification de connexion
[20-Jan-2025 19:57:01 Europe/Paris] SESSION_ID: 8gcbtc4tlhpao37u0284nkmdue
[20-Jan-2025 19:57:01 Europe/Paris] SESSION: Array
(
    [user_id] => 50
    [user_email] => olivier@conrard.be
    [user_role] => admin
    [user] => Array
        (
            [id] => 50
            [email] => olivier@conrard.be
            [role] => admin
        )

)

[20-Jan-2025 19:57:01 Europe/Paris]  Récupération ID utilisateur: 50
[20-Jan-2025 19:57:01 Europe/Paris]  Accès autorisé - Utilisateur: 50
[20-Jan-2025 19:57:01 Europe/Paris]  Vérification admin: Admin
[20-Jan-2025 19:57:01 Europe/Paris] Données reçues: Array
(
    [event_id] => 98
)

[20-Jan-2025 19:57:01 Europe/Paris] ID de l'événement après filtrage: 98
[20-Jan-2025 19:57:01 Europe/Paris] Connexion à la base de données établie
[20-Jan-2025 19:57:01 Europe/Paris] Début de la transaction
[20-Jan-2025 19:57:01 Europe/Paris] Suppression des contacts
[20-Jan-2025 19:57:01 Europe/Paris] Contacts supprimés: 0
[20-Jan-2025 19:57:01 Europe/Paris] Récupération des chemins d'images
[20-Jan-2025 19:57:01 Europe/Paris] Images trouvées: 0
[20-Jan-2025 19:57:01 Europe/Paris] Suppression des entrées d'images en base
[20-Jan-2025 19:57:01 Europe/Paris] Images supprimées: 0
[20-Jan-2025 19:57:01 Europe/Paris] Récupération des fichiers GPX
[20-Jan-2025 19:57:01 Europe/Paris] Fichiers GPX trouvés: 0
[20-Jan-2025 19:57:01 Europe/Paris] Suppression des entrées de parcours en base
[20-Jan-2025 19:57:01 Europe/Paris] Parcours supprimés: 0
[20-Jan-2025 19:57:01 Europe/Paris] Suppression de l'événement
[20-Jan-2025 19:57:01 Europe/Paris] Événement supprimé: oui
[20-Jan-2025 19:57:01 Europe/Paris] Validation de la transaction
[20-Jan-2025 19:57:01 Europe/Paris] === Fin de la suppression d'événement ===
[20-Jan-2025 19:57:03 Europe/Paris] === Début de la suppression d'événement ===
[20-Jan-2025 19:57:03 Europe/Paris] Initialisation de la session
[20-Jan-2025 19:57:03 Europe/Paris] Session initialisée avec ID: 8gcbtc4tlhpao37u0284nkmdue
[20-Jan-2025 19:57:03 Europe/Paris] Session data: Array
(
    [user_id] => 50
    [user_email] => olivier@conrard.be
    [user_role] => admin
    [user] => Array
        (
            [id] => 50
            [email] => olivier@conrard.be
            [role] => admin
        )

)

[20-Jan-2025 19:57:03 Europe/Paris] Vérification de connexion
[20-Jan-2025 19:57:03 Europe/Paris] SESSION_ID: 8gcbtc4tlhpao37u0284nkmdue
[20-Jan-2025 19:57:03 Europe/Paris] SESSION: Array
(
    [user_id] => 50
    [user_email] => olivier@conrard.be
    [user_role] => admin
    [user] => Array
        (
            [id] => 50
            [email] => olivier@conrard.be
            [role] => admin
        )

)

[20-Jan-2025 19:57:03 Europe/Paris]  Récupération ID utilisateur: 50
[20-Jan-2025 19:57:03 Europe/Paris]  Accès autorisé - Utilisateur: 50
[20-Jan-2025 19:57:03 Europe/Paris]  Vérification admin: Admin
[20-Jan-2025 19:57:03 Europe/Paris] Données reçues: Array
(
    [event_id] => 99
)

[20-Jan-2025 19:57:03 Europe/Paris] ID de l'événement après filtrage: 99
[20-Jan-2025 19:57:03 Europe/Paris] Connexion à la base de données établie
[20-Jan-2025 19:57:03 Europe/Paris] Début de la transaction
[20-Jan-2025 19:57:03 Europe/Paris] Suppression des contacts
[20-Jan-2025 19:57:03 Europe/Paris] Contacts supprimés: 0
[20-Jan-2025 19:57:03 Europe/Paris] Récupération des chemins d'images
[20-Jan-2025 19:57:03 Europe/Paris] Images trouvées: 0
[20-Jan-2025 19:57:03 Europe/Paris] Suppression des entrées d'images en base
[20-Jan-2025 19:57:03 Europe/Paris] Images supprimées: 0
[20-Jan-2025 19:57:03 Europe/Paris] Récupération des fichiers GPX
[20-Jan-2025 19:57:03 Europe/Paris] Fichiers GPX trouvés: 0
[20-Jan-2025 19:57:03 Europe/Paris] Suppression des entrées de parcours en base
[20-Jan-2025 19:57:03 Europe/Paris] Parcours supprimés: 0
[20-Jan-2025 19:57:03 Europe/Paris] Suppression de l'événement
[20-Jan-2025 19:57:03 Europe/Paris] Événement supprimé: oui
[20-Jan-2025 19:57:03 Europe/Paris] Validation de la transaction
[20-Jan-2025 19:57:03 Europe/Paris] === Fin de la suppression d'événement ===
[20-Jan-2025 19:57:17 Europe/Paris] === Début de la suppression d'événement ===
[20-Jan-2025 19:57:17 Europe/Paris] Initialisation de la session
[20-Jan-2025 19:57:17 Europe/Paris] Session initialisée avec ID: 8gcbtc4tlhpao37u0284nkmdue
[20-Jan-2025 19:57:17 Europe/Paris] Session data: Array
(
    [user_id] => 50
    [user_email] => olivier@conrard.be
    [user_role] => admin
    [user] => Array
        (
            [id] => 50
            [email] => olivier@conrard.be
            [role] => admin
        )

)

[20-Jan-2025 19:57:17 Europe/Paris] Vérification de connexion
[20-Jan-2025 19:57:17 Europe/Paris] SESSION_ID: 8gcbtc4tlhpao37u0284nkmdue
[20-Jan-2025 19:57:17 Europe/Paris] SESSION: Array
(
    [user_id] => 50
    [user_email] => olivier@conrard.be
    [user_role] => admin
    [user] => Array
        (
            [id] => 50
            [email] => olivier@conrard.be
            [role] => admin
        )

)

[20-Jan-2025 19:57:17 Europe/Paris]  Récupération ID utilisateur: 50
[20-Jan-2025 19:57:17 Europe/Paris]  Accès autorisé - Utilisateur: 50
[20-Jan-2025 19:57:17 Europe/Paris]  Vérification admin: Admin
[20-Jan-2025 19:57:17 Europe/Paris] Données reçues: Array
(
    [event_id] => 88
)

[20-Jan-2025 19:57:17 Europe/Paris] ID de l'événement après filtrage: 88
[20-Jan-2025 19:57:17 Europe/Paris] Connexion à la base de données établie
[20-Jan-2025 19:57:17 Europe/Paris] Début de la transaction
[20-Jan-2025 19:57:17 Europe/Paris] Suppression des contacts
[20-Jan-2025 19:57:17 Europe/Paris] Contacts supprimés: 0
[20-Jan-2025 19:57:17 Europe/Paris] Récupération des chemins d'images
[20-Jan-2025 19:57:17 Europe/Paris] Images trouvées: 0
[20-Jan-2025 19:57:17 Europe/Paris] Suppression des entrées d'images en base
[20-Jan-2025 19:57:17 Europe/Paris] Images supprimées: 0
[20-Jan-2025 19:57:17 Europe/Paris] Récupération des fichiers GPX
[20-Jan-2025 19:57:17 Europe/Paris] Fichiers GPX trouvés: 0
[20-Jan-2025 19:57:17 Europe/Paris] Suppression des entrées de parcours en base
[20-Jan-2025 19:57:17 Europe/Paris] Parcours supprimés: 0
[20-Jan-2025 19:57:17 Europe/Paris] Suppression de l'événement
[20-Jan-2025 19:57:17 Europe/Paris] Événement supprimé: oui
[20-Jan-2025 19:57:17 Europe/Paris] Validation de la transaction
[20-Jan-2025 19:57:17 Europe/Paris] === Fin de la suppression d'événement ===
[20-Jan-2025 19:57:30 Europe/Paris] === Début de la suppression d'événement ===
[20-Jan-2025 19:57:30 Europe/Paris] Initialisation de la session
[20-Jan-2025 19:57:30 Europe/Paris] Session initialisée avec ID: 8gcbtc4tlhpao37u0284nkmdue
[20-Jan-2025 19:57:30 Europe/Paris] Session data: Array
(
    [user_id] => 50
    [user_email] => olivier@conrard.be
    [user_role] => admin
    [user] => Array
        (
            [id] => 50
            [email] => olivier@conrard.be
            [role] => admin
        )

)

[20-Jan-2025 19:57:30 Europe/Paris] Vérification de connexion
[20-Jan-2025 19:57:30 Europe/Paris] SESSION_ID: 8gcbtc4tlhpao37u0284nkmdue
[20-Jan-2025 19:57:30 Europe/Paris] SESSION: Array
(
    [user_id] => 50
    [user_email] => olivier@conrard.be
    [user_role] => admin
    [user] => Array
        (
            [id] => 50
            [email] => olivier@conrard.be
            [role] => admin
        )

)

[20-Jan-2025 19:57:30 Europe/Paris]  Récupération ID utilisateur: 50
[20-Jan-2025 19:57:30 Europe/Paris]  Accès autorisé - Utilisateur: 50
[20-Jan-2025 19:57:30 Europe/Paris]  Vérification admin: Admin
[20-Jan-2025 19:57:30 Europe/Paris] Données reçues: Array
(
    [event_id] => 89
)

[20-Jan-2025 19:57:30 Europe/Paris] ID de l'événement après filtrage: 89
[20-Jan-2025 19:57:30 Europe/Paris] Connexion à la base de données établie
[20-Jan-2025 19:57:30 Europe/Paris] Début de la transaction
[20-Jan-2025 19:57:30 Europe/Paris] Suppression des contacts
[20-Jan-2025 19:57:30 Europe/Paris] Contacts supprimés: 0
[20-Jan-2025 19:57:30 Europe/Paris] Récupération des chemins d'images
[20-Jan-2025 19:57:30 Europe/Paris] Images trouvées: 0
[20-Jan-2025 19:57:30 Europe/Paris] Suppression des entrées d'images en base
[20-Jan-2025 19:57:30 Europe/Paris] Images supprimées: 0
[20-Jan-2025 19:57:30 Europe/Paris] Récupération des fichiers GPX
[20-Jan-2025 19:57:30 Europe/Paris] Fichiers GPX trouvés: 0
[20-Jan-2025 19:57:30 Europe/Paris] Suppression des entrées de parcours en base
[20-Jan-2025 19:57:30 Europe/Paris] Parcours supprimés: 0
[20-Jan-2025 19:57:30 Europe/Paris] Suppression de l'événement
[20-Jan-2025 19:57:30 Europe/Paris] Événement supprimé: oui
[20-Jan-2025 19:57:30 Europe/Paris] Validation de la transaction
[20-Jan-2025 19:57:30 Europe/Paris] === Fin de la suppression d'événement ===
[20-Jan-2025 19:57:38 Europe/Paris] === Début de la suppression d'événement ===
[20-Jan-2025 19:57:38 Europe/Paris] Initialisation de la session
[20-Jan-2025 19:57:38 Europe/Paris] Session initialisée avec ID: 8gcbtc4tlhpao37u0284nkmdue
[20-Jan-2025 19:57:38 Europe/Paris] Session data: Array
(
    [user_id] => 50
    [user_email] => olivier@conrard.be
    [user_role] => admin
    [user] => Array
        (
            [id] => 50
            [email] => olivier@conrard.be
            [role] => admin
        )

)

[20-Jan-2025 19:57:38 Europe/Paris] Vérification de connexion
[20-Jan-2025 19:57:38 Europe/Paris] SESSION_ID: 8gcbtc4tlhpao37u0284nkmdue
[20-Jan-2025 19:57:38 Europe/Paris] SESSION: Array
(
    [user_id] => 50
    [user_email] => olivier@conrard.be
    [user_role] => admin
    [user] => Array
        (
            [id] => 50
            [email] => olivier@conrard.be
            [role] => admin
        )

)

[20-Jan-2025 19:57:38 Europe/Paris]  Récupération ID utilisateur: 50
[20-Jan-2025 19:57:38 Europe/Paris]  Accès autorisé - Utilisateur: 50
[20-Jan-2025 19:57:38 Europe/Paris]  Vérification admin: Admin
[20-Jan-2025 19:57:38 Europe/Paris] Données reçues: Array
(
    [event_id] => 86
)

[20-Jan-2025 19:57:38 Europe/Paris] ID de l'événement après filtrage: 86
[20-Jan-2025 19:57:38 Europe/Paris] Connexion à la base de données établie
[20-Jan-2025 19:57:38 Europe/Paris] Début de la transaction
[20-Jan-2025 19:57:38 Europe/Paris] Suppression des contacts
[20-Jan-2025 19:57:38 Europe/Paris] Contacts supprimés: 0
[20-Jan-2025 19:57:38 Europe/Paris] Récupération des chemins d'images
[20-Jan-2025 19:57:38 Europe/Paris] Images trouvées: 0
[20-Jan-2025 19:57:38 Europe/Paris] Suppression des entrées d'images en base
[20-Jan-2025 19:57:38 Europe/Paris] Images supprimées: 0
[20-Jan-2025 19:57:38 Europe/Paris] Récupération des fichiers GPX
[20-Jan-2025 19:57:38 Europe/Paris] Fichiers GPX trouvés: 0
[20-Jan-2025 19:57:38 Europe/Paris] Suppression des entrées de parcours en base
[20-Jan-2025 19:57:38 Europe/Paris] Parcours supprimés: 0
[20-Jan-2025 19:57:38 Europe/Paris] Suppression de l'événement
[20-Jan-2025 19:57:38 Europe/Paris] Événement supprimé: oui
[20-Jan-2025 19:57:38 Europe/Paris] Validation de la transaction
[20-Jan-2025 19:57:38 Europe/Paris] === Fin de la suppression d'événement ===
[20-Jan-2025 19:57:56 Europe/Paris] === Début de la suppression d'événement ===
[20-Jan-2025 19:57:56 Europe/Paris] Initialisation de la session
[20-Jan-2025 19:57:56 Europe/Paris] Session initialisée avec ID: 8gcbtc4tlhpao37u0284nkmdue
[20-Jan-2025 19:57:56 Europe/Paris] Session data: Array
(
    [user_id] => 50
    [user_email] => olivier@conrard.be
    [user_role] => admin
    [user] => Array
        (
            [id] => 50
            [email] => olivier@conrard.be
            [role] => admin
        )

)

[20-Jan-2025 19:57:56 Europe/Paris] Vérification de connexion
[20-Jan-2025 19:57:56 Europe/Paris] SESSION_ID: 8gcbtc4tlhpao37u0284nkmdue
[20-Jan-2025 19:57:56 Europe/Paris] SESSION: Array
(
    [user_id] => 50
    [user_email] => olivier@conrard.be
    [user_role] => admin
    [user] => Array
        (
            [id] => 50
            [email] => olivier@conrard.be
            [role] => admin
        )

)

[20-Jan-2025 19:57:56 Europe/Paris]  Récupération ID utilisateur: 50
[20-Jan-2025 19:57:56 Europe/Paris]  Accès autorisé - Utilisateur: 50
[20-Jan-2025 19:57:56 Europe/Paris]  Vérification admin: Admin
[20-Jan-2025 19:57:56 Europe/Paris] Données reçues: Array
(
    [event_id] => 96
)

[20-Jan-2025 19:57:56 Europe/Paris] ID de l'événement après filtrage: 96
[20-Jan-2025 19:57:56 Europe/Paris] Connexion à la base de données établie
[20-Jan-2025 19:57:56 Europe/Paris] Début de la transaction
[20-Jan-2025 19:57:56 Europe/Paris] Suppression des contacts
[20-Jan-2025 19:57:56 Europe/Paris] Contacts supprimés: 0
[20-Jan-2025 19:57:56 Europe/Paris] Récupération des chemins d'images
[20-Jan-2025 19:57:56 Europe/Paris] Images trouvées: 0
[20-Jan-2025 19:57:56 Europe/Paris] Suppression des entrées d'images en base
[20-Jan-2025 19:57:56 Europe/Paris] Images supprimées: 0
[20-Jan-2025 19:57:56 Europe/Paris] Récupération des fichiers GPX
[20-Jan-2025 19:57:56 Europe/Paris] Fichiers GPX trouvés: 0
[20-Jan-2025 19:57:56 Europe/Paris] Suppression des entrées de parcours en base
[20-Jan-2025 19:57:56 Europe/Paris] Parcours supprimés: 0
[20-Jan-2025 19:57:56 Europe/Paris] Suppression de l'événement
[20-Jan-2025 19:57:56 Europe/Paris] Événement supprimé: oui
[20-Jan-2025 19:57:56 Europe/Paris] Validation de la transaction
[20-Jan-2025 19:57:56 Europe/Paris] === Fin de la suppression d'événement ===
[20-Jan-2025 19:57:59 Europe/Paris] === Début de la suppression d'événement ===
[20-Jan-2025 19:57:59 Europe/Paris] Initialisation de la session
[20-Jan-2025 19:57:59 Europe/Paris] Session initialisée avec ID: 8gcbtc4tlhpao37u0284nkmdue
[20-Jan-2025 19:57:59 Europe/Paris] Session data: Array
(
    [user_id] => 50
    [user_email] => olivier@conrard.be
    [user_role] => admin
    [user] => Array
        (
            [id] => 50
            [email] => olivier@conrard.be
            [role] => admin
        )

)

[20-Jan-2025 19:57:59 Europe/Paris] Vérification de connexion
[20-Jan-2025 19:57:59 Europe/Paris] SESSION_ID: 8gcbtc4tlhpao37u0284nkmdue
[20-Jan-2025 19:57:59 Europe/Paris] SESSION: Array
(
    [user_id] => 50
    [user_email] => olivier@conrard.be
    [user_role] => admin
    [user] => Array
        (
            [id] => 50
            [email] => olivier@conrard.be
            [role] => admin
        )

)

[20-Jan-2025 19:57:59 Europe/Paris]  Récupération ID utilisateur: 50
[20-Jan-2025 19:57:59 Europe/Paris]  Accès autorisé - Utilisateur: 50
[20-Jan-2025 19:57:59 Europe/Paris]  Vérification admin: Admin
[20-Jan-2025 19:57:59 Europe/Paris] Données reçues: Array
(
    [event_id] => 97
)

[20-Jan-2025 19:57:59 Europe/Paris] ID de l'événement après filtrage: 97
[20-Jan-2025 19:57:59 Europe/Paris] Connexion à la base de données établie
[20-Jan-2025 19:57:59 Europe/Paris] Début de la transaction
[20-Jan-2025 19:57:59 Europe/Paris] Suppression des contacts
[20-Jan-2025 19:57:59 Europe/Paris] Contacts supprimés: 0
[20-Jan-2025 19:57:59 Europe/Paris] Récupération des chemins d'images
[20-Jan-2025 19:57:59 Europe/Paris] Images trouvées: 0
[20-Jan-2025 19:57:59 Europe/Paris] Suppression des entrées d'images en base
[20-Jan-2025 19:57:59 Europe/Paris] Images supprimées: 0
[20-Jan-2025 19:57:59 Europe/Paris] Récupération des fichiers GPX
[20-Jan-2025 19:57:59 Europe/Paris] Fichiers GPX trouvés: 0
[20-Jan-2025 19:57:59 Europe/Paris] Suppression des entrées de parcours en base
[20-Jan-2025 19:57:59 Europe/Paris] Parcours supprimés: 0
[20-Jan-2025 19:57:59 Europe/Paris] Suppression de l'événement
[20-Jan-2025 19:57:59 Europe/Paris] Événement supprimé: oui
[20-Jan-2025 19:57:59 Europe/Paris] Validation de la transaction
[20-Jan-2025 19:57:59 Europe/Paris] === Fin de la suppression d'événement ===
[20-Jan-2025 19:58:01 Europe/Paris] === Début de la suppression d'événement ===
[20-Jan-2025 19:58:01 Europe/Paris] Initialisation de la session
[20-Jan-2025 19:58:01 Europe/Paris] Session initialisée avec ID: 8gcbtc4tlhpao37u0284nkmdue
[20-Jan-2025 19:58:01 Europe/Paris] Session data: Array
(
    [user_id] => 50
    [user_email] => olivier@conrard.be
    [user_role] => admin
    [user] => Array
        (
            [id] => 50
            [email] => olivier@conrard.be
            [role] => admin
        )

)

[20-Jan-2025 19:58:01 Europe/Paris] Vérification de connexion
[20-Jan-2025 19:58:01 Europe/Paris] SESSION_ID: 8gcbtc4tlhpao37u0284nkmdue
[20-Jan-2025 19:58:01 Europe/Paris] SESSION: Array
(
    [user_id] => 50
    [user_email] => olivier@conrard.be
    [user_role] => admin
    [user] => Array
        (
            [id] => 50
            [email] => olivier@conrard.be
            [role] => admin
        )

)

[20-Jan-2025 19:58:01 Europe/Paris]  Récupération ID utilisateur: 50
[20-Jan-2025 19:58:01 Europe/Paris]  Accès autorisé - Utilisateur: 50
[20-Jan-2025 19:58:01 Europe/Paris]  Vérification admin: Admin
[20-Jan-2025 19:58:01 Europe/Paris] Données reçues: Array
(
    [event_id] => 94
)

[20-Jan-2025 19:58:01 Europe/Paris] ID de l'événement après filtrage: 94
[20-Jan-2025 19:58:01 Europe/Paris] Connexion à la base de données établie
[20-Jan-2025 19:58:01 Europe/Paris] Début de la transaction
[20-Jan-2025 19:58:01 Europe/Paris] Suppression des contacts
[20-Jan-2025 19:58:01 Europe/Paris] Contacts supprimés: 0
[20-Jan-2025 19:58:01 Europe/Paris] Récupération des chemins d'images
[20-Jan-2025 19:58:01 Europe/Paris] Images trouvées: 0
[20-Jan-2025 19:58:01 Europe/Paris] Suppression des entrées d'images en base
[20-Jan-2025 19:58:01 Europe/Paris] Images supprimées: 0
[20-Jan-2025 19:58:01 Europe/Paris] Récupération des fichiers GPX
[20-Jan-2025 19:58:01 Europe/Paris] Fichiers GPX trouvés: 0
[20-Jan-2025 19:58:01 Europe/Paris] Suppression des entrées de parcours en base
[20-Jan-2025 19:58:01 Europe/Paris] Parcours supprimés: 0
[20-Jan-2025 19:58:01 Europe/Paris] Suppression de l'événement
[20-Jan-2025 19:58:01 Europe/Paris] Événement supprimé: oui
[20-Jan-2025 19:58:01 Europe/Paris] Validation de la transaction
[20-Jan-2025 19:58:01 Europe/Paris] === Fin de la suppression d'événement ===
[20-Jan-2025 19:58:04 Europe/Paris] === Début de la suppression d'événement ===
[20-Jan-2025 19:58:04 Europe/Paris] Initialisation de la session
[20-Jan-2025 19:58:04 Europe/Paris] Session initialisée avec ID: 8gcbtc4tlhpao37u0284nkmdue
[20-Jan-2025 19:58:04 Europe/Paris] Session data: Array
(
    [user_id] => 50
    [user_email] => olivier@conrard.be
    [user_role] => admin
    [user] => Array
        (
            [id] => 50
            [email] => olivier@conrard.be
            [role] => admin
        )

)

[20-Jan-2025 19:58:04 Europe/Paris] Vérification de connexion
[20-Jan-2025 19:58:04 Europe/Paris] SESSION_ID: 8gcbtc4tlhpao37u0284nkmdue
[20-Jan-2025 19:58:04 Europe/Paris] SESSION: Array
(
    [user_id] => 50
    [user_email] => olivier@conrard.be
    [user_role] => admin
    [user] => Array
        (
            [id] => 50
            [email] => olivier@conrard.be
            [role] => admin
        )

)

[20-Jan-2025 19:58:04 Europe/Paris]  Récupération ID utilisateur: 50
[20-Jan-2025 19:58:04 Europe/Paris]  Accès autorisé - Utilisateur: 50
[20-Jan-2025 19:58:04 Europe/Paris]  Vérification admin: Admin
[20-Jan-2025 19:58:04 Europe/Paris] Données reçues: Array
(
    [event_id] => 95
)

[20-Jan-2025 19:58:04 Europe/Paris] ID de l'événement après filtrage: 95
[20-Jan-2025 19:58:04 Europe/Paris] Connexion à la base de données établie
[20-Jan-2025 19:58:04 Europe/Paris] Début de la transaction
[20-Jan-2025 19:58:04 Europe/Paris] Suppression des contacts
[20-Jan-2025 19:58:04 Europe/Paris] Contacts supprimés: 0
[20-Jan-2025 19:58:04 Europe/Paris] Récupération des chemins d'images
[20-Jan-2025 19:58:04 Europe/Paris] Images trouvées: 0
[20-Jan-2025 19:58:04 Europe/Paris] Suppression des entrées d'images en base
[20-Jan-2025 19:58:04 Europe/Paris] Images supprimées: 0
[20-Jan-2025 19:58:04 Europe/Paris] Récupération des fichiers GPX
[20-Jan-2025 19:58:04 Europe/Paris] Fichiers GPX trouvés: 0
[20-Jan-2025 19:58:04 Europe/Paris] Suppression des entrées de parcours en base
[20-Jan-2025 19:58:04 Europe/Paris] Parcours supprimés: 0
[20-Jan-2025 19:58:04 Europe/Paris] Suppression de l'événement
[20-Jan-2025 19:58:04 Europe/Paris] Événement supprimé: oui
[20-Jan-2025 19:58:04 Europe/Paris] Validation de la transaction
[20-Jan-2025 19:58:04 Europe/Paris] === Fin de la suppression d'événement ===
[20-Jan-2025 19:58:07 Europe/Paris] === Début de la suppression d'événement ===
[20-Jan-2025 19:58:07 Europe/Paris] Initialisation de la session
[20-Jan-2025 19:58:07 Europe/Paris] Session initialisée avec ID: 8gcbtc4tlhpao37u0284nkmdue
[20-Jan-2025 19:58:07 Europe/Paris] Session data: Array
(
    [user_id] => 50
    [user_email] => olivier@conrard.be
    [user_role] => admin
    [user] => Array
        (
            [id] => 50
            [email] => olivier@conrard.be
            [role] => admin
        )

)

[20-Jan-2025 19:58:07 Europe/Paris] Vérification de connexion
[20-Jan-2025 19:58:07 Europe/Paris] SESSION_ID: 8gcbtc4tlhpao37u0284nkmdue
[20-Jan-2025 19:58:07 Europe/Paris] SESSION: Array
(
    [user_id] => 50
    [user_email] => olivier@conrard.be
    [user_role] => admin
    [user] => Array
        (
            [id] => 50
            [email] => olivier@conrard.be
            [role] => admin
        )

)

[20-Jan-2025 19:58:07 Europe/Paris]  Récupération ID utilisateur: 50
[20-Jan-2025 19:58:07 Europe/Paris]  Accès autorisé - Utilisateur: 50
[20-Jan-2025 19:58:07 Europe/Paris]  Vérification admin: Admin
[20-Jan-2025 19:58:07 Europe/Paris] Données reçues: Array
(
    [event_id] => 92
)

[20-Jan-2025 19:58:07 Europe/Paris] ID de l'événement après filtrage: 92
[20-Jan-2025 19:58:07 Europe/Paris] Connexion à la base de données établie
[20-Jan-2025 19:58:07 Europe/Paris] Début de la transaction
[20-Jan-2025 19:58:07 Europe/Paris] Suppression des contacts
[20-Jan-2025 19:58:07 Europe/Paris] Contacts supprimés: 0
[20-Jan-2025 19:58:07 Europe/Paris] Récupération des chemins d'images
[20-Jan-2025 19:58:07 Europe/Paris] Images trouvées: 0
[20-Jan-2025 19:58:07 Europe/Paris] Suppression des entrées d'images en base
[20-Jan-2025 19:58:07 Europe/Paris] Images supprimées: 0
[20-Jan-2025 19:58:07 Europe/Paris] Récupération des fichiers GPX
[20-Jan-2025 19:58:07 Europe/Paris] Fichiers GPX trouvés: 0
[20-Jan-2025 19:58:07 Europe/Paris] Suppression des entrées de parcours en base
[20-Jan-2025 19:58:07 Europe/Paris] Parcours supprimés: 0
[20-Jan-2025 19:58:07 Europe/Paris] Suppression de l'événement
[20-Jan-2025 19:58:07 Europe/Paris] Événement supprimé: oui
[20-Jan-2025 19:58:07 Europe/Paris] Validation de la transaction
[20-Jan-2025 19:58:07 Europe/Paris] === Fin de la suppression d'événement ===
[20-Jan-2025 19:58:09 Europe/Paris] === Début de la suppression d'événement ===
[20-Jan-2025 19:58:09 Europe/Paris] Initialisation de la session
[20-Jan-2025 19:58:09 Europe/Paris] Session initialisée avec ID: 8gcbtc4tlhpao37u0284nkmdue
[20-Jan-2025 19:58:09 Europe/Paris] Session data: Array
(
    [user_id] => 50
    [user_email] => olivier@conrard.be
    [user_role] => admin
    [user] => Array
        (
            [id] => 50
            [email] => olivier@conrard.be
            [role] => admin
        )

)

[20-Jan-2025 19:58:09 Europe/Paris] Vérification de connexion
[20-Jan-2025 19:58:09 Europe/Paris] SESSION_ID: 8gcbtc4tlhpao37u0284nkmdue
[20-Jan-2025 19:58:09 Europe/Paris] SESSION: Array
(
    [user_id] => 50
    [user_email] => olivier@conrard.be
    [user_role] => admin
    [user] => Array
        (
            [id] => 50
            [email] => olivier@conrard.be
            [role] => admin
        )

)

[20-Jan-2025 19:58:09 Europe/Paris]  Récupération ID utilisateur: 50
[20-Jan-2025 19:58:09 Europe/Paris]  Accès autorisé - Utilisateur: 50
[20-Jan-2025 19:58:09 Europe/Paris]  Vérification admin: Admin
[20-Jan-2025 19:58:09 Europe/Paris] Données reçues: Array
(
    [event_id] => 93
)

[20-Jan-2025 19:58:09 Europe/Paris] ID de l'événement après filtrage: 93
[20-Jan-2025 19:58:09 Europe/Paris] Connexion à la base de données établie
[20-Jan-2025 19:58:09 Europe/Paris] Début de la transaction
[20-Jan-2025 19:58:09 Europe/Paris] Suppression des contacts
[20-Jan-2025 19:58:09 Europe/Paris] Contacts supprimés: 0
[20-Jan-2025 19:58:09 Europe/Paris] Récupération des chemins d'images
[20-Jan-2025 19:58:09 Europe/Paris] Images trouvées: 0
[20-Jan-2025 19:58:09 Europe/Paris] Suppression des entrées d'images en base
[20-Jan-2025 19:58:09 Europe/Paris] Images supprimées: 0
[20-Jan-2025 19:58:09 Europe/Paris] Récupération des fichiers GPX
[20-Jan-2025 19:58:09 Europe/Paris] Fichiers GPX trouvés: 0
[20-Jan-2025 19:58:09 Europe/Paris] Suppression des entrées de parcours en base
[20-Jan-2025 19:58:09 Europe/Paris] Parcours supprimés: 0
[20-Jan-2025 19:58:09 Europe/Paris] Suppression de l'événement
[20-Jan-2025 19:58:09 Europe/Paris] Événement supprimé: oui
[20-Jan-2025 19:58:09 Europe/Paris] Validation de la transaction
[20-Jan-2025 19:58:09 Europe/Paris] === Fin de la suppression d'événement ===
[20-Jan-2025 19:58:11 Europe/Paris] === Début de la suppression d'événement ===
[20-Jan-2025 19:58:11 Europe/Paris] Initialisation de la session
[20-Jan-2025 19:58:11 Europe/Paris] Session initialisée avec ID: 8gcbtc4tlhpao37u0284nkmdue
[20-Jan-2025 19:58:11 Europe/Paris] Session data: Array
(
    [user_id] => 50
    [user_email] => olivier@conrard.be
    [user_role] => admin
    [user] => Array
        (
            [id] => 50
            [email] => olivier@conrard.be
            [role] => admin
        )

)

[20-Jan-2025 19:58:11 Europe/Paris] Vérification de connexion
[20-Jan-2025 19:58:11 Europe/Paris] SESSION_ID: 8gcbtc4tlhpao37u0284nkmdue
[20-Jan-2025 19:58:11 Europe/Paris] SESSION: Array
(
    [user_id] => 50
    [user_email] => olivier@conrard.be
    [user_role] => admin
    [user] => Array
        (
            [id] => 50
            [email] => olivier@conrard.be
            [role] => admin
        )

)

[20-Jan-2025 19:58:11 Europe/Paris]  Récupération ID utilisateur: 50
[20-Jan-2025 19:58:11 Europe/Paris]  Accès autorisé - Utilisateur: 50
[20-Jan-2025 19:58:11 Europe/Paris]  Vérification admin: Admin
[20-Jan-2025 19:58:11 Europe/Paris] Données reçues: Array
(
    [event_id] => 90
)

[20-Jan-2025 19:58:11 Europe/Paris] ID de l'événement après filtrage: 90
[20-Jan-2025 19:58:11 Europe/Paris] Connexion à la base de données établie
[20-Jan-2025 19:58:11 Europe/Paris] Début de la transaction
[20-Jan-2025 19:58:11 Europe/Paris] Suppression des contacts
[20-Jan-2025 19:58:11 Europe/Paris] Contacts supprimés: 0
[20-Jan-2025 19:58:11 Europe/Paris] Récupération des chemins d'images
[20-Jan-2025 19:58:11 Europe/Paris] Images trouvées: 0
[20-Jan-2025 19:58:11 Europe/Paris] Suppression des entrées d'images en base
[20-Jan-2025 19:58:11 Europe/Paris] Images supprimées: 0
[20-Jan-2025 19:58:11 Europe/Paris] Récupération des fichiers GPX
[20-Jan-2025 19:58:11 Europe/Paris] Fichiers GPX trouvés: 0
[20-Jan-2025 19:58:11 Europe/Paris] Suppression des entrées de parcours en base
[20-Jan-2025 19:58:11 Europe/Paris] Parcours supprimés: 0
[20-Jan-2025 19:58:11 Europe/Paris] Suppression de l'événement
[20-Jan-2025 19:58:11 Europe/Paris] Événement supprimé: oui
[20-Jan-2025 19:58:11 Europe/Paris] Validation de la transaction
[20-Jan-2025 19:58:11 Europe/Paris] === Fin de la suppression d'événement ===
[20-Jan-2025 19:58:14 Europe/Paris] === Début de la suppression d'événement ===
[20-Jan-2025 19:58:14 Europe/Paris] Initialisation de la session
[20-Jan-2025 19:58:14 Europe/Paris] Session initialisée avec ID: 8gcbtc4tlhpao37u0284nkmdue
[20-Jan-2025 19:58:14 Europe/Paris] Session data: Array
(
    [user_id] => 50
    [user_email] => olivier@conrard.be
    [user_role] => admin
    [user] => Array
        (
            [id] => 50
            [email] => olivier@conrard.be
            [role] => admin
        )

)

[20-Jan-2025 19:58:14 Europe/Paris] Vérification de connexion
[20-Jan-2025 19:58:14 Europe/Paris] SESSION_ID: 8gcbtc4tlhpao37u0284nkmdue
[20-Jan-2025 19:58:14 Europe/Paris] SESSION: Array
(
    [user_id] => 50
    [user_email] => olivier@conrard.be
    [user_role] => admin
    [user] => Array
        (
            [id] => 50
            [email] => olivier@conrard.be
            [role] => admin
        )

)

[20-Jan-2025 19:58:14 Europe/Paris]  Récupération ID utilisateur: 50
[20-Jan-2025 19:58:14 Europe/Paris]  Accès autorisé - Utilisateur: 50
[20-Jan-2025 19:58:14 Europe/Paris]  Vérification admin: Admin
[20-Jan-2025 19:58:14 Europe/Paris] Données reçues: Array
(
    [event_id] => 91
)

[20-Jan-2025 19:58:14 Europe/Paris] ID de l'événement après filtrage: 91
[20-Jan-2025 19:58:14 Europe/Paris] Connexion à la base de données établie
[20-Jan-2025 19:58:14 Europe/Paris] Début de la transaction
[20-Jan-2025 19:58:14 Europe/Paris] Suppression des contacts
[20-Jan-2025 19:58:14 Europe/Paris] Contacts supprimés: 0
[20-Jan-2025 19:58:14 Europe/Paris] Récupération des chemins d'images
[20-Jan-2025 19:58:14 Europe/Paris] Images trouvées: 0
[20-Jan-2025 19:58:14 Europe/Paris] Suppression des entrées d'images en base
[20-Jan-2025 19:58:14 Europe/Paris] Images supprimées: 0
[20-Jan-2025 19:58:14 Europe/Paris] Récupération des fichiers GPX
[20-Jan-2025 19:58:14 Europe/Paris] Fichiers GPX trouvés: 0
[20-Jan-2025 19:58:14 Europe/Paris] Suppression des entrées de parcours en base
[20-Jan-2025 19:58:14 Europe/Paris] Parcours supprimés: 0
[20-Jan-2025 19:58:14 Europe/Paris] Suppression de l'événement
[20-Jan-2025 19:58:14 Europe/Paris] Événement supprimé: oui
[20-Jan-2025 19:58:14 Europe/Paris] Validation de la transaction
[20-Jan-2025 19:58:14 Europe/Paris] === Fin de la suppression d'événement ===
[20-Jan-2025 19:58:16 Europe/Paris] === Début de la suppression d'événement ===
[20-Jan-2025 19:58:16 Europe/Paris] Initialisation de la session
[20-Jan-2025 19:58:16 Europe/Paris] Session initialisée avec ID: 8gcbtc4tlhpao37u0284nkmdue
[20-Jan-2025 19:58:16 Europe/Paris] Session data: Array
(
    [user_id] => 50
    [user_email] => olivier@conrard.be
    [user_role] => admin
    [user] => Array
        (
            [id] => 50
            [email] => olivier@conrard.be
            [role] => admin
        )

)

[20-Jan-2025 19:58:16 Europe/Paris] Vérification de connexion
[20-Jan-2025 19:58:16 Europe/Paris] SESSION_ID: 8gcbtc4tlhpao37u0284nkmdue
[20-Jan-2025 19:58:16 Europe/Paris] SESSION: Array
(
    [user_id] => 50
    [user_email] => olivier@conrard.be
    [user_role] => admin
    [user] => Array
        (
            [id] => 50
            [email] => olivier@conrard.be
            [role] => admin
        )

)

[20-Jan-2025 19:58:16 Europe/Paris]  Récupération ID utilisateur: 50
[20-Jan-2025 19:58:16 Europe/Paris]  Accès autorisé - Utilisateur: 50
[20-Jan-2025 19:58:16 Europe/Paris]  Vérification admin: Admin
[20-Jan-2025 19:58:16 Europe/Paris] Données reçues: Array
(
    [event_id] => 87
)

[20-Jan-2025 19:58:16 Europe/Paris] ID de l'événement après filtrage: 87
[20-Jan-2025 19:58:16 Europe/Paris] Connexion à la base de données établie
[20-Jan-2025 19:58:16 Europe/Paris] Début de la transaction
[20-Jan-2025 19:58:16 Europe/Paris] Suppression des contacts
[20-Jan-2025 19:58:16 Europe/Paris] Contacts supprimés: 0
[20-Jan-2025 19:58:16 Europe/Paris] Récupération des chemins d'images
[20-Jan-2025 19:58:16 Europe/Paris] Images trouvées: 0
[20-Jan-2025 19:58:16 Europe/Paris] Suppression des entrées d'images en base
[20-Jan-2025 19:58:16 Europe/Paris] Images supprimées: 0
[20-Jan-2025 19:58:16 Europe/Paris] Récupération des fichiers GPX
[20-Jan-2025 19:58:16 Europe/Paris] Fichiers GPX trouvés: 0
[20-Jan-2025 19:58:16 Europe/Paris] Suppression des entrées de parcours en base
[20-Jan-2025 19:58:16 Europe/Paris] Parcours supprimés: 0
[20-Jan-2025 19:58:16 Europe/Paris] Suppression de l'événement
[20-Jan-2025 19:58:16 Europe/Paris] Événement supprimé: oui
[20-Jan-2025 19:58:16 Europe/Paris] Validation de la transaction
[20-Jan-2025 19:58:16 Europe/Paris] === Fin de la suppression d'événement ===
[20-Jan-2025 19:58:18 Europe/Paris] === Début de la suppression d'événement ===
[20-Jan-2025 19:58:18 Europe/Paris] Initialisation de la session
[20-Jan-2025 19:58:18 Europe/Paris] Session initialisée avec ID: 8gcbtc4tlhpao37u0284nkmdue
[20-Jan-2025 19:58:18 Europe/Paris] Session data: Array
(
    [user_id] => 50
    [user_email] => olivier@conrard.be
    [user_role] => admin
    [user] => Array
        (
            [id] => 50
            [email] => olivier@conrard.be
            [role] => admin
        )

)

[20-Jan-2025 19:58:18 Europe/Paris] Vérification de connexion
[20-Jan-2025 19:58:18 Europe/Paris] SESSION_ID: 8gcbtc4tlhpao37u0284nkmdue
[20-Jan-2025 19:58:18 Europe/Paris] SESSION: Array
(
    [user_id] => 50
    [user_email] => olivier@conrard.be
    [user_role] => admin
    [user] => Array
        (
            [id] => 50
            [email] => olivier@conrard.be
            [role] => admin
        )

)

[20-Jan-2025 19:58:18 Europe/Paris]  Récupération ID utilisateur: 50
[20-Jan-2025 19:58:18 Europe/Paris]  Accès autorisé - Utilisateur: 50
[20-Jan-2025 19:58:18 Europe/Paris]  Vérification admin: Admin
[20-Jan-2025 19:58:18 Europe/Paris] Données reçues: Array
(
    [event_id] => 84
)

[20-Jan-2025 19:58:18 Europe/Paris] ID de l'événement après filtrage: 84
[20-Jan-2025 19:58:18 Europe/Paris] Connexion à la base de données établie
[20-Jan-2025 19:58:18 Europe/Paris] Début de la transaction
[20-Jan-2025 19:58:18 Europe/Paris] Suppression des contacts
[20-Jan-2025 19:58:18 Europe/Paris] Contacts supprimés: 0
[20-Jan-2025 19:58:18 Europe/Paris] Récupération des chemins d'images
[20-Jan-2025 19:58:18 Europe/Paris] Images trouvées: 0
[20-Jan-2025 19:58:18 Europe/Paris] Suppression des entrées d'images en base
[20-Jan-2025 19:58:18 Europe/Paris] Images supprimées: 0
[20-Jan-2025 19:58:18 Europe/Paris] Récupération des fichiers GPX
[20-Jan-2025 19:58:18 Europe/Paris] Fichiers GPX trouvés: 0
[20-Jan-2025 19:58:18 Europe/Paris] Suppression des entrées de parcours en base
[20-Jan-2025 19:58:18 Europe/Paris] Parcours supprimés: 0
[20-Jan-2025 19:58:18 Europe/Paris] Suppression de l'événement
[20-Jan-2025 19:58:18 Europe/Paris] Événement supprimé: oui
[20-Jan-2025 19:58:18 Europe/Paris] Validation de la transaction
[20-Jan-2025 19:58:18 Europe/Paris] === Fin de la suppression d'événement ===
[20-Jan-2025 19:58:21 Europe/Paris] === Début de la suppression d'événement ===
[20-Jan-2025 19:58:21 Europe/Paris] Initialisation de la session
[20-Jan-2025 19:58:21 Europe/Paris] Session initialisée avec ID: 8gcbtc4tlhpao37u0284nkmdue
[20-Jan-2025 19:58:21 Europe/Paris] Session data: Array
(
    [user_id] => 50
    [user_email] => olivier@conrard.be
    [user_role] => admin
    [user] => Array
        (
            [id] => 50
            [email] => olivier@conrard.be
            [role] => admin
        )

)

[20-Jan-2025 19:58:21 Europe/Paris] Vérification de connexion
[20-Jan-2025 19:58:21 Europe/Paris] SESSION_ID: 8gcbtc4tlhpao37u0284nkmdue
[20-Jan-2025 19:58:21 Europe/Paris] SESSION: Array
(
    [user_id] => 50
    [user_email] => olivier@conrard.be
    [user_role] => admin
    [user] => Array
        (
            [id] => 50
            [email] => olivier@conrard.be
            [role] => admin
        )

)

[20-Jan-2025 19:58:21 Europe/Paris]  Récupération ID utilisateur: 50
[20-Jan-2025 19:58:21 Europe/Paris]  Accès autorisé - Utilisateur: 50
[20-Jan-2025 19:58:21 Europe/Paris]  Vérification admin: Admin
[20-Jan-2025 19:58:21 Europe/Paris] Données reçues: Array
(
    [event_id] => 85
)

[20-Jan-2025 19:58:21 Europe/Paris] ID de l'événement après filtrage: 85
[20-Jan-2025 19:58:21 Europe/Paris] Connexion à la base de données établie
[20-Jan-2025 19:58:21 Europe/Paris] Début de la transaction
[20-Jan-2025 19:58:21 Europe/Paris] Suppression des contacts
[20-Jan-2025 19:58:21 Europe/Paris] Contacts supprimés: 0
[20-Jan-2025 19:58:21 Europe/Paris] Récupération des chemins d'images
[20-Jan-2025 19:58:21 Europe/Paris] Images trouvées: 0
[20-Jan-2025 19:58:21 Europe/Paris] Suppression des entrées d'images en base
[20-Jan-2025 19:58:21 Europe/Paris] Images supprimées: 0
[20-Jan-2025 19:58:21 Europe/Paris] Récupération des fichiers GPX
[20-Jan-2025 19:58:21 Europe/Paris] Fichiers GPX trouvés: 0
[20-Jan-2025 19:58:21 Europe/Paris] Suppression des entrées de parcours en base
[20-Jan-2025 19:58:21 Europe/Paris] Parcours supprimés: 0
[20-Jan-2025 19:58:21 Europe/Paris] Suppression de l'événement
[20-Jan-2025 19:58:21 Europe/Paris] Événement supprimé: oui
[20-Jan-2025 19:58:21 Europe/Paris] Validation de la transaction
[20-Jan-2025 19:58:21 Europe/Paris] === Fin de la suppression d'événement ===
[20-Jan-2025 19:58:23 Europe/Paris] === Début de la suppression d'événement ===
[20-Jan-2025 19:58:23 Europe/Paris] Initialisation de la session
[20-Jan-2025 19:58:23 Europe/Paris] Session initialisée avec ID: 8gcbtc4tlhpao37u0284nkmdue
[20-Jan-2025 19:58:23 Europe/Paris] Session data: Array
(
    [user_id] => 50
    [user_email] => olivier@conrard.be
    [user_role] => admin
    [user] => Array
        (
            [id] => 50
            [email] => olivier@conrard.be
            [role] => admin
        )

)

[20-Jan-2025 19:58:23 Europe/Paris] Vérification de connexion
[20-Jan-2025 19:58:23 Europe/Paris] SESSION_ID: 8gcbtc4tlhpao37u0284nkmdue
[20-Jan-2025 19:58:23 Europe/Paris] SESSION: Array
(
    [user_id] => 50
    [user_email] => olivier@conrard.be
    [user_role] => admin
    [user] => Array
        (
            [id] => 50
            [email] => olivier@conrard.be
            [role] => admin
        )

)

[20-Jan-2025 19:58:23 Europe/Paris]  Récupération ID utilisateur: 50
[20-Jan-2025 19:58:23 Europe/Paris]  Accès autorisé - Utilisateur: 50
[20-Jan-2025 19:58:23 Europe/Paris]  Vérification admin: Admin
[20-Jan-2025 19:58:23 Europe/Paris] Données reçues: Array
(
    [event_id] => 82
)

[20-Jan-2025 19:58:23 Europe/Paris] ID de l'événement après filtrage: 82
[20-Jan-2025 19:58:23 Europe/Paris] Connexion à la base de données établie
[20-Jan-2025 19:58:23 Europe/Paris] Début de la transaction
[20-Jan-2025 19:58:23 Europe/Paris] Suppression des contacts
[20-Jan-2025 19:58:23 Europe/Paris] Contacts supprimés: 0
[20-Jan-2025 19:58:23 Europe/Paris] Récupération des chemins d'images
[20-Jan-2025 19:58:23 Europe/Paris] Images trouvées: 0
[20-Jan-2025 19:58:23 Europe/Paris] Suppression des entrées d'images en base
[20-Jan-2025 19:58:23 Europe/Paris] Images supprimées: 0
[20-Jan-2025 19:58:23 Europe/Paris] Récupération des fichiers GPX
[20-Jan-2025 19:58:23 Europe/Paris] Fichiers GPX trouvés: 0
[20-Jan-2025 19:58:23 Europe/Paris] Suppression des entrées de parcours en base
[20-Jan-2025 19:58:23 Europe/Paris] Parcours supprimés: 0
[20-Jan-2025 19:58:23 Europe/Paris] Suppression de l'événement
[20-Jan-2025 19:58:23 Europe/Paris] Événement supprimé: oui
[20-Jan-2025 19:58:23 Europe/Paris] Validation de la transaction
[20-Jan-2025 19:58:23 Europe/Paris] === Fin de la suppression d'événement ===
[20-Jan-2025 19:58:25 Europe/Paris] === Début de la suppression d'événement ===
[20-Jan-2025 19:58:25 Europe/Paris] Initialisation de la session
[20-Jan-2025 19:58:25 Europe/Paris] Session initialisée avec ID: 8gcbtc4tlhpao37u0284nkmdue
[20-Jan-2025 19:58:25 Europe/Paris] Session data: Array
(
    [user_id] => 50
    [user_email] => olivier@conrard.be
    [user_role] => admin
    [user] => Array
        (
            [id] => 50
            [email] => olivier@conrard.be
            [role] => admin
        )

)

[20-Jan-2025 19:58:25 Europe/Paris] Vérification de connexion
[20-Jan-2025 19:58:25 Europe/Paris] SESSION_ID: 8gcbtc4tlhpao37u0284nkmdue
[20-Jan-2025 19:58:25 Europe/Paris] SESSION: Array
(
    [user_id] => 50
    [user_email] => olivier@conrard.be
    [user_role] => admin
    [user] => Array
        (
            [id] => 50
            [email] => olivier@conrard.be
            [role] => admin
        )

)

[20-Jan-2025 19:58:25 Europe/Paris]  Récupération ID utilisateur: 50
[20-Jan-2025 19:58:25 Europe/Paris]  Accès autorisé - Utilisateur: 50
[20-Jan-2025 19:58:25 Europe/Paris]  Vérification admin: Admin
[20-Jan-2025 19:58:25 Europe/Paris] Données reçues: Array
(
    [event_id] => 83
)

[20-Jan-2025 19:58:25 Europe/Paris] ID de l'événement après filtrage: 83
[20-Jan-2025 19:58:25 Europe/Paris] Connexion à la base de données établie
[20-Jan-2025 19:58:25 Europe/Paris] Début de la transaction
[20-Jan-2025 19:58:25 Europe/Paris] Suppression des contacts
[20-Jan-2025 19:58:25 Europe/Paris] Contacts supprimés: 0
[20-Jan-2025 19:58:25 Europe/Paris] Récupération des chemins d'images
[20-Jan-2025 19:58:25 Europe/Paris] Images trouvées: 0
[20-Jan-2025 19:58:25 Europe/Paris] Suppression des entrées d'images en base
[20-Jan-2025 19:58:25 Europe/Paris] Images supprimées: 0
[20-Jan-2025 19:58:25 Europe/Paris] Récupération des fichiers GPX
[20-Jan-2025 19:58:25 Europe/Paris] Fichiers GPX trouvés: 0
[20-Jan-2025 19:58:25 Europe/Paris] Suppression des entrées de parcours en base
[20-Jan-2025 19:58:25 Europe/Paris] Parcours supprimés: 0
[20-Jan-2025 19:58:25 Europe/Paris] Suppression de l'événement
[20-Jan-2025 19:58:25 Europe/Paris] Événement supprimé: oui
[20-Jan-2025 19:58:25 Europe/Paris] Validation de la transaction
[20-Jan-2025 19:58:25 Europe/Paris] === Fin de la suppression d'événement ===
[20-Jan-2025 19:58:27 Europe/Paris] === Début de la suppression d'événement ===
[20-Jan-2025 19:58:27 Europe/Paris] Initialisation de la session
[20-Jan-2025 19:58:27 Europe/Paris] Session initialisée avec ID: 8gcbtc4tlhpao37u0284nkmdue
[20-Jan-2025 19:58:27 Europe/Paris] Session data: Array
(
    [user_id] => 50
    [user_email] => olivier@conrard.be
    [user_role] => admin
    [user] => Array
        (
            [id] => 50
            [email] => olivier@conrard.be
            [role] => admin
        )

)

[20-Jan-2025 19:58:27 Europe/Paris] Vérification de connexion
[20-Jan-2025 19:58:27 Europe/Paris] SESSION_ID: 8gcbtc4tlhpao37u0284nkmdue
[20-Jan-2025 19:58:27 Europe/Paris] SESSION: Array
(
    [user_id] => 50
    [user_email] => olivier@conrard.be
    [user_role] => admin
    [user] => Array
        (
            [id] => 50
            [email] => olivier@conrard.be
            [role] => admin
        )

)

[20-Jan-2025 19:58:27 Europe/Paris]  Récupération ID utilisateur: 50
[20-Jan-2025 19:58:27 Europe/Paris]  Accès autorisé - Utilisateur: 50
[20-Jan-2025 19:58:27 Europe/Paris]  Vérification admin: Admin
[20-Jan-2025 19:58:27 Europe/Paris] Données reçues: Array
(
    [event_id] => 80
)

[20-Jan-2025 19:58:27 Europe/Paris] ID de l'événement après filtrage: 80
[20-Jan-2025 19:58:27 Europe/Paris] Connexion à la base de données établie
[20-Jan-2025 19:58:27 Europe/Paris] Début de la transaction
[20-Jan-2025 19:58:27 Europe/Paris] Suppression des contacts
[20-Jan-2025 19:58:27 Europe/Paris] Contacts supprimés: 0
[20-Jan-2025 19:58:27 Europe/Paris] Récupération des chemins d'images
[20-Jan-2025 19:58:27 Europe/Paris] Images trouvées: 0
[20-Jan-2025 19:58:27 Europe/Paris] Suppression des entrées d'images en base
[20-Jan-2025 19:58:27 Europe/Paris] Images supprimées: 0
[20-Jan-2025 19:58:27 Europe/Paris] Récupération des fichiers GPX
[20-Jan-2025 19:58:27 Europe/Paris] Fichiers GPX trouvés: 0
[20-Jan-2025 19:58:27 Europe/Paris] Suppression des entrées de parcours en base
[20-Jan-2025 19:58:27 Europe/Paris] Parcours supprimés: 0
[20-Jan-2025 19:58:27 Europe/Paris] Suppression de l'événement
[20-Jan-2025 19:58:27 Europe/Paris] Événement supprimé: oui
[20-Jan-2025 19:58:27 Europe/Paris] Validation de la transaction
[20-Jan-2025 19:58:27 Europe/Paris] === Fin de la suppression d'événement ===
[20-Jan-2025 19:58:29 Europe/Paris] === Début de la suppression d'événement ===
[20-Jan-2025 19:58:29 Europe/Paris] Initialisation de la session
[20-Jan-2025 19:58:29 Europe/Paris] Session initialisée avec ID: 8gcbtc4tlhpao37u0284nkmdue
[20-Jan-2025 19:58:29 Europe/Paris] Session data: Array
(
    [user_id] => 50
    [user_email] => olivier@conrard.be
    [user_role] => admin
    [user] => Array
        (
            [id] => 50
            [email] => olivier@conrard.be
            [role] => admin
        )

)

[20-Jan-2025 19:58:29 Europe/Paris] Vérification de connexion
[20-Jan-2025 19:58:29 Europe/Paris] SESSION_ID: 8gcbtc4tlhpao37u0284nkmdue
[20-Jan-2025 19:58:29 Europe/Paris] SESSION: Array
(
    [user_id] => 50
    [user_email] => olivier@conrard.be
    [user_role] => admin
    [user] => Array
        (
            [id] => 50
            [email] => olivier@conrard.be
            [role] => admin
        )

)

[20-Jan-2025 19:58:29 Europe/Paris]  Récupération ID utilisateur: 50
[20-Jan-2025 19:58:29 Europe/Paris]  Accès autorisé - Utilisateur: 50
[20-Jan-2025 19:58:29 Europe/Paris]  Vérification admin: Admin
[20-Jan-2025 19:58:29 Europe/Paris] Données reçues: Array
(
    [event_id] => 81
)

[20-Jan-2025 19:58:29 Europe/Paris] ID de l'événement après filtrage: 81
[20-Jan-2025 19:58:29 Europe/Paris] Connexion à la base de données établie
[20-Jan-2025 19:58:29 Europe/Paris] Début de la transaction
[20-Jan-2025 19:58:29 Europe/Paris] Suppression des contacts
[20-Jan-2025 19:58:29 Europe/Paris] Contacts supprimés: 0
[20-Jan-2025 19:58:29 Europe/Paris] Récupération des chemins d'images
[20-Jan-2025 19:58:29 Europe/Paris] Images trouvées: 0
[20-Jan-2025 19:58:29 Europe/Paris] Suppression des entrées d'images en base
[20-Jan-2025 19:58:29 Europe/Paris] Images supprimées: 0
[20-Jan-2025 19:58:29 Europe/Paris] Récupération des fichiers GPX
[20-Jan-2025 19:58:29 Europe/Paris] Fichiers GPX trouvés: 0
[20-Jan-2025 19:58:29 Europe/Paris] Suppression des entrées de parcours en base
[20-Jan-2025 19:58:29 Europe/Paris] Parcours supprimés: 0
[20-Jan-2025 19:58:29 Europe/Paris] Suppression de l'événement
[20-Jan-2025 19:58:29 Europe/Paris] Événement supprimé: oui
[20-Jan-2025 19:58:29 Europe/Paris] Validation de la transaction
[20-Jan-2025 19:58:29 Europe/Paris] === Fin de la suppression d'événement ===
[20-Jan-2025 19:58:32 Europe/Paris] === Début de la suppression d'événement ===
[20-Jan-2025 19:58:32 Europe/Paris] Initialisation de la session
[20-Jan-2025 19:58:32 Europe/Paris] Session initialisée avec ID: 8gcbtc4tlhpao37u0284nkmdue
[20-Jan-2025 19:58:32 Europe/Paris] Session data: Array
(
    [user_id] => 50
    [user_email] => olivier@conrard.be
    [user_role] => admin
    [user] => Array
        (
            [id] => 50
            [email] => olivier@conrard.be
            [role] => admin
        )

)

[20-Jan-2025 19:58:32 Europe/Paris] Vérification de connexion
[20-Jan-2025 19:58:32 Europe/Paris] SESSION_ID: 8gcbtc4tlhpao37u0284nkmdue
[20-Jan-2025 19:58:32 Europe/Paris] SESSION: Array
(
    [user_id] => 50
    [user_email] => olivier@conrard.be
    [user_role] => admin
    [user] => Array
        (
            [id] => 50
            [email] => olivier@conrard.be
            [role] => admin
        )

)

[20-Jan-2025 19:58:32 Europe/Paris]  Récupération ID utilisateur: 50
[20-Jan-2025 19:58:32 Europe/Paris]  Accès autorisé - Utilisateur: 50
[20-Jan-2025 19:58:32 Europe/Paris]  Vérification admin: Admin
[20-Jan-2025 19:58:32 Europe/Paris] Données reçues: Array
(
    [event_id] => 66
)

[20-Jan-2025 19:58:32 Europe/Paris] ID de l'événement après filtrage: 66
[20-Jan-2025 19:58:32 Europe/Paris] Connexion à la base de données établie
[20-Jan-2025 19:58:32 Europe/Paris] Début de la transaction
[20-Jan-2025 19:58:32 Europe/Paris] Suppression des contacts
[20-Jan-2025 19:58:32 Europe/Paris] Contacts supprimés: 0
[20-Jan-2025 19:58:32 Europe/Paris] Récupération des chemins d'images
[20-Jan-2025 19:58:32 Europe/Paris] Images trouvées: 0
[20-Jan-2025 19:58:32 Europe/Paris] Suppression des entrées d'images en base
[20-Jan-2025 19:58:32 Europe/Paris] Images supprimées: 0
[20-Jan-2025 19:58:32 Europe/Paris] Récupération des fichiers GPX
[20-Jan-2025 19:58:32 Europe/Paris] Fichiers GPX trouvés: 0
[20-Jan-2025 19:58:32 Europe/Paris] Suppression des entrées de parcours en base
[20-Jan-2025 19:58:32 Europe/Paris] Parcours supprimés: 0
[20-Jan-2025 19:58:32 Europe/Paris] Suppression de l'événement
[20-Jan-2025 19:58:32 Europe/Paris] Événement supprimé: oui
[20-Jan-2025 19:58:32 Europe/Paris] Validation de la transaction
[20-Jan-2025 19:58:32 Europe/Paris] === Fin de la suppression d'événement ===
[20-Jan-2025 19:58:34 Europe/Paris] === Début de la suppression d'événement ===
[20-Jan-2025 19:58:34 Europe/Paris] Initialisation de la session
[20-Jan-2025 19:58:34 Europe/Paris] Session initialisée avec ID: 8gcbtc4tlhpao37u0284nkmdue
[20-Jan-2025 19:58:34 Europe/Paris] Session data: Array
(
    [user_id] => 50
    [user_email] => olivier@conrard.be
    [user_role] => admin
    [user] => Array
        (
            [id] => 50
            [email] => olivier@conrard.be
            [role] => admin
        )

)

[20-Jan-2025 19:58:34 Europe/Paris] Vérification de connexion
[20-Jan-2025 19:58:34 Europe/Paris] SESSION_ID: 8gcbtc4tlhpao37u0284nkmdue
[20-Jan-2025 19:58:34 Europe/Paris] SESSION: Array
(
    [user_id] => 50
    [user_email] => olivier@conrard.be
    [user_role] => admin
    [user] => Array
        (
            [id] => 50
            [email] => olivier@conrard.be
            [role] => admin
        )

)

[20-Jan-2025 19:58:34 Europe/Paris]  Récupération ID utilisateur: 50
[20-Jan-2025 19:58:34 Europe/Paris]  Accès autorisé - Utilisateur: 50
[20-Jan-2025 19:58:34 Europe/Paris]  Vérification admin: Admin
[20-Jan-2025 19:58:34 Europe/Paris] Données reçues: Array
(
    [event_id] => 59
)

[20-Jan-2025 19:58:34 Europe/Paris] ID de l'événement après filtrage: 59
[20-Jan-2025 19:58:34 Europe/Paris] Connexion à la base de données établie
[20-Jan-2025 19:58:34 Europe/Paris] Début de la transaction
[20-Jan-2025 19:58:34 Europe/Paris] Suppression des contacts
[20-Jan-2025 19:58:34 Europe/Paris] Contacts supprimés: 0
[20-Jan-2025 19:58:34 Europe/Paris] Récupération des chemins d'images
[20-Jan-2025 19:58:34 Europe/Paris] Images trouvées: 0
[20-Jan-2025 19:58:34 Europe/Paris] Suppression des entrées d'images en base
[20-Jan-2025 19:58:34 Europe/Paris] Images supprimées: 0
[20-Jan-2025 19:58:34 Europe/Paris] Récupération des fichiers GPX
[20-Jan-2025 19:58:34 Europe/Paris] Fichiers GPX trouvés: 0
[20-Jan-2025 19:58:34 Europe/Paris] Suppression des entrées de parcours en base
[20-Jan-2025 19:58:34 Europe/Paris] Parcours supprimés: 0
[20-Jan-2025 19:58:34 Europe/Paris] Suppression de l'événement
[20-Jan-2025 19:58:34 Europe/Paris] Événement supprimé: oui
[20-Jan-2025 19:58:34 Europe/Paris] Validation de la transaction
[20-Jan-2025 19:58:34 Europe/Paris] === Fin de la suppression d'événement ===
[20-Jan-2025 19:58:37 Europe/Paris] === Début de la suppression d'événement ===
[20-Jan-2025 19:58:37 Europe/Paris] Initialisation de la session
[20-Jan-2025 19:58:37 Europe/Paris] Session initialisée avec ID: 8gcbtc4tlhpao37u0284nkmdue
[20-Jan-2025 19:58:37 Europe/Paris] Session data: Array
(
    [user_id] => 50
    [user_email] => olivier@conrard.be
    [user_role] => admin
    [user] => Array
        (
            [id] => 50
            [email] => olivier@conrard.be
            [role] => admin
        )

)

[20-Jan-2025 19:58:37 Europe/Paris] Vérification de connexion
[20-Jan-2025 19:58:37 Europe/Paris] SESSION_ID: 8gcbtc4tlhpao37u0284nkmdue
[20-Jan-2025 19:58:37 Europe/Paris] SESSION: Array
(
    [user_id] => 50
    [user_email] => olivier@conrard.be
    [user_role] => admin
    [user] => Array
        (
            [id] => 50
            [email] => olivier@conrard.be
            [role] => admin
        )

)

[20-Jan-2025 19:58:37 Europe/Paris]  Récupération ID utilisateur: 50
[20-Jan-2025 19:58:37 Europe/Paris]  Accès autorisé - Utilisateur: 50
[20-Jan-2025 19:58:37 Europe/Paris]  Vérification admin: Admin
[20-Jan-2025 19:58:37 Europe/Paris] Données reçues: Array
(
    [event_id] => 52
)

[20-Jan-2025 19:58:37 Europe/Paris] ID de l'événement après filtrage: 52
[20-Jan-2025 19:58:37 Europe/Paris] Connexion à la base de données établie
[20-Jan-2025 19:58:37 Europe/Paris] Début de la transaction
[20-Jan-2025 19:58:37 Europe/Paris] Suppression des contacts
[20-Jan-2025 19:58:37 Europe/Paris] Contacts supprimés: 0
[20-Jan-2025 19:58:37 Europe/Paris] Récupération des chemins d'images
[20-Jan-2025 19:58:37 Europe/Paris] Images trouvées: 0
[20-Jan-2025 19:58:37 Europe/Paris] Suppression des entrées d'images en base
[20-Jan-2025 19:58:37 Europe/Paris] Images supprimées: 0
[20-Jan-2025 19:58:37 Europe/Paris] Récupération des fichiers GPX
[20-Jan-2025 19:58:37 Europe/Paris] Fichiers GPX trouvés: 0
[20-Jan-2025 19:58:37 Europe/Paris] Suppression des entrées de parcours en base
[20-Jan-2025 19:58:37 Europe/Paris] Parcours supprimés: 0
[20-Jan-2025 19:58:37 Europe/Paris] Suppression de l'événement
[20-Jan-2025 19:58:37 Europe/Paris] Événement supprimé: oui
[20-Jan-2025 19:58:37 Europe/Paris] Validation de la transaction
[20-Jan-2025 19:58:37 Europe/Paris] === Fin de la suppression d'événement ===
[20-Jan-2025 19:58:39 Europe/Paris] === Début de la suppression d'événement ===
[20-Jan-2025 19:58:39 Europe/Paris] Initialisation de la session
[20-Jan-2025 19:58:39 Europe/Paris] Session initialisée avec ID: 8gcbtc4tlhpao37u0284nkmdue
[20-Jan-2025 19:58:39 Europe/Paris] Session data: Array
(
    [user_id] => 50
    [user_email] => olivier@conrard.be
    [user_role] => admin
    [user] => Array
        (
            [id] => 50
            [email] => olivier@conrard.be
            [role] => admin
        )

)

[20-Jan-2025 19:58:39 Europe/Paris] Vérification de connexion
[20-Jan-2025 19:58:39 Europe/Paris] SESSION_ID: 8gcbtc4tlhpao37u0284nkmdue
[20-Jan-2025 19:58:39 Europe/Paris] SESSION: Array
(
    [user_id] => 50
    [user_email] => olivier@conrard.be
    [user_role] => admin
    [user] => Array
        (
            [id] => 50
            [email] => olivier@conrard.be
            [role] => admin
        )

)

[20-Jan-2025 19:58:39 Europe/Paris]  Récupération ID utilisateur: 50
[20-Jan-2025 19:58:39 Europe/Paris]  Accès autorisé - Utilisateur: 50
[20-Jan-2025 19:58:39 Europe/Paris]  Vérification admin: Admin
[20-Jan-2025 19:58:39 Europe/Paris] Données reçues: Array
(
    [event_id] => 49
)

[20-Jan-2025 19:58:39 Europe/Paris] ID de l'événement après filtrage: 49
[20-Jan-2025 19:58:39 Europe/Paris] Connexion à la base de données établie
[20-Jan-2025 19:58:39 Europe/Paris] Début de la transaction
[20-Jan-2025 19:58:39 Europe/Paris] Suppression des contacts
[20-Jan-2025 19:58:39 Europe/Paris] Contacts supprimés: 0
[20-Jan-2025 19:58:39 Europe/Paris] Récupération des chemins d'images
[20-Jan-2025 19:58:39 Europe/Paris] Images trouvées: 0
[20-Jan-2025 19:58:39 Europe/Paris] Suppression des entrées d'images en base
[20-Jan-2025 19:58:39 Europe/Paris] Images supprimées: 0
[20-Jan-2025 19:58:39 Europe/Paris] Récupération des fichiers GPX
[20-Jan-2025 19:58:39 Europe/Paris] Fichiers GPX trouvés: 0
[20-Jan-2025 19:58:39 Europe/Paris] Suppression des entrées de parcours en base
[20-Jan-2025 19:58:39 Europe/Paris] Parcours supprimés: 0
[20-Jan-2025 19:58:39 Europe/Paris] Suppression de l'événement
[20-Jan-2025 19:58:39 Europe/Paris] Événement supprimé: oui
[20-Jan-2025 19:58:39 Europe/Paris] Validation de la transaction
[20-Jan-2025 19:58:39 Europe/Paris] === Fin de la suppression d'événement ===
[20-Jan-2025 19:58:42 Europe/Paris] === Début de la suppression d'événement ===
[20-Jan-2025 19:58:42 Europe/Paris] Initialisation de la session
[20-Jan-2025 19:58:42 Europe/Paris] Session initialisée avec ID: 8gcbtc4tlhpao37u0284nkmdue
[20-Jan-2025 19:58:42 Europe/Paris] Session data: Array
(
    [user_id] => 50
    [user_email] => olivier@conrard.be
    [user_role] => admin
    [user] => Array
        (
            [id] => 50
            [email] => olivier@conrard.be
            [role] => admin
        )

)

[20-Jan-2025 19:58:42 Europe/Paris] Vérification de connexion
[20-Jan-2025 19:58:42 Europe/Paris] SESSION_ID: 8gcbtc4tlhpao37u0284nkmdue
[20-Jan-2025 19:58:42 Europe/Paris] SESSION: Array
(
    [user_id] => 50
    [user_email] => olivier@conrard.be
    [user_role] => admin
    [user] => Array
        (
            [id] => 50
            [email] => olivier@conrard.be
            [role] => admin
        )

)

[20-Jan-2025 19:58:42 Europe/Paris]  Récupération ID utilisateur: 50
[20-Jan-2025 19:58:42 Europe/Paris]  Accès autorisé - Utilisateur: 50
[20-Jan-2025 19:58:42 Europe/Paris]  Vérification admin: Admin
[20-Jan-2025 19:58:42 Europe/Paris] Données reçues: Array
(
    [event_id] => 45
)

[20-Jan-2025 19:58:42 Europe/Paris] ID de l'événement après filtrage: 45
[20-Jan-2025 19:58:42 Europe/Paris] Connexion à la base de données établie
[20-Jan-2025 19:58:42 Europe/Paris] Début de la transaction
[20-Jan-2025 19:58:42 Europe/Paris] Suppression des contacts
[20-Jan-2025 19:58:42 Europe/Paris] Contacts supprimés: 0
[20-Jan-2025 19:58:42 Europe/Paris] Récupération des chemins d'images
[20-Jan-2025 19:58:42 Europe/Paris] Images trouvées: 0
[20-Jan-2025 19:58:42 Europe/Paris] Suppression des entrées d'images en base
[20-Jan-2025 19:58:42 Europe/Paris] Images supprimées: 0
[20-Jan-2025 19:58:42 Europe/Paris] Récupération des fichiers GPX
[20-Jan-2025 19:58:42 Europe/Paris] Fichiers GPX trouvés: 0
[20-Jan-2025 19:58:42 Europe/Paris] Suppression des entrées de parcours en base
[20-Jan-2025 19:58:42 Europe/Paris] Parcours supprimés: 0
[20-Jan-2025 19:58:42 Europe/Paris] Suppression de l'événement
[20-Jan-2025 19:58:42 Europe/Paris] Événement supprimé: oui
[20-Jan-2025 19:58:42 Europe/Paris] Validation de la transaction
[20-Jan-2025 19:58:42 Europe/Paris] === Fin de la suppression d'événement ===
[20-Jan-2025 19:58:44 Europe/Paris] === Début de la suppression d'événement ===
[20-Jan-2025 19:58:44 Europe/Paris] Initialisation de la session
[20-Jan-2025 19:58:44 Europe/Paris] Session initialisée avec ID: 8gcbtc4tlhpao37u0284nkmdue
[20-Jan-2025 19:58:44 Europe/Paris] Session data: Array
(
    [user_id] => 50
    [user_email] => olivier@conrard.be
    [user_role] => admin
    [user] => Array
        (
            [id] => 50
            [email] => olivier@conrard.be
            [role] => admin
        )

)

[20-Jan-2025 19:58:44 Europe/Paris] Vérification de connexion
[20-Jan-2025 19:58:44 Europe/Paris] SESSION_ID: 8gcbtc4tlhpao37u0284nkmdue
[20-Jan-2025 19:58:44 Europe/Paris] SESSION: Array
(
    [user_id] => 50
    [user_email] => olivier@conrard.be
    [user_role] => admin
    [user] => Array
        (
            [id] => 50
            [email] => olivier@conrard.be
            [role] => admin
        )

)

[20-Jan-2025 19:58:44 Europe/Paris]  Récupération ID utilisateur: 50
[20-Jan-2025 19:58:44 Europe/Paris]  Accès autorisé - Utilisateur: 50
[20-Jan-2025 19:58:44 Europe/Paris]  Vérification admin: Admin
[20-Jan-2025 19:58:44 Europe/Paris] Données reçues: Array
(
    [event_id] => 44
)

[20-Jan-2025 19:58:44 Europe/Paris] ID de l'événement après filtrage: 44
[20-Jan-2025 19:58:44 Europe/Paris] Connexion à la base de données établie
[20-Jan-2025 19:58:44 Europe/Paris] Début de la transaction
[20-Jan-2025 19:58:44 Europe/Paris] Suppression des contacts
[20-Jan-2025 19:58:44 Europe/Paris] Contacts supprimés: 0
[20-Jan-2025 19:58:44 Europe/Paris] Récupération des chemins d'images
[20-Jan-2025 19:58:44 Europe/Paris] Images trouvées: 0
[20-Jan-2025 19:58:44 Europe/Paris] Suppression des entrées d'images en base
[20-Jan-2025 19:58:44 Europe/Paris] Images supprimées: 0
[20-Jan-2025 19:58:44 Europe/Paris] Récupération des fichiers GPX
[20-Jan-2025 19:58:44 Europe/Paris] Fichiers GPX trouvés: 0
[20-Jan-2025 19:58:44 Europe/Paris] Suppression des entrées de parcours en base
[20-Jan-2025 19:58:44 Europe/Paris] Parcours supprimés: 0
[20-Jan-2025 19:58:44 Europe/Paris] Suppression de l'événement
[20-Jan-2025 19:58:44 Europe/Paris] Événement supprimé: oui
[20-Jan-2025 19:58:44 Europe/Paris] Validation de la transaction
[20-Jan-2025 19:58:44 Europe/Paris] === Fin de la suppression d'événement ===
[20-Jan-2025 19:58:47 Europe/Paris] === Début de la suppression d'événement ===
[20-Jan-2025 19:58:47 Europe/Paris] Initialisation de la session
[20-Jan-2025 19:58:47 Europe/Paris] Session initialisée avec ID: 8gcbtc4tlhpao37u0284nkmdue
[20-Jan-2025 19:58:47 Europe/Paris] Session data: Array
(
    [user_id] => 50
    [user_email] => olivier@conrard.be
    [user_role] => admin
    [user] => Array
        (
            [id] => 50
            [email] => olivier@conrard.be
            [role] => admin
        )

)

[20-Jan-2025 19:58:47 Europe/Paris] Vérification de connexion
[20-Jan-2025 19:58:47 Europe/Paris] SESSION_ID: 8gcbtc4tlhpao37u0284nkmdue
[20-Jan-2025 19:58:47 Europe/Paris] SESSION: Array
(
    [user_id] => 50
    [user_email] => olivier@conrard.be
    [user_role] => admin
    [user] => Array
        (
            [id] => 50
            [email] => olivier@conrard.be
            [role] => admin
        )

)

[20-Jan-2025 19:58:47 Europe/Paris]  Récupération ID utilisateur: 50
[20-Jan-2025 19:58:47 Europe/Paris]  Accès autorisé - Utilisateur: 50
[20-Jan-2025 19:58:47 Europe/Paris]  Vérification admin: Admin
[20-Jan-2025 19:58:47 Europe/Paris] Données reçues: Array
(
    [event_id] => 33
)

[20-Jan-2025 19:58:47 Europe/Paris] ID de l'événement après filtrage: 33
[20-Jan-2025 19:58:47 Europe/Paris] Connexion à la base de données établie
[20-Jan-2025 19:58:47 Europe/Paris] Début de la transaction
[20-Jan-2025 19:58:47 Europe/Paris] Suppression des contacts
[20-Jan-2025 19:58:47 Europe/Paris] Contacts supprimés: 0
[20-Jan-2025 19:58:47 Europe/Paris] Récupération des chemins d'images
[20-Jan-2025 19:58:47 Europe/Paris] Images trouvées: 0
[20-Jan-2025 19:58:47 Europe/Paris] Suppression des entrées d'images en base
[20-Jan-2025 19:58:47 Europe/Paris] Images supprimées: 0
[20-Jan-2025 19:58:47 Europe/Paris] Récupération des fichiers GPX
[20-Jan-2025 19:58:47 Europe/Paris] Fichiers GPX trouvés: 0
[20-Jan-2025 19:58:47 Europe/Paris] Suppression des entrées de parcours en base
[20-Jan-2025 19:58:47 Europe/Paris] Parcours supprimés: 0
[20-Jan-2025 19:58:47 Europe/Paris] Suppression de l'événement
[20-Jan-2025 19:58:47 Europe/Paris] Événement supprimé: oui
[20-Jan-2025 19:58:47 Europe/Paris] Validation de la transaction
[20-Jan-2025 19:58:47 Europe/Paris] === Fin de la suppression d'événement ===
[20-Jan-2025 19:58:51 Europe/Paris] === Début de la suppression d'événement ===
[20-Jan-2025 19:58:51 Europe/Paris] Initialisation de la session
[20-Jan-2025 19:58:51 Europe/Paris] Session initialisée avec ID: 8gcbtc4tlhpao37u0284nkmdue
[20-Jan-2025 19:58:51 Europe/Paris] Session data: Array
(
    [user_id] => 50
    [user_email] => olivier@conrard.be
    [user_role] => admin
    [user] => Array
        (
            [id] => 50
            [email] => olivier@conrard.be
            [role] => admin
        )

)

[20-Jan-2025 19:58:51 Europe/Paris] Vérification de connexion
[20-Jan-2025 19:58:51 Europe/Paris] SESSION_ID: 8gcbtc4tlhpao37u0284nkmdue
[20-Jan-2025 19:58:51 Europe/Paris] SESSION: Array
(
    [user_id] => 50
    [user_email] => olivier@conrard.be
    [user_role] => admin
    [user] => Array
        (
            [id] => 50
            [email] => olivier@conrard.be
            [role] => admin
        )

)

[20-Jan-2025 19:58:51 Europe/Paris]  Récupération ID utilisateur: 50
[20-Jan-2025 19:58:51 Europe/Paris]  Accès autorisé - Utilisateur: 50
[20-Jan-2025 19:58:51 Europe/Paris]  Vérification admin: Admin
[20-Jan-2025 19:58:51 Europe/Paris] Données reçues: Array
(
    [event_id] => 13
)

[20-Jan-2025 19:58:51 Europe/Paris] ID de l'événement après filtrage: 13
[20-Jan-2025 19:58:51 Europe/Paris] Connexion à la base de données établie
[20-Jan-2025 19:58:51 Europe/Paris] Début de la transaction
[20-Jan-2025 19:58:51 Europe/Paris] Suppression des contacts
[20-Jan-2025 19:58:51 Europe/Paris] Contacts supprimés: 0
[20-Jan-2025 19:58:51 Europe/Paris] Récupération des chemins d'images
[20-Jan-2025 19:58:51 Europe/Paris] Images trouvées: 0
[20-Jan-2025 19:58:51 Europe/Paris] Suppression des entrées d'images en base
[20-Jan-2025 19:58:51 Europe/Paris] Images supprimées: 0
[20-Jan-2025 19:58:51 Europe/Paris] Récupération des fichiers GPX
[20-Jan-2025 19:58:51 Europe/Paris] Fichiers GPX trouvés: 0
[20-Jan-2025 19:58:51 Europe/Paris] Suppression des entrées de parcours en base
[20-Jan-2025 19:58:51 Europe/Paris] Parcours supprimés: 0
[20-Jan-2025 19:58:51 Europe/Paris] Suppression de l'événement
[20-Jan-2025 19:58:51 Europe/Paris] Événement supprimé: oui
[20-Jan-2025 19:58:51 Europe/Paris] Validation de la transaction
[20-Jan-2025 19:58:51 Europe/Paris] === Fin de la suppression d'événement ===
[20-Jan-2025 19:58:54 Europe/Paris] === Début de la suppression d'événement ===
[20-Jan-2025 19:58:54 Europe/Paris] Initialisation de la session
[20-Jan-2025 19:58:54 Europe/Paris] Session initialisée avec ID: 8gcbtc4tlhpao37u0284nkmdue
[20-Jan-2025 19:58:54 Europe/Paris] Session data: Array
(
    [user_id] => 50
    [user_email] => olivier@conrard.be
    [user_role] => admin
    [user] => Array
        (
            [id] => 50
            [email] => olivier@conrard.be
            [role] => admin
        )

)

[20-Jan-2025 19:58:54 Europe/Paris] Vérification de connexion
[20-Jan-2025 19:58:54 Europe/Paris] SESSION_ID: 8gcbtc4tlhpao37u0284nkmdue
[20-Jan-2025 19:58:54 Europe/Paris] SESSION: Array
(
    [user_id] => 50
    [user_email] => olivier@conrard.be
    [user_role] => admin
    [user] => Array
        (
            [id] => 50
            [email] => olivier@conrard.be
            [role] => admin
        )

)

[20-Jan-2025 19:58:54 Europe/Paris]  Récupération ID utilisateur: 50
[20-Jan-2025 19:58:54 Europe/Paris]  Accès autorisé - Utilisateur: 50
[20-Jan-2025 19:58:54 Europe/Paris]  Vérification admin: Admin
[20-Jan-2025 19:58:54 Europe/Paris] Données reçues: Array
(
    [event_id] => 8
)

[20-Jan-2025 19:58:54 Europe/Paris] ID de l'événement après filtrage: 8
[20-Jan-2025 19:58:54 Europe/Paris] Connexion à la base de données établie
[20-Jan-2025 19:58:54 Europe/Paris] Début de la transaction
[20-Jan-2025 19:58:54 Europe/Paris] Suppression des contacts
[20-Jan-2025 19:58:54 Europe/Paris] Contacts supprimés: 0
[20-Jan-2025 19:58:54 Europe/Paris] Récupération des chemins d'images
[20-Jan-2025 19:58:54 Europe/Paris] Images trouvées: 0
[20-Jan-2025 19:58:54 Europe/Paris] Suppression des entrées d'images en base
[20-Jan-2025 19:58:54 Europe/Paris] Images supprimées: 0
[20-Jan-2025 19:58:54 Europe/Paris] Récupération des fichiers GPX
[20-Jan-2025 19:58:54 Europe/Paris] Fichiers GPX trouvés: 0
[20-Jan-2025 19:58:54 Europe/Paris] Suppression des entrées de parcours en base
[20-Jan-2025 19:58:54 Europe/Paris] Parcours supprimés: 0
[20-Jan-2025 19:58:54 Europe/Paris] Suppression de l'événement
[20-Jan-2025 19:58:54 Europe/Paris] Événement supprimé: oui
[20-Jan-2025 19:58:54 Europe/Paris] Validation de la transaction
[20-Jan-2025 19:58:54 Europe/Paris] === Fin de la suppression d'événement ===
[20-Jan-2025 19:58:57 Europe/Paris] === Début de la suppression d'événement ===
[20-Jan-2025 19:58:57 Europe/Paris] Initialisation de la session
[20-Jan-2025 19:58:57 Europe/Paris] Session initialisée avec ID: 8gcbtc4tlhpao37u0284nkmdue
[20-Jan-2025 19:58:57 Europe/Paris] Session data: Array
(
    [user_id] => 50
    [user_email] => olivier@conrard.be
    [user_role] => admin
    [user] => Array
        (
            [id] => 50
            [email] => olivier@conrard.be
            [role] => admin
        )

)

[20-Jan-2025 19:58:57 Europe/Paris] Vérification de connexion
[20-Jan-2025 19:58:57 Europe/Paris] SESSION_ID: 8gcbtc4tlhpao37u0284nkmdue
[20-Jan-2025 19:58:57 Europe/Paris] SESSION: Array
(
    [user_id] => 50
    [user_email] => olivier@conrard.be
    [user_role] => admin
    [user] => Array
        (
            [id] => 50
            [email] => olivier@conrard.be
            [role] => admin
        )

)

[20-Jan-2025 19:58:57 Europe/Paris]  Récupération ID utilisateur: 50
[20-Jan-2025 19:58:57 Europe/Paris]  Accès autorisé - Utilisateur: 50
[20-Jan-2025 19:58:57 Europe/Paris]  Vérification admin: Admin
[20-Jan-2025 19:58:57 Europe/Paris] Données reçues: Array
(
    [event_id] => 7
)

[20-Jan-2025 19:58:57 Europe/Paris] ID de l'événement après filtrage: 7
[20-Jan-2025 19:58:57 Europe/Paris] Connexion à la base de données établie
[20-Jan-2025 19:58:57 Europe/Paris] Début de la transaction
[20-Jan-2025 19:58:57 Europe/Paris] Suppression des contacts
[20-Jan-2025 19:58:57 Europe/Paris] Contacts supprimés: 0
[20-Jan-2025 19:58:57 Europe/Paris] Récupération des chemins d'images
[20-Jan-2025 19:58:57 Europe/Paris] Images trouvées: 0
[20-Jan-2025 19:58:57 Europe/Paris] Suppression des entrées d'images en base
[20-Jan-2025 19:58:57 Europe/Paris] Images supprimées: 0
[20-Jan-2025 19:58:57 Europe/Paris] Récupération des fichiers GPX
[20-Jan-2025 19:58:57 Europe/Paris] Fichiers GPX trouvés: 0
[20-Jan-2025 19:58:57 Europe/Paris] Suppression des entrées de parcours en base
[20-Jan-2025 19:58:57 Europe/Paris] Parcours supprimés: 0
[20-Jan-2025 19:58:57 Europe/Paris] Suppression de l'événement
[20-Jan-2025 19:58:57 Europe/Paris] Événement supprimé: oui
[20-Jan-2025 19:58:57 Europe/Paris] Validation de la transaction
[20-Jan-2025 19:58:57 Europe/Paris] === Fin de la suppression d'événement ===
[20-Jan-2025 19:58:59 Europe/Paris] === Début de la suppression d'événement ===
[20-Jan-2025 19:58:59 Europe/Paris] Initialisation de la session
[20-Jan-2025 19:58:59 Europe/Paris] Session initialisée avec ID: 8gcbtc4tlhpao37u0284nkmdue
[20-Jan-2025 19:58:59 Europe/Paris] Session data: Array
(
    [user_id] => 50
    [user_email] => olivier@conrard.be
    [user_role] => admin
    [user] => Array
        (
            [id] => 50
            [email] => olivier@conrard.be
            [role] => admin
        )

)

[20-Jan-2025 19:58:59 Europe/Paris] Vérification de connexion
[20-Jan-2025 19:58:59 Europe/Paris] SESSION_ID: 8gcbtc4tlhpao37u0284nkmdue
[20-Jan-2025 19:58:59 Europe/Paris] SESSION: Array
(
    [user_id] => 50
    [user_email] => olivier@conrard.be
    [user_role] => admin
    [user] => Array
        (
            [id] => 50
            [email] => olivier@conrard.be
            [role] => admin
        )

)

[20-Jan-2025 19:58:59 Europe/Paris]  Récupération ID utilisateur: 50
[20-Jan-2025 19:58:59 Europe/Paris]  Accès autorisé - Utilisateur: 50
[20-Jan-2025 19:58:59 Europe/Paris]  Vérification admin: Admin
[20-Jan-2025 19:58:59 Europe/Paris] Données reçues: Array
(
    [event_id] => 6
)

[20-Jan-2025 19:58:59 Europe/Paris] ID de l'événement après filtrage: 6
[20-Jan-2025 19:58:59 Europe/Paris] Connexion à la base de données établie
[20-Jan-2025 19:58:59 Europe/Paris] Début de la transaction
[20-Jan-2025 19:58:59 Europe/Paris] Suppression des contacts
[20-Jan-2025 19:58:59 Europe/Paris] Contacts supprimés: 0
[20-Jan-2025 19:58:59 Europe/Paris] Récupération des chemins d'images
[20-Jan-2025 19:58:59 Europe/Paris] Images trouvées: 0
[20-Jan-2025 19:58:59 Europe/Paris] Suppression des entrées d'images en base
[20-Jan-2025 19:58:59 Europe/Paris] Images supprimées: 0
[20-Jan-2025 19:58:59 Europe/Paris] Récupération des fichiers GPX
[20-Jan-2025 19:58:59 Europe/Paris] Fichiers GPX trouvés: 0
[20-Jan-2025 19:58:59 Europe/Paris] Suppression des entrées de parcours en base
[20-Jan-2025 19:58:59 Europe/Paris] Parcours supprimés: 0
[20-Jan-2025 19:58:59 Europe/Paris] Suppression de l'événement
[20-Jan-2025 19:58:59 Europe/Paris] Événement supprimé: oui
[20-Jan-2025 19:58:59 Europe/Paris] Validation de la transaction
[20-Jan-2025 19:58:59 Europe/Paris] === Fin de la suppression d'événement ===
[20-Jan-2025 19:59:03 Europe/Paris] === Début de la suppression d'événement ===
[20-Jan-2025 19:59:03 Europe/Paris] Initialisation de la session
[20-Jan-2025 19:59:03 Europe/Paris] Session initialisée avec ID: 8gcbtc4tlhpao37u0284nkmdue
[20-Jan-2025 19:59:03 Europe/Paris] Session data: Array
(
    [user_id] => 50
    [user_email] => olivier@conrard.be
    [user_role] => admin
    [user] => Array
        (
            [id] => 50
            [email] => olivier@conrard.be
            [role] => admin
        )

)

[20-Jan-2025 19:59:03 Europe/Paris] Vérification de connexion
[20-Jan-2025 19:59:03 Europe/Paris] SESSION_ID: 8gcbtc4tlhpao37u0284nkmdue
[20-Jan-2025 19:59:03 Europe/Paris] SESSION: Array
(
    [user_id] => 50
    [user_email] => olivier@conrard.be
    [user_role] => admin
    [user] => Array
        (
            [id] => 50
            [email] => olivier@conrard.be
            [role] => admin
        )

)

[20-Jan-2025 19:59:03 Europe/Paris]  Récupération ID utilisateur: 50
[20-Jan-2025 19:59:03 Europe/Paris]  Accès autorisé - Utilisateur: 50
[20-Jan-2025 19:59:03 Europe/Paris]  Vérification admin: Admin
[20-Jan-2025 19:59:03 Europe/Paris] Données reçues: Array
(
    [event_id] => 10
)

[20-Jan-2025 19:59:03 Europe/Paris] ID de l'événement après filtrage: 10
[20-Jan-2025 19:59:03 Europe/Paris] Connexion à la base de données établie
[20-Jan-2025 19:59:03 Europe/Paris] Début de la transaction
[20-Jan-2025 19:59:03 Europe/Paris] Suppression des contacts
[20-Jan-2025 19:59:03 Europe/Paris] Contacts supprimés: 0
[20-Jan-2025 19:59:03 Europe/Paris] Récupération des chemins d'images
[20-Jan-2025 19:59:03 Europe/Paris] Images trouvées: 0
[20-Jan-2025 19:59:03 Europe/Paris] Suppression des entrées d'images en base
[20-Jan-2025 19:59:03 Europe/Paris] Images supprimées: 0
[20-Jan-2025 19:59:03 Europe/Paris] Récupération des fichiers GPX
[20-Jan-2025 19:59:03 Europe/Paris] Fichiers GPX trouvés: 0
[20-Jan-2025 19:59:03 Europe/Paris] Suppression des entrées de parcours en base
[20-Jan-2025 19:59:03 Europe/Paris] Parcours supprimés: 0
[20-Jan-2025 19:59:03 Europe/Paris] Suppression de l'événement
[20-Jan-2025 19:59:03 Europe/Paris] Événement supprimé: oui
[20-Jan-2025 19:59:03 Europe/Paris] Validation de la transaction
[20-Jan-2025 19:59:03 Europe/Paris] === Fin de la suppression d'événement ===
[20-Jan-2025 20:02:56 Europe/Paris] === Début de la suppression d'événement ===
[20-Jan-2025 20:02:56 Europe/Paris] Initialisation de la session
[20-Jan-2025 20:02:56 Europe/Paris] Session initialisée avec ID: 8gcbtc4tlhpao37u0284nkmdue
[20-Jan-2025 20:02:56 Europe/Paris] Session data: Array
(
    [user_id] => 50
    [user_email] => olivier@conrard.be
    [user_role] => admin
    [user] => Array
        (
            [id] => 50
            [email] => olivier@conrard.be
            [role] => admin
        )

)

[20-Jan-2025 20:02:56 Europe/Paris] Vérification de connexion
[20-Jan-2025 20:02:56 Europe/Paris] SESSION_ID: 8gcbtc4tlhpao37u0284nkmdue
[20-Jan-2025 20:02:56 Europe/Paris] SESSION: Array
(
    [user_id] => 50
    [user_email] => olivier@conrard.be
    [user_role] => admin
    [user] => Array
        (
            [id] => 50
            [email] => olivier@conrard.be
            [role] => admin
        )

)

[20-Jan-2025 20:02:56 Europe/Paris]  Récupération ID utilisateur: 50
[20-Jan-2025 20:02:56 Europe/Paris]  Accès autorisé - Utilisateur: 50
[20-Jan-2025 20:02:56 Europe/Paris]  Vérification admin: Admin
[20-Jan-2025 20:02:56 Europe/Paris] Données reçues: Array
(
    [event_id] => 11
)

[20-Jan-2025 20:02:56 Europe/Paris] ID de l'événement après filtrage: 11
[20-Jan-2025 20:02:56 Europe/Paris] Connexion à la base de données établie
[20-Jan-2025 20:02:56 Europe/Paris] Début de la transaction
[20-Jan-2025 20:02:56 Europe/Paris] Suppression des contacts
[20-Jan-2025 20:02:56 Europe/Paris] Contacts supprimés: 0
[20-Jan-2025 20:02:56 Europe/Paris] Récupération des chemins d'images
[20-Jan-2025 20:02:56 Europe/Paris] Images trouvées: 0
[20-Jan-2025 20:02:56 Europe/Paris] Suppression des entrées d'images en base
[20-Jan-2025 20:02:56 Europe/Paris] Images supprimées: 0
[20-Jan-2025 20:02:56 Europe/Paris] Récupération des fichiers GPX
[20-Jan-2025 20:02:56 Europe/Paris] Fichiers GPX trouvés: 0
[20-Jan-2025 20:02:56 Europe/Paris] Suppression des entrées de parcours en base
[20-Jan-2025 20:02:56 Europe/Paris] Parcours supprimés: 0
[20-Jan-2025 20:02:56 Europe/Paris] Suppression de l'événement
[20-Jan-2025 20:02:56 Europe/Paris] Événement supprimé: oui
[20-Jan-2025 20:02:56 Europe/Paris] Validation de la transaction
[20-Jan-2025 20:02:56 Europe/Paris] === Fin de la suppression d'événement ===
[20-Jan-2025 20:03:05 Europe/Paris] === Début de la suppression d'événement ===
[20-Jan-2025 20:03:05 Europe/Paris] Initialisation de la session
[20-Jan-2025 20:03:05 Europe/Paris] Session initialisée avec ID: 8gcbtc4tlhpao37u0284nkmdue
[20-Jan-2025 20:03:05 Europe/Paris] Session data: Array
(
    [user_id] => 50
    [user_email] => olivier@conrard.be
    [user_role] => admin
    [user] => Array
        (
            [id] => 50
            [email] => olivier@conrard.be
            [role] => admin
        )

)

[20-Jan-2025 20:03:05 Europe/Paris] Vérification de connexion
[20-Jan-2025 20:03:05 Europe/Paris] SESSION_ID: 8gcbtc4tlhpao37u0284nkmdue
[20-Jan-2025 20:03:05 Europe/Paris] SESSION: Array
(
    [user_id] => 50
    [user_email] => olivier@conrard.be
    [user_role] => admin
    [user] => Array
        (
            [id] => 50
            [email] => olivier@conrard.be
            [role] => admin
        )

)

[20-Jan-2025 20:03:05 Europe/Paris]  Récupération ID utilisateur: 50
[20-Jan-2025 20:03:05 Europe/Paris]  Accès autorisé - Utilisateur: 50
[20-Jan-2025 20:03:05 Europe/Paris]  Vérification admin: Admin
[20-Jan-2025 20:03:05 Europe/Paris] Données reçues: Array
(
    [event_id] => 2
)

[20-Jan-2025 20:03:05 Europe/Paris] ID de l'événement après filtrage: 2
[20-Jan-2025 20:03:05 Europe/Paris] Connexion à la base de données établie
[20-Jan-2025 20:03:05 Europe/Paris] Début de la transaction
[20-Jan-2025 20:03:05 Europe/Paris] Suppression des contacts
[20-Jan-2025 20:03:05 Europe/Paris] Contacts supprimés: 1
[20-Jan-2025 20:03:05 Europe/Paris] Récupération des chemins d'images
[20-Jan-2025 20:03:05 Europe/Paris] Images trouvées: 0
[20-Jan-2025 20:03:05 Europe/Paris] Suppression des entrées d'images en base
[20-Jan-2025 20:03:05 Europe/Paris] Images supprimées: 0
[20-Jan-2025 20:03:05 Europe/Paris] Récupération des fichiers GPX
[20-Jan-2025 20:03:05 Europe/Paris] Fichiers GPX trouvés: 0
[20-Jan-2025 20:03:05 Europe/Paris] Suppression des entrées de parcours en base
[20-Jan-2025 20:03:05 Europe/Paris] Parcours supprimés: 0
[20-Jan-2025 20:03:05 Europe/Paris] Suppression de l'événement
[20-Jan-2025 20:03:05 Europe/Paris] Événement supprimé: oui
[20-Jan-2025 20:03:05 Europe/Paris] Validation de la transaction
[20-Jan-2025 20:03:05 Europe/Paris] === Fin de la suppression d'événement ===
[20-Jan-2025 20:03:15 Europe/Paris] === Début de la suppression d'événement ===
[20-Jan-2025 20:03:15 Europe/Paris] Initialisation de la session
[20-Jan-2025 20:03:15 Europe/Paris] Session initialisée avec ID: 8gcbtc4tlhpao37u0284nkmdue
[20-Jan-2025 20:03:15 Europe/Paris] Session data: Array
(
    [user_id] => 50
    [user_email] => olivier@conrard.be
    [user_role] => admin
    [user] => Array
        (
            [id] => 50
            [email] => olivier@conrard.be
            [role] => admin
        )

)

[20-Jan-2025 20:03:15 Europe/Paris] Vérification de connexion
[20-Jan-2025 20:03:15 Europe/Paris] SESSION_ID: 8gcbtc4tlhpao37u0284nkmdue
[20-Jan-2025 20:03:15 Europe/Paris] SESSION: Array
(
    [user_id] => 50
    [user_email] => olivier@conrard.be
    [user_role] => admin
    [user] => Array
        (
            [id] => 50
            [email] => olivier@conrard.be
            [role] => admin
        )

)

[20-Jan-2025 20:03:15 Europe/Paris]  Récupération ID utilisateur: 50
[20-Jan-2025 20:03:15 Europe/Paris]  Accès autorisé - Utilisateur: 50
[20-Jan-2025 20:03:15 Europe/Paris]  Vérification admin: Admin
[20-Jan-2025 20:03:15 Europe/Paris] Données reçues: Array
(
    [event_id] => 4
)

[20-Jan-2025 20:03:15 Europe/Paris] ID de l'événement après filtrage: 4
[20-Jan-2025 20:03:15 Europe/Paris] Connexion à la base de données établie
[20-Jan-2025 20:03:15 Europe/Paris] Début de la transaction
[20-Jan-2025 20:03:15 Europe/Paris] Suppression des contacts
[20-Jan-2025 20:03:15 Europe/Paris] Contacts supprimés: 0
[20-Jan-2025 20:03:15 Europe/Paris] Récupération des chemins d'images
[20-Jan-2025 20:03:15 Europe/Paris] Images trouvées: 0
[20-Jan-2025 20:03:15 Europe/Paris] Suppression des entrées d'images en base
[20-Jan-2025 20:03:15 Europe/Paris] Images supprimées: 0
[20-Jan-2025 20:03:15 Europe/Paris] Récupération des fichiers GPX
[20-Jan-2025 20:03:15 Europe/Paris] Fichiers GPX trouvés: 0
[20-Jan-2025 20:03:15 Europe/Paris] Suppression des entrées de parcours en base
[20-Jan-2025 20:03:15 Europe/Paris] Parcours supprimés: 0
[20-Jan-2025 20:03:15 Europe/Paris] Suppression de l'événement
[20-Jan-2025 20:03:15 Europe/Paris] Événement supprimé: oui
[20-Jan-2025 20:03:15 Europe/Paris] Validation de la transaction
[20-Jan-2025 20:03:15 Europe/Paris] === Fin de la suppression d'événement ===
[20-Jan-2025 20:05:34 Europe/Paris] === Début de la suppression d'événement ===
[20-Jan-2025 20:05:34 Europe/Paris] Initialisation de la session
[20-Jan-2025 20:05:34 Europe/Paris] Session initialisée avec ID: 8gcbtc4tlhpao37u0284nkmdue
[20-Jan-2025 20:05:34 Europe/Paris] Session data: Array
(
    [user_id] => 50
    [user_email] => olivier@conrard.be
    [user_role] => admin
    [user] => Array
        (
            [id] => 50
            [email] => olivier@conrard.be
            [role] => admin
        )

)

[20-Jan-2025 20:05:34 Europe/Paris] Vérification de connexion
[20-Jan-2025 20:05:34 Europe/Paris] SESSION_ID: 8gcbtc4tlhpao37u0284nkmdue
[20-Jan-2025 20:05:34 Europe/Paris] SESSION: Array
(
    [user_id] => 50
    [user_email] => olivier@conrard.be
    [user_role] => admin
    [user] => Array
        (
            [id] => 50
            [email] => olivier@conrard.be
            [role] => admin
        )

)

[20-Jan-2025 20:05:34 Europe/Paris]  Récupération ID utilisateur: 50
[20-Jan-2025 20:05:34 Europe/Paris]  Accès autorisé - Utilisateur: 50
[20-Jan-2025 20:05:34 Europe/Paris]  Vérification admin: Admin
[20-Jan-2025 20:05:34 Europe/Paris] Données reçues: Array
(
    [event_id] => 5
)

[20-Jan-2025 20:05:34 Europe/Paris] ID de l'événement après filtrage: 5
[20-Jan-2025 20:05:34 Europe/Paris] Connexion à la base de données établie
[20-Jan-2025 20:05:34 Europe/Paris] Début de la transaction
[20-Jan-2025 20:05:34 Europe/Paris] Suppression des contacts
[20-Jan-2025 20:05:34 Europe/Paris] Contacts supprimés: 0
[20-Jan-2025 20:05:34 Europe/Paris] Récupération des chemins d'images
[20-Jan-2025 20:05:34 Europe/Paris] Images trouvées: 0
[20-Jan-2025 20:05:34 Europe/Paris] Suppression des entrées d'images en base
[20-Jan-2025 20:05:34 Europe/Paris] Images supprimées: 0
[20-Jan-2025 20:05:34 Europe/Paris] Récupération des fichiers GPX
[20-Jan-2025 20:05:34 Europe/Paris] Fichiers GPX trouvés: 0
[20-Jan-2025 20:05:34 Europe/Paris] Suppression des entrées de parcours en base
[20-Jan-2025 20:05:34 Europe/Paris] Parcours supprimés: 0
[20-Jan-2025 20:05:34 Europe/Paris] Suppression de l'événement
[20-Jan-2025 20:05:34 Europe/Paris] Événement supprimé: oui
[20-Jan-2025 20:05:34 Europe/Paris] Validation de la transaction
[20-Jan-2025 20:05:34 Europe/Paris] === Fin de la suppression d'événement ===
[20-Jan-2025 20:05:39 Europe/Paris] === Début de la suppression d'événement ===
[20-Jan-2025 20:05:39 Europe/Paris] Initialisation de la session
[20-Jan-2025 20:05:39 Europe/Paris] Session initialisée avec ID: 8gcbtc4tlhpao37u0284nkmdue
[20-Jan-2025 20:05:39 Europe/Paris] Session data: Array
(
    [user_id] => 50
    [user_email] => olivier@conrard.be
    [user_role] => admin
    [user] => Array
        (
            [id] => 50
            [email] => olivier@conrard.be
            [role] => admin
        )

)

[20-Jan-2025 20:05:39 Europe/Paris] Vérification de connexion
[20-Jan-2025 20:05:39 Europe/Paris] SESSION_ID: 8gcbtc4tlhpao37u0284nkmdue
[20-Jan-2025 20:05:39 Europe/Paris] SESSION: Array
(
    [user_id] => 50
    [user_email] => olivier@conrard.be
    [user_role] => admin
    [user] => Array
        (
            [id] => 50
            [email] => olivier@conrard.be
            [role] => admin
        )

)

[20-Jan-2025 20:05:39 Europe/Paris]  Récupération ID utilisateur: 50
[20-Jan-2025 20:05:39 Europe/Paris]  Accès autorisé - Utilisateur: 50
[20-Jan-2025 20:05:39 Europe/Paris]  Vérification admin: Admin
[20-Jan-2025 20:05:39 Europe/Paris] Données reçues: Array
(
    [event_id] => 31
)

[20-Jan-2025 20:05:39 Europe/Paris] ID de l'événement après filtrage: 31
[20-Jan-2025 20:05:39 Europe/Paris] Connexion à la base de données établie
[20-Jan-2025 20:05:39 Europe/Paris] Début de la transaction
[20-Jan-2025 20:05:39 Europe/Paris] Suppression des contacts
[20-Jan-2025 20:05:39 Europe/Paris] Contacts supprimés: 0
[20-Jan-2025 20:05:39 Europe/Paris] Récupération des chemins d'images
[20-Jan-2025 20:05:39 Europe/Paris] Images trouvées: 0
[20-Jan-2025 20:05:39 Europe/Paris] Suppression des entrées d'images en base
[20-Jan-2025 20:05:39 Europe/Paris] Images supprimées: 0
[20-Jan-2025 20:05:39 Europe/Paris] Récupération des fichiers GPX
[20-Jan-2025 20:05:39 Europe/Paris] Fichiers GPX trouvés: 1
[20-Jan-2025 20:05:39 Europe/Paris] Suppression des entrées de parcours en base
[20-Jan-2025 20:05:39 Europe/Paris] Parcours supprimés: 1
[20-Jan-2025 20:05:39 Europe/Paris] Suppression de l'événement
[20-Jan-2025 20:05:39 Europe/Paris] Événement supprimé: oui
[20-Jan-2025 20:05:39 Europe/Paris] Validation de la transaction
[20-Jan-2025 20:05:39 Europe/Paris] === Fin de la suppression d'événement ===
[02-Sep-2026 19:18:15 UTC] === Début de la suppression d'événement ===
[02-Sep-2026 19:18:15 UTC] Initialisation de la session
[02-Sep-2026 19:18:15 UTC] Session initialisée avec ID: 32917d489505907923d73c9e65ecc284
[02-Sep-2026 19:18:15 UTC] Session data: Array
(
    [csrf_token] => 12390aefcf55fe1e65fc54fd033779c8afa7463145491df13324bce101a78157
    [rate_limit_login] => Array
        (
            [count] => 2
            [first] => 1788282677
        )

    [user_id] => 3
    [user_email] => Olivier@conrard.be
    [user_role] => user
    [user] => Array
        (
            [id] => 3
            [email] => Olivier@conrard.be
            [role] => user
        )

)

[02-Sep-2026 19:18:15 UTC] Vérification de connexion
[02-Sep-2026 19:18:15 UTC] SESSION_ID: 32917d489505907923d73c9e65ecc284
[02-Sep-2026 19:18:15 UTC] SESSION: Array
(
    [csrf_token] => 12390aefcf55fe1e65fc54fd033779c8afa7463145491df13324bce101a78157
    [rate_limit_login] => Array
        (
            [count] => 2
            [first] => 1788282677
        )

    [user_id] => 3
    [user_email] => Olivier@conrard.be
    [user_role] => user
    [user] => Array
        (
            [id] => 3
            [email] => Olivier@conrard.be
            [role] => user
        )

)

[02-Sep-2026 19:18:15 UTC]  Récupération ID utilisateur: 3
[02-Sep-2026 19:18:15 UTC]  Accès autorisé - Utilisateur: 3
[02-Sep-2026 19:18:15 UTC]  Vérification admin: Non admin
[02-Sep-2026 19:18:15 UTC] Tentative d'accès non autorisé
[02-Sep-2026 20:42:12 UTC] === Début de la suppression d'événement ===
[02-Sep-2026 20:42:12 UTC] Initialisation de la session
[02-Sep-2026 20:42:12 UTC] Session initialisée avec ID: d71e359ba918447e4e97512d1759a7f0
[02-Sep-2026 20:42:12 UTC] Session data: Array
(
    [csrf_token] => 760437d9ae5bbfc5a416254c12a299b0ae44beb5a15b30a47d0996aef9378dfb
    [rate_limit_login] => Array
        (
            [count] => 1
            [first] => 1788379320
        )

    [user_id] => 6
    [user_email] => admin@partageonslaforet.local
    [user_role] => admin
    [user] => Array
        (
            [id] => 6
            [email] => admin@partageonslaforet.local
            [role] => admin
        )

)

[02-Sep-2026 20:42:12 UTC] Vérification de connexion
[02-Sep-2026 20:42:12 UTC] SESSION_ID: d71e359ba918447e4e97512d1759a7f0
[02-Sep-2026 20:42:12 UTC] SESSION: Array
(
    [csrf_token] => 760437d9ae5bbfc5a416254c12a299b0ae44beb5a15b30a47d0996aef9378dfb
    [rate_limit_login] => Array
        (
            [count] => 1
            [first] => 1788379320
        )

    [user_id] => 6
    [user_email] => admin@partageonslaforet.local
    [user_role] => admin
    [user] => Array
        (
            [id] => 6
            [email] => admin@partageonslaforet.local
            [role] => admin
        )

)

[02-Sep-2026 20:42:12 UTC]  Récupération ID utilisateur: 6
[02-Sep-2026 20:42:12 UTC]  Accès autorisé - Utilisateur: 6
[02-Sep-2026 20:42:12 UTC]  Vérification admin: Admin
[02-Sep-2026 20:42:12 UTC] Données reçues: Array
(
    [event_id] => 3
)

[02-Sep-2026 20:42:12 UTC] ID de l'événement après filtrage: 3
[02-Sep-2026 22:42:12 Europe/Brussels] Connexion à la base de données réussie (cool5792_sports_events)
[02-Sep-2026 22:42:12 Europe/Brussels] Connexion à la base de données établie
[02-Sep-2026 22:42:12 Europe/Brussels] Début de la transaction
[02-Sep-2026 22:42:12 Europe/Brussels] Suppression des contacts
[02-Sep-2026 22:42:12 Europe/Brussels] Contacts supprimés: 0
[02-Sep-2026 22:42:12 Europe/Brussels] Récupération des chemins d'images
[02-Sep-2026 22:42:12 Europe/Brussels] Images trouvées: 1
[02-Sep-2026 22:42:12 Europe/Brussels] Suppression des entrées d'images en base
[02-Sep-2026 22:42:12 Europe/Brussels] Images supprimées: 1
[02-Sep-2026 22:42:12 Europe/Brussels] Récupération des fichiers GPX
[02-Sep-2026 22:42:12 Europe/Brussels] Fichiers GPX trouvés: 1
[02-Sep-2026 22:42:12 Europe/Brussels] Suppression des entrées de parcours en base
[02-Sep-2026 22:42:12 Europe/Brussels] Parcours supprimés: 1
[02-Sep-2026 22:42:12 Europe/Brussels] Suppression de l'événement
[02-Sep-2026 22:42:12 Europe/Brussels] Événement supprimé: oui
[02-Sep-2026 22:42:12 Europe/Brussels] Validation de la transaction
[02-Sep-2026 22:42:12 Europe/Brussels] === Fin de la suppression d'événement ===
[02-Sep-2026 20:42:16 UTC] === Début de la suppression d'événement ===
[02-Sep-2026 20:42:16 UTC] Initialisation de la session
[02-Sep-2026 20:42:16 UTC] Session initialisée avec ID: d71e359ba918447e4e97512d1759a7f0
[02-Sep-2026 20:42:16 UTC] Session data: Array
(
    [csrf_token] => 760437d9ae5bbfc5a416254c12a299b0ae44beb5a15b30a47d0996aef9378dfb
    [rate_limit_login] => Array
        (
            [count] => 1
            [first] => 1788379320
        )

    [user_id] => 6
    [user_email] => admin@partageonslaforet.local
    [user_role] => admin
    [user] => Array
        (
            [id] => 6
            [email] => admin@partageonslaforet.local
            [role] => admin
        )

)

[02-Sep-2026 20:42:16 UTC] Vérification de connexion
[02-Sep-2026 20:42:16 UTC] SESSION_ID: d71e359ba918447e4e97512d1759a7f0
[02-Sep-2026 20:42:16 UTC] SESSION: Array
(
    [csrf_token] => 760437d9ae5bbfc5a416254c12a299b0ae44beb5a15b30a47d0996aef9378dfb
    [rate_limit_login] => Array
        (
            [count] => 1
            [first] => 1788379320
        )

    [user_id] => 6
    [user_email] => admin@partageonslaforet.local
    [user_role] => admin
    [user] => Array
        (
            [id] => 6
            [email] => admin@partageonslaforet.local
            [role] => admin
        )

)

[02-Sep-2026 20:42:16 UTC]  Récupération ID utilisateur: 6
[02-Sep-2026 20:42:16 UTC]  Accès autorisé - Utilisateur: 6
[02-Sep-2026 20:42:16 UTC]  Vérification admin: Admin
[02-Sep-2026 20:42:16 UTC] Données reçues: Array
(
    [event_id] => 1
)

[02-Sep-2026 20:42:16 UTC] ID de l'événement après filtrage: 1
[02-Sep-2026 22:42:16 Europe/Brussels] Connexion à la base de données réussie (cool5792_sports_events)
[02-Sep-2026 22:42:16 Europe/Brussels] Connexion à la base de données établie
[02-Sep-2026 22:42:16 Europe/Brussels] Début de la transaction
[02-Sep-2026 22:42:16 Europe/Brussels] Suppression des contacts
[02-Sep-2026 22:42:16 Europe/Brussels] Contacts supprimés: 0
[02-Sep-2026 22:42:16 Europe/Brussels] Récupération des chemins d'images
[02-Sep-2026 22:42:16 Europe/Brussels] Images trouvées: 1
[02-Sep-2026 22:42:16 Europe/Brussels] Suppression des entrées d'images en base
[02-Sep-2026 22:42:16 Europe/Brussels] Images supprimées: 1
[02-Sep-2026 22:42:16 Europe/Brussels] Récupération des fichiers GPX
[02-Sep-2026 22:42:16 Europe/Brussels] Fichiers GPX trouvés: 1
[02-Sep-2026 22:42:16 Europe/Brussels] Suppression des entrées de parcours en base
[02-Sep-2026 22:42:16 Europe/Brussels] Parcours supprimés: 1
[02-Sep-2026 22:42:16 Europe/Brussels] Suppression de l'événement
[02-Sep-2026 22:42:16 Europe/Brussels] Événement supprimé: oui
[02-Sep-2026 22:42:16 Europe/Brussels] Validation de la transaction
[02-Sep-2026 22:42:16 Europe/Brussels] === Fin de la suppression d'événement ===
[02-Sep-2026 20:42:19 UTC] === Début de la suppression d'événement ===
[02-Sep-2026 20:42:19 UTC] Initialisation de la session
[02-Sep-2026 20:42:19 UTC] Session initialisée avec ID: d71e359ba918447e4e97512d1759a7f0
[02-Sep-2026 20:42:19 UTC] Session data: Array
(
    [csrf_token] => 760437d9ae5bbfc5a416254c12a299b0ae44beb5a15b30a47d0996aef9378dfb
    [rate_limit_login] => Array
        (
            [count] => 1
            [first] => 1788379320
        )

    [user_id] => 6
    [user_email] => admin@partageonslaforet.local
    [user_role] => admin
    [user] => Array
        (
            [id] => 6
            [email] => admin@partageonslaforet.local
            [role] => admin
        )

)

[02-Sep-2026 20:42:19 UTC] Vérification de connexion
[02-Sep-2026 20:42:19 UTC] SESSION_ID: d71e359ba918447e4e97512d1759a7f0
[02-Sep-2026 20:42:19 UTC] SESSION: Array
(
    [csrf_token] => 760437d9ae5bbfc5a416254c12a299b0ae44beb5a15b30a47d0996aef9378dfb
    [rate_limit_login] => Array
        (
            [count] => 1
            [first] => 1788379320
        )

    [user_id] => 6
    [user_email] => admin@partageonslaforet.local
    [user_role] => admin
    [user] => Array
        (
            [id] => 6
            [email] => admin@partageonslaforet.local
            [role] => admin
        )

)

[02-Sep-2026 20:42:19 UTC]  Récupération ID utilisateur: 6
[02-Sep-2026 20:42:19 UTC]  Accès autorisé - Utilisateur: 6
[02-Sep-2026 20:42:19 UTC]  Vérification admin: Admin
[02-Sep-2026 20:42:19 UTC] Données reçues: Array
(
    [event_id] => 2
)

[02-Sep-2026 20:42:19 UTC] ID de l'événement après filtrage: 2
[02-Sep-2026 22:42:19 Europe/Brussels] Connexion à la base de données réussie (cool5792_sports_events)
[02-Sep-2026 22:42:19 Europe/Brussels] Connexion à la base de données établie
[02-Sep-2026 22:42:19 Europe/Brussels] Début de la transaction
[02-Sep-2026 22:42:19 Europe/Brussels] Suppression des contacts
[02-Sep-2026 22:42:19 Europe/Brussels] Contacts supprimés: 0
[02-Sep-2026 22:42:19 Europe/Brussels] Récupération des chemins d'images
[02-Sep-2026 22:42:19 Europe/Brussels] Images trouvées: 1
[02-Sep-2026 22:42:19 Europe/Brussels] Suppression des entrées d'images en base
[02-Sep-2026 22:42:19 Europe/Brussels] Images supprimées: 1
[02-Sep-2026 22:42:19 Europe/Brussels] Récupération des fichiers GPX
[02-Sep-2026 22:42:19 Europe/Brussels] Fichiers GPX trouvés: 1
[02-Sep-2026 22:42:19 Europe/Brussels] Suppression des entrées de parcours en base
[02-Sep-2026 22:42:19 Europe/Brussels] Parcours supprimés: 1
[02-Sep-2026 22:42:19 Europe/Brussels] Suppression de l'événement
[02-Sep-2026 22:42:19 Europe/Brussels] Événement supprimé: oui
[02-Sep-2026 22:42:19 Europe/Brussels] Validation de la transaction
[02-Sep-2026 22:42:19 Europe/Brussels] === Fin de la suppression d'événement ===
[02-Sep-2026 22:44:38 UTC] === Début de la suppression d'événement ===
[02-Sep-2026 22:44:38 UTC] Initialisation de la session
[02-Sep-2026 22:44:38 UTC] Session initialisée avec ID: 0a058d9c853e10f6774f4eb5edc104fa
[02-Sep-2026 22:44:38 UTC] Session data: Array
(
    [csrf_token] => 2fdb3f90c596c564f67a2c482b17c90617a7d6722b35845e2c125234f0958f7d
    [rate_limit_login] => Array
        (
            [count] => 1
            [first] => 1788384650
        )

    [user_id] => 6
    [user_email] => admin@partageonslaforet.local
    [user_role] => admin
    [user] => Array
        (
            [id] => 6
            [email] => admin@partageonslaforet.local
            [role] => admin
        )

)

[02-Sep-2026 22:44:38 UTC] Vérification de connexion
[02-Sep-2026 22:44:38 UTC] SESSION_ID: 0a058d9c853e10f6774f4eb5edc104fa
[02-Sep-2026 22:44:38 UTC] SESSION: Array
(
    [csrf_token] => 2fdb3f90c596c564f67a2c482b17c90617a7d6722b35845e2c125234f0958f7d
    [rate_limit_login] => Array
        (
            [count] => 1
            [first] => 1788384650
        )

    [user_id] => 6
    [user_email] => admin@partageonslaforet.local
    [user_role] => admin
    [user] => Array
        (
            [id] => 6
            [email] => admin@partageonslaforet.local
            [role] => admin
        )

)

[02-Sep-2026 22:44:38 UTC]  Récupération ID utilisateur: 6
[02-Sep-2026 22:44:38 UTC]  Accès autorisé - Utilisateur: 6
[02-Sep-2026 22:44:38 UTC]  Vérification admin: Admin
[02-Sep-2026 22:44:38 UTC] Données reçues: Array
(
    [event_id] => 12
)

[02-Sep-2026 22:44:38 UTC] ID de l'événement après filtrage: 12
[03-Sep-2026 00:44:38 Europe/Brussels] Connexion à la base de données réussie (cool5792_sports_events)
[03-Sep-2026 00:44:38 Europe/Brussels] Connexion à la base de données établie
[03-Sep-2026 00:44:38 Europe/Brussels] Début de la transaction
[03-Sep-2026 00:44:38 Europe/Brussels] Suppression des contacts
[03-Sep-2026 00:44:38 Europe/Brussels] Contacts supprimés: 0
[03-Sep-2026 00:44:38 Europe/Brussels] Récupération des chemins d'images
[03-Sep-2026 00:44:38 Europe/Brussels] Images trouvées: 1
[03-Sep-2026 00:44:38 Europe/Brussels] Suppression des entrées d'images en base
[03-Sep-2026 00:44:38 Europe/Brussels] Images supprimées: 1
[03-Sep-2026 00:44:38 Europe/Brussels] Récupération des fichiers GPX
[03-Sep-2026 00:44:38 Europe/Brussels] Fichiers GPX trouvés: 0
[03-Sep-2026 00:44:38 Europe/Brussels] Suppression des entrées de parcours en base
[03-Sep-2026 00:44:38 Europe/Brussels] Parcours supprimés: 0
[03-Sep-2026 00:44:38 Europe/Brussels] Suppression de l'événement
[03-Sep-2026 00:44:38 Europe/Brussels] Événement supprimé: oui
[03-Sep-2026 00:44:38 Europe/Brussels] Validation de la transaction
[03-Sep-2026 00:44:38 Europe/Brussels] === Fin de la suppression d'événement ===
[02-Sep-2026 22:44:50 UTC] === Début de la suppression d'événement ===
[02-Sep-2026 22:44:50 UTC] Initialisation de la session
[02-Sep-2026 22:44:50 UTC] Session initialisée avec ID: 0a058d9c853e10f6774f4eb5edc104fa
[02-Sep-2026 22:44:50 UTC] Session data: Array
(
    [csrf_token] => 2fdb3f90c596c564f67a2c482b17c90617a7d6722b35845e2c125234f0958f7d
    [rate_limit_login] => Array
        (
            [count] => 1
            [first] => 1788384650
        )

    [user_id] => 6
    [user_email] => admin@partageonslaforet.local
    [user_role] => admin
    [user] => Array
        (
            [id] => 6
            [email] => admin@partageonslaforet.local
            [role] => admin
        )

)

[02-Sep-2026 22:44:50 UTC] Vérification de connexion
[02-Sep-2026 22:44:50 UTC] SESSION_ID: 0a058d9c853e10f6774f4eb5edc104fa
[02-Sep-2026 22:44:50 UTC] SESSION: Array
(
    [csrf_token] => 2fdb3f90c596c564f67a2c482b17c90617a7d6722b35845e2c125234f0958f7d
    [rate_limit_login] => Array
        (
            [count] => 1
            [first] => 1788384650
        )

    [user_id] => 6
    [user_email] => admin@partageonslaforet.local
    [user_role] => admin
    [user] => Array
        (
            [id] => 6
            [email] => admin@partageonslaforet.local
            [role] => admin
        )

)

[02-Sep-2026 22:44:50 UTC]  Récupération ID utilisateur: 6
[02-Sep-2026 22:44:50 UTC]  Accès autorisé - Utilisateur: 6
[02-Sep-2026 22:44:50 UTC]  Vérification admin: Admin
[02-Sep-2026 22:44:50 UTC] Données reçues: Array
(
    [event_id] => 11
)

[02-Sep-2026 22:44:50 UTC] ID de l'événement après filtrage: 11
[03-Sep-2026 00:44:50 Europe/Brussels] Connexion à la base de données réussie (cool5792_sports_events)
[03-Sep-2026 00:44:50 Europe/Brussels] Connexion à la base de données établie
[03-Sep-2026 00:44:50 Europe/Brussels] Début de la transaction
[03-Sep-2026 00:44:50 Europe/Brussels] Suppression des contacts
[03-Sep-2026 00:44:50 Europe/Brussels] Contacts supprimés: 0
[03-Sep-2026 00:44:50 Europe/Brussels] Récupération des chemins d'images
[03-Sep-2026 00:44:50 Europe/Brussels] Images trouvées: 0
[03-Sep-2026 00:44:50 Europe/Brussels] Suppression des entrées d'images en base
[03-Sep-2026 00:44:50 Europe/Brussels] Images supprimées: 0
[03-Sep-2026 00:44:50 Europe/Brussels] Récupération des fichiers GPX
[03-Sep-2026 00:44:50 Europe/Brussels] Fichiers GPX trouvés: 1
[03-Sep-2026 00:44:50 Europe/Brussels] Suppression des entrées de parcours en base
[03-Sep-2026 00:44:50 Europe/Brussels] Parcours supprimés: 1
[03-Sep-2026 00:44:50 Europe/Brussels] Suppression de l'événement
[03-Sep-2026 00:44:50 Europe/Brussels] Événement supprimé: oui
[03-Sep-2026 00:44:50 Europe/Brussels] Validation de la transaction
[03-Sep-2026 00:44:50 Europe/Brussels] === Fin de la suppression d'événement ===
[02-Sep-2026 23:30:47 UTC] === Début de la suppression d'événement ===
[02-Sep-2026 23:30:47 UTC] Initialisation de la session
[02-Sep-2026 23:30:47 UTC] Session initialisée avec ID: 0a058d9c853e10f6774f4eb5edc104fa
[02-Sep-2026 23:30:47 UTC] Session data: Array
(
    [csrf_token] => 2fdb3f90c596c564f67a2c482b17c90617a7d6722b35845e2c125234f0958f7d
    [rate_limit_login] => Array
        (
            [count] => 1
            [first] => 1788384650
        )

    [user_id] => 6
    [user_email] => admin@partageonslaforet.local
    [user_role] => admin
    [user] => Array
        (
            [id] => 6
            [email] => admin@partageonslaforet.local
            [role] => admin
        )

)

[02-Sep-2026 23:30:47 UTC] Vérification de connexion
[02-Sep-2026 23:30:47 UTC] SESSION_ID: 0a058d9c853e10f6774f4eb5edc104fa
[02-Sep-2026 23:30:47 UTC] SESSION: Array
(
    [csrf_token] => 2fdb3f90c596c564f67a2c482b17c90617a7d6722b35845e2c125234f0958f7d
    [rate_limit_login] => Array
        (
            [count] => 1
            [first] => 1788384650
        )

    [user_id] => 6
    [user_email] => admin@partageonslaforet.local
    [user_role] => admin
    [user] => Array
        (
            [id] => 6
            [email] => admin@partageonslaforet.local
            [role] => admin
        )

)

[02-Sep-2026 23:30:47 UTC]  Récupération ID utilisateur: 6
[02-Sep-2026 23:30:47 UTC]  Accès autorisé - Utilisateur: 6
[02-Sep-2026 23:30:47 UTC]  Vérification admin: Admin
[02-Sep-2026 23:30:47 UTC] Données reçues: Array
(
    [event_id] => 8
)

[02-Sep-2026 23:30:47 UTC] ID de l'événement après filtrage: 8
[03-Sep-2026 01:30:47 Europe/Brussels] Connexion à la base de données réussie (cool5792_sports_events)
[03-Sep-2026 01:30:47 Europe/Brussels] Connexion à la base de données établie
[03-Sep-2026 01:30:47 Europe/Brussels] Début de la transaction
[03-Sep-2026 01:30:47 Europe/Brussels] Suppression des contacts
[03-Sep-2026 01:30:47 Europe/Brussels] Contacts supprimés: 0
[03-Sep-2026 01:30:47 Europe/Brussels] Récupération des chemins d'images
[03-Sep-2026 01:30:47 Europe/Brussels] Images trouvées: 0
[03-Sep-2026 01:30:47 Europe/Brussels] Suppression des entrées d'images en base
[03-Sep-2026 01:30:47 Europe/Brussels] Images supprimées: 0
[03-Sep-2026 01:30:47 Europe/Brussels] Récupération des fichiers GPX
[03-Sep-2026 01:30:47 Europe/Brussels] Fichiers GPX trouvés: 1
[03-Sep-2026 01:30:47 Europe/Brussels] Suppression des entrées de parcours en base
[03-Sep-2026 01:30:47 Europe/Brussels] Parcours supprimés: 1
[03-Sep-2026 01:30:47 Europe/Brussels] Suppression de l'événement
[03-Sep-2026 01:30:47 Europe/Brussels] Événement supprimé: oui
[03-Sep-2026 01:30:47 Europe/Brussels] Validation de la transaction
[03-Sep-2026 01:30:47 Europe/Brussels] === Fin de la suppression d'événement ===
[03-Sep-2026 13:16:54 UTC] === Début de la suppression d'événement ===
[03-Sep-2026 13:16:54 UTC] Initialisation de la session
[03-Sep-2026 13:16:54 UTC] Session initialisée avec ID: a2fac55660e4d005bbc47ea7a4e132bf
[03-Sep-2026 13:16:54 UTC] Session data: Array
(
    [csrf_token] => 6433203d2b5f0a1637972da680d813f6c15d12a263e76dad4617799569aa1aae
    [rate_limit_login] => Array
        (
            [count] => 1
            [first] => 1788441397
        )

    [user_id] => 6
    [user_email] => admin@partageonslaforet.local
    [user_role] => admin
    [user] => Array
        (
            [id] => 6
            [email] => admin@partageonslaforet.local
            [role] => admin
        )

)

[03-Sep-2026 13:16:54 UTC] Vérification de connexion
[03-Sep-2026 13:16:54 UTC] SESSION_ID: a2fac55660e4d005bbc47ea7a4e132bf
[03-Sep-2026 13:16:54 UTC] SESSION: Array
(
    [csrf_token] => 6433203d2b5f0a1637972da680d813f6c15d12a263e76dad4617799569aa1aae
    [rate_limit_login] => Array
        (
            [count] => 1
            [first] => 1788441397
        )

    [user_id] => 6
    [user_email] => admin@partageonslaforet.local
    [user_role] => admin
    [user] => Array
        (
            [id] => 6
            [email] => admin@partageonslaforet.local
            [role] => admin
        )

)

[03-Sep-2026 13:16:54 UTC]  Récupération ID utilisateur: 6
[03-Sep-2026 13:16:54 UTC]  Accès autorisé - Utilisateur: 6
[03-Sep-2026 13:16:54 UTC]  Vérification admin: Admin
[03-Sep-2026 13:16:54 UTC] Données reçues: Array
(
    [event_id] => 19
)

[03-Sep-2026 13:16:54 UTC] ID de l'événement après filtrage: 19
[03-Sep-2026 15:16:54 Europe/Brussels] Connexion à la base de données réussie (cool5792_sports_events)
[03-Sep-2026 15:16:54 Europe/Brussels] Connexion à la base de données établie
[03-Sep-2026 15:16:54 Europe/Brussels] Début de la transaction
[03-Sep-2026 15:16:54 Europe/Brussels] Suppression des contacts
[03-Sep-2026 15:16:54 Europe/Brussels] Contacts supprimés: 0
[03-Sep-2026 15:16:54 Europe/Brussels] Récupération des chemins d'images
[03-Sep-2026 15:16:54 Europe/Brussels] Images trouvées: 1
[03-Sep-2026 15:16:54 Europe/Brussels] Suppression des entrées d'images en base
[03-Sep-2026 15:16:54 Europe/Brussels] Images supprimées: 1
[03-Sep-2026 15:16:54 Europe/Brussels] Récupération des fichiers GPX
[03-Sep-2026 15:16:54 Europe/Brussels] Fichiers GPX trouvés: 0
[03-Sep-2026 15:16:54 Europe/Brussels] Suppression des entrées de parcours en base
[03-Sep-2026 15:16:54 Europe/Brussels] Parcours supprimés: 0
[03-Sep-2026 15:16:54 Europe/Brussels] Suppression de l'événement
[03-Sep-2026 15:16:54 Europe/Brussels] Événement supprimé: oui
[03-Sep-2026 15:16:54 Europe/Brussels] Validation de la transaction
[03-Sep-2026 15:16:54 Europe/Brussels] === Fin de la suppression d'événement ===
[03-Sep-2026 13:16:57 UTC] === Début de la suppression d'événement ===
[03-Sep-2026 13:16:57 UTC] Initialisation de la session
[03-Sep-2026 13:16:57 UTC] Session initialisée avec ID: a2fac55660e4d005bbc47ea7a4e132bf
[03-Sep-2026 13:16:57 UTC] Session data: Array
(
    [csrf_token] => 6433203d2b5f0a1637972da680d813f6c15d12a263e76dad4617799569aa1aae
    [rate_limit_login] => Array
        (
            [count] => 1
            [first] => 1788441397
        )

    [user_id] => 6
    [user_email] => admin@partageonslaforet.local
    [user_role] => admin
    [user] => Array
        (
            [id] => 6
            [email] => admin@partageonslaforet.local
            [role] => admin
        )

)

[03-Sep-2026 13:16:57 UTC] Vérification de connexion
[03-Sep-2026 13:16:57 UTC] SESSION_ID: a2fac55660e4d005bbc47ea7a4e132bf
[03-Sep-2026 13:16:57 UTC] SESSION: Array
(
    [csrf_token] => 6433203d2b5f0a1637972da680d813f6c15d12a263e76dad4617799569aa1aae
    [rate_limit_login] => Array
        (
            [count] => 1
            [first] => 1788441397
        )

    [user_id] => 6
    [user_email] => admin@partageonslaforet.local
    [user_role] => admin
    [user] => Array
        (
            [id] => 6
            [email] => admin@partageonslaforet.local
            [role] => admin
        )

)

[03-Sep-2026 13:16:57 UTC]  Récupération ID utilisateur: 6
[03-Sep-2026 13:16:57 UTC]  Accès autorisé - Utilisateur: 6
[03-Sep-2026 13:16:57 UTC]  Vérification admin: Admin
[03-Sep-2026 13:16:57 UTC] Données reçues: Array
(
    [event_id] => 18
)

[03-Sep-2026 13:16:57 UTC] ID de l'événement après filtrage: 18
[03-Sep-2026 15:16:57 Europe/Brussels] Connexion à la base de données réussie (cool5792_sports_events)
[03-Sep-2026 15:16:57 Europe/Brussels] Connexion à la base de données établie
[03-Sep-2026 15:16:57 Europe/Brussels] Début de la transaction
[03-Sep-2026 15:16:57 Europe/Brussels] Suppression des contacts
[03-Sep-2026 15:16:57 Europe/Brussels] Contacts supprimés: 0
[03-Sep-2026 15:16:57 Europe/Brussels] Récupération des chemins d'images
[03-Sep-2026 15:16:57 Europe/Brussels] Images trouvées: 1
[03-Sep-2026 15:16:57 Europe/Brussels] Suppression des entrées d'images en base
[03-Sep-2026 15:16:57 Europe/Brussels] Images supprimées: 1
[03-Sep-2026 15:16:57 Europe/Brussels] Récupération des fichiers GPX
[03-Sep-2026 15:16:57 Europe/Brussels] Fichiers GPX trouvés: 0
[03-Sep-2026 15:16:57 Europe/Brussels] Suppression des entrées de parcours en base
[03-Sep-2026 15:16:57 Europe/Brussels] Parcours supprimés: 0
[03-Sep-2026 15:16:57 Europe/Brussels] Suppression de l'événement
[03-Sep-2026 15:16:57 Europe/Brussels] Événement supprimé: oui
[03-Sep-2026 15:16:57 Europe/Brussels] Validation de la transaction
[03-Sep-2026 15:16:57 Europe/Brussels] === Fin de la suppression d'événement ===
[03-Sep-2026 13:17:02 UTC] === Début de la suppression d'événement ===
[03-Sep-2026 13:17:02 UTC] Initialisation de la session
[03-Sep-2026 13:17:02 UTC] Session initialisée avec ID: a2fac55660e4d005bbc47ea7a4e132bf
[03-Sep-2026 13:17:02 UTC] Session data: Array
(
    [csrf_token] => 6433203d2b5f0a1637972da680d813f6c15d12a263e76dad4617799569aa1aae
    [rate_limit_login] => Array
        (
            [count] => 1
            [first] => 1788441397
        )

    [user_id] => 6
    [user_email] => admin@partageonslaforet.local
    [user_role] => admin
    [user] => Array
        (
            [id] => 6
            [email] => admin@partageonslaforet.local
            [role] => admin
        )

)

[03-Sep-2026 13:17:02 UTC] Vérification de connexion
[03-Sep-2026 13:17:02 UTC] SESSION_ID: a2fac55660e4d005bbc47ea7a4e132bf
[03-Sep-2026 13:17:02 UTC] SESSION: Array
(
    [csrf_token] => 6433203d2b5f0a1637972da680d813f6c15d12a263e76dad4617799569aa1aae
    [rate_limit_login] => Array
        (
            [count] => 1
            [first] => 1788441397
        )

    [user_id] => 6
    [user_email] => admin@partageonslaforet.local
    [user_role] => admin
    [user] => Array
        (
            [id] => 6
            [email] => admin@partageonslaforet.local
            [role] => admin
        )

)

[03-Sep-2026 13:17:02 UTC]  Récupération ID utilisateur: 6
[03-Sep-2026 13:17:02 UTC]  Accès autorisé - Utilisateur: 6
[03-Sep-2026 13:17:02 UTC]  Vérification admin: Admin
[03-Sep-2026 13:17:02 UTC] Données reçues: Array
(
    [event_id] => 16
)

[03-Sep-2026 13:17:02 UTC] ID de l'événement après filtrage: 16
[03-Sep-2026 15:17:02 Europe/Brussels] Connexion à la base de données réussie (cool5792_sports_events)
[03-Sep-2026 15:17:02 Europe/Brussels] Connexion à la base de données établie
[03-Sep-2026 15:17:02 Europe/Brussels] Début de la transaction
[03-Sep-2026 15:17:02 Europe/Brussels] Suppression des contacts
[03-Sep-2026 15:17:02 Europe/Brussels] Contacts supprimés: 0
[03-Sep-2026 15:17:02 Europe/Brussels] Récupération des chemins d'images
[03-Sep-2026 15:17:02 Europe/Brussels] Images trouvées: 1
[03-Sep-2026 15:17:02 Europe/Brussels] Suppression des entrées d'images en base
[03-Sep-2026 15:17:02 Europe/Brussels] Images supprimées: 1
[03-Sep-2026 15:17:02 Europe/Brussels] Récupération des fichiers GPX
[03-Sep-2026 15:17:02 Europe/Brussels] Fichiers GPX trouvés: 0
[03-Sep-2026 15:17:02 Europe/Brussels] Suppression des entrées de parcours en base
[03-Sep-2026 15:17:02 Europe/Brussels] Parcours supprimés: 0
[03-Sep-2026 15:17:02 Europe/Brussels] Suppression de l'événement
[03-Sep-2026 15:17:02 Europe/Brussels] Événement supprimé: oui
[03-Sep-2026 15:17:02 Europe/Brussels] Validation de la transaction
[03-Sep-2026 15:17:02 Europe/Brussels] === Fin de la suppression d'événement ===
[03-Sep-2026 13:17:05 UTC] === Début de la suppression d'événement ===
[03-Sep-2026 13:17:05 UTC] Initialisation de la session
[03-Sep-2026 13:17:05 UTC] Session initialisée avec ID: a2fac55660e4d005bbc47ea7a4e132bf
[03-Sep-2026 13:17:05 UTC] Session data: Array
(
    [csrf_token] => 6433203d2b5f0a1637972da680d813f6c15d12a263e76dad4617799569aa1aae
    [rate_limit_login] => Array
        (
            [count] => 1
            [first] => 1788441397
        )

    [user_id] => 6
    [user_email] => admin@partageonslaforet.local
    [user_role] => admin
    [user] => Array
        (
            [id] => 6
            [email] => admin@partageonslaforet.local
            [role] => admin
        )

)

[03-Sep-2026 13:17:05 UTC] Vérification de connexion
[03-Sep-2026 13:17:05 UTC] SESSION_ID: a2fac55660e4d005bbc47ea7a4e132bf
[03-Sep-2026 13:17:05 UTC] SESSION: Array
(
    [csrf_token] => 6433203d2b5f0a1637972da680d813f6c15d12a263e76dad4617799569aa1aae
    [rate_limit_login] => Array
        (
            [count] => 1
            [first] => 1788441397
        )

    [user_id] => 6
    [user_email] => admin@partageonslaforet.local
    [user_role] => admin
    [user] => Array
        (
            [id] => 6
            [email] => admin@partageonslaforet.local
            [role] => admin
        )

)

[03-Sep-2026 13:17:05 UTC]  Récupération ID utilisateur: 6
[03-Sep-2026 13:17:05 UTC]  Accès autorisé - Utilisateur: 6
[03-Sep-2026 13:17:05 UTC]  Vérification admin: Admin
[03-Sep-2026 13:17:05 UTC] Données reçues: Array
(
    [event_id] => 17
)

[03-Sep-2026 13:17:05 UTC] ID de l'événement après filtrage: 17
[03-Sep-2026 15:17:05 Europe/Brussels] Connexion à la base de données réussie (cool5792_sports_events)
[03-Sep-2026 15:17:05 Europe/Brussels] Connexion à la base de données établie
[03-Sep-2026 15:17:05 Europe/Brussels] Début de la transaction
[03-Sep-2026 15:17:05 Europe/Brussels] Suppression des contacts
[03-Sep-2026 15:17:05 Europe/Brussels] Contacts supprimés: 0
[03-Sep-2026 15:17:05 Europe/Brussels] Récupération des chemins d'images
[03-Sep-2026 15:17:05 Europe/Brussels] Images trouvées: 0
[03-Sep-2026 15:17:05 Europe/Brussels] Suppression des entrées d'images en base
[03-Sep-2026 15:17:05 Europe/Brussels] Images supprimées: 0
[03-Sep-2026 15:17:05 Europe/Brussels] Récupération des fichiers GPX
[03-Sep-2026 15:17:05 Europe/Brussels] Fichiers GPX trouvés: 0
[03-Sep-2026 15:17:05 Europe/Brussels] Suppression des entrées de parcours en base
[03-Sep-2026 15:17:05 Europe/Brussels] Parcours supprimés: 0
[03-Sep-2026 15:17:05 Europe/Brussels] Suppression de l'événement
[03-Sep-2026 15:17:05 Europe/Brussels] Événement supprimé: oui
[03-Sep-2026 15:17:05 Europe/Brussels] Validation de la transaction
[03-Sep-2026 15:17:05 Europe/Brussels] === Fin de la suppression d'événement ===
[03-Sep-2026 13:17:09 UTC] === Début de la suppression d'événement ===
[03-Sep-2026 13:17:09 UTC] Initialisation de la session
[03-Sep-2026 13:17:09 UTC] Session initialisée avec ID: a2fac55660e4d005bbc47ea7a4e132bf
[03-Sep-2026 13:17:09 UTC] Session data: Array
(
    [csrf_token] => 6433203d2b5f0a1637972da680d813f6c15d12a263e76dad4617799569aa1aae
    [rate_limit_login] => Array
        (
            [count] => 1
            [first] => 1788441397
        )

    [user_id] => 6
    [user_email] => admin@partageonslaforet.local
    [user_role] => admin
    [user] => Array
        (
            [id] => 6
            [email] => admin@partageonslaforet.local
            [role] => admin
        )

)

[03-Sep-2026 13:17:09 UTC] Vérification de connexion
[03-Sep-2026 13:17:09 UTC] SESSION_ID: a2fac55660e4d005bbc47ea7a4e132bf
[03-Sep-2026 13:17:09 UTC] SESSION: Array
(
    [csrf_token] => 6433203d2b5f0a1637972da680d813f6c15d12a263e76dad4617799569aa1aae
    [rate_limit_login] => Array
        (
            [count] => 1
            [first] => 1788441397
        )

    [user_id] => 6
    [user_email] => admin@partageonslaforet.local
    [user_role] => admin
    [user] => Array
        (
            [id] => 6
            [email] => admin@partageonslaforet.local
            [role] => admin
        )

)

[03-Sep-2026 13:17:09 UTC]  Récupération ID utilisateur: 6
[03-Sep-2026 13:17:09 UTC]  Accès autorisé - Utilisateur: 6
[03-Sep-2026 13:17:09 UTC]  Vérification admin: Admin
[03-Sep-2026 13:17:09 UTC] Données reçues: Array
(
    [event_id] => 14
)

[03-Sep-2026 13:17:09 UTC] ID de l'événement après filtrage: 14
[03-Sep-2026 15:17:09 Europe/Brussels] Connexion à la base de données réussie (cool5792_sports_events)
[03-Sep-2026 15:17:09 Europe/Brussels] Connexion à la base de données établie
[03-Sep-2026 15:17:09 Europe/Brussels] Début de la transaction
[03-Sep-2026 15:17:09 Europe/Brussels] Suppression des contacts
[03-Sep-2026 15:17:09 Europe/Brussels] Contacts supprimés: 0
[03-Sep-2026 15:17:09 Europe/Brussels] Récupération des chemins d'images
[03-Sep-2026 15:17:09 Europe/Brussels] Images trouvées: 0
[03-Sep-2026 15:17:09 Europe/Brussels] Suppression des entrées d'images en base
[03-Sep-2026 15:17:09 Europe/Brussels] Images supprimées: 0
[03-Sep-2026 15:17:09 Europe/Brussels] Récupération des fichiers GPX
[03-Sep-2026 15:17:09 Europe/Brussels] Fichiers GPX trouvés: 0
[03-Sep-2026 15:17:09 Europe/Brussels] Suppression des entrées de parcours en base
[03-Sep-2026 15:17:09 Europe/Brussels] Parcours supprimés: 0
[03-Sep-2026 15:17:09 Europe/Brussels] Suppression de l'événement
[03-Sep-2026 15:17:09 Europe/Brussels] Événement supprimé: oui
[03-Sep-2026 15:17:09 Europe/Brussels] Validation de la transaction
[03-Sep-2026 15:17:09 Europe/Brussels] === Fin de la suppression d'événement ===
[03-Sep-2026 13:17:24 UTC] === Début de la suppression d'événement ===
[03-Sep-2026 13:17:24 UTC] Initialisation de la session
[03-Sep-2026 13:17:24 UTC] Session initialisée avec ID: a2fac55660e4d005bbc47ea7a4e132bf
[03-Sep-2026 13:17:24 UTC] Session data: Array
(
    [csrf_token] => 6433203d2b5f0a1637972da680d813f6c15d12a263e76dad4617799569aa1aae
    [rate_limit_login] => Array
        (
            [count] => 1
            [first] => 1788441397
        )

    [user_id] => 6
    [user_email] => admin@partageonslaforet.local
    [user_role] => admin
    [user] => Array
        (
            [id] => 6
            [email] => admin@partageonslaforet.local
            [role] => admin
        )

)

[03-Sep-2026 13:17:24 UTC] Vérification de connexion
[03-Sep-2026 13:17:24 UTC] SESSION_ID: a2fac55660e4d005bbc47ea7a4e132bf
[03-Sep-2026 13:17:24 UTC] SESSION: Array
(
    [csrf_token] => 6433203d2b5f0a1637972da680d813f6c15d12a263e76dad4617799569aa1aae
    [rate_limit_login] => Array
        (
            [count] => 1
            [first] => 1788441397
        )

    [user_id] => 6
    [user_email] => admin@partageonslaforet.local
    [user_role] => admin
    [user] => Array
        (
            [id] => 6
            [email] => admin@partageonslaforet.local
            [role] => admin
        )

)

[03-Sep-2026 13:17:24 UTC]  Récupération ID utilisateur: 6
[03-Sep-2026 13:17:24 UTC]  Accès autorisé - Utilisateur: 6
[03-Sep-2026 13:17:24 UTC]  Vérification admin: Admin
[03-Sep-2026 13:17:24 UTC] Données reçues: Array
(
    [event_id] => 15
)

[03-Sep-2026 13:17:24 UTC] ID de l'événement après filtrage: 15
[03-Sep-2026 15:17:24 Europe/Brussels] Connexion à la base de données réussie (cool5792_sports_events)
[03-Sep-2026 15:17:24 Europe/Brussels] Connexion à la base de données établie
[03-Sep-2026 15:17:24 Europe/Brussels] Début de la transaction
[03-Sep-2026 15:17:24 Europe/Brussels] Suppression des contacts
[03-Sep-2026 15:17:24 Europe/Brussels] Contacts supprimés: 0
[03-Sep-2026 15:17:24 Europe/Brussels] Récupération des chemins d'images
[03-Sep-2026 15:17:24 Europe/Brussels] Images trouvées: 1
[03-Sep-2026 15:17:24 Europe/Brussels] Suppression des entrées d'images en base
[03-Sep-2026 15:17:24 Europe/Brussels] Images supprimées: 1
[03-Sep-2026 15:17:24 Europe/Brussels] Récupération des fichiers GPX
[03-Sep-2026 15:17:24 Europe/Brussels] Fichiers GPX trouvés: 0
[03-Sep-2026 15:17:24 Europe/Brussels] Suppression des entrées de parcours en base
[03-Sep-2026 15:17:24 Europe/Brussels] Parcours supprimés: 0
[03-Sep-2026 15:17:24 Europe/Brussels] Suppression de l'événement
[03-Sep-2026 15:17:24 Europe/Brussels] Événement supprimé: oui
[03-Sep-2026 15:17:24 Europe/Brussels] Validation de la transaction
[03-Sep-2026 15:17:24 Europe/Brussels] === Fin de la suppression d'événement ===
[03-Sep-2026 13:17:31 UTC] === Début de la suppression d'événement ===
[03-Sep-2026 13:17:31 UTC] Initialisation de la session
[03-Sep-2026 13:17:31 UTC] Session initialisée avec ID: a2fac55660e4d005bbc47ea7a4e132bf
[03-Sep-2026 13:17:31 UTC] Session data: Array
(
    [csrf_token] => 6433203d2b5f0a1637972da680d813f6c15d12a263e76dad4617799569aa1aae
    [rate_limit_login] => Array
        (
            [count] => 1
            [first] => 1788441397
        )

    [user_id] => 6
    [user_email] => admin@partageonslaforet.local
    [user_role] => admin
    [user] => Array
        (
            [id] => 6
            [email] => admin@partageonslaforet.local
            [role] => admin
        )

)

[03-Sep-2026 13:17:31 UTC] Vérification de connexion
[03-Sep-2026 13:17:31 UTC] SESSION_ID: a2fac55660e4d005bbc47ea7a4e132bf
[03-Sep-2026 13:17:31 UTC] SESSION: Array
(
    [csrf_token] => 6433203d2b5f0a1637972da680d813f6c15d12a263e76dad4617799569aa1aae
    [rate_limit_login] => Array
        (
            [count] => 1
            [first] => 1788441397
        )

    [user_id] => 6
    [user_email] => admin@partageonslaforet.local
    [user_role] => admin
    [user] => Array
        (
            [id] => 6
            [email] => admin@partageonslaforet.local
            [role] => admin
        )

)

[03-Sep-2026 13:17:31 UTC]  Récupération ID utilisateur: 6
[03-Sep-2026 13:17:31 UTC]  Accès autorisé - Utilisateur: 6
[03-Sep-2026 13:17:31 UTC]  Vérification admin: Admin
[03-Sep-2026 13:17:31 UTC] Données reçues: Array
(
    [event_id] => 13
)

[03-Sep-2026 13:17:31 UTC] ID de l'événement après filtrage: 13
[03-Sep-2026 15:17:31 Europe/Brussels] Connexion à la base de données réussie (cool5792_sports_events)
[03-Sep-2026 15:17:31 Europe/Brussels] Connexion à la base de données établie
[03-Sep-2026 15:17:31 Europe/Brussels] Début de la transaction
[03-Sep-2026 15:17:31 Europe/Brussels] Suppression des contacts
[03-Sep-2026 15:17:31 Europe/Brussels] Contacts supprimés: 0
[03-Sep-2026 15:17:31 Europe/Brussels] Récupération des chemins d'images
[03-Sep-2026 15:17:31 Europe/Brussels] Images trouvées: 0
[03-Sep-2026 15:17:31 Europe/Brussels] Suppression des entrées d'images en base
[03-Sep-2026 15:17:31 Europe/Brussels] Images supprimées: 0
[03-Sep-2026 15:17:31 Europe/Brussels] Récupération des fichiers GPX
[03-Sep-2026 15:17:31 Europe/Brussels] Fichiers GPX trouvés: 0
[03-Sep-2026 15:17:31 Europe/Brussels] Suppression des entrées de parcours en base
[03-Sep-2026 15:17:31 Europe/Brussels] Parcours supprimés: 0
[03-Sep-2026 15:17:31 Europe/Brussels] Suppression de l'événement
[03-Sep-2026 15:17:31 Europe/Brussels] Événement supprimé: oui
[03-Sep-2026 15:17:31 Europe/Brussels] Validation de la transaction
[03-Sep-2026 15:17:31 Europe/Brussels] === Fin de la suppression d'événement ===
[03-Sep-2026 17:25:26 UTC] === Début de la suppression d'événement ===
[03-Sep-2026 17:25:26 UTC] Initialisation de la session
[03-Sep-2026 17:25:26 UTC] Session initialisée avec ID: dc96ca5bd9e53de6bc818cd4cc82b0ef
[03-Sep-2026 17:25:26 UTC] Session data: Array
(
    [csrf_token] => 7c1e7533a9f15a318964115f8d38c283119462f3aec4e27517aa95178093d5b5
    [rate_limit_login] => Array
        (
            [count] => 1
            [first] => 1788456019
        )

    [user_id] => 6
    [user_email] => admin@partageonslaforet.local
    [user_role] => admin
    [user] => Array
        (
            [id] => 6
            [email] => admin@partageonslaforet.local
            [role] => admin
        )

)

[03-Sep-2026 17:25:26 UTC] Vérification de connexion
[03-Sep-2026 17:25:26 UTC] SESSION_ID: dc96ca5bd9e53de6bc818cd4cc82b0ef
[03-Sep-2026 17:25:26 UTC] SESSION: Array
(
    [csrf_token] => 7c1e7533a9f15a318964115f8d38c283119462f3aec4e27517aa95178093d5b5
    [rate_limit_login] => Array
        (
            [count] => 1
            [first] => 1788456019
        )

    [user_id] => 6
    [user_email] => admin@partageonslaforet.local
    [user_role] => admin
    [user] => Array
        (
            [id] => 6
            [email] => admin@partageonslaforet.local
            [role] => admin
        )

)

[03-Sep-2026 17:25:26 UTC]  Récupération ID utilisateur: 6
[03-Sep-2026 17:25:26 UTC]  Accès autorisé - Utilisateur: 6
[03-Sep-2026 17:25:26 UTC]  Vérification admin: Admin
[03-Sep-2026 17:25:26 UTC] Données reçues: Array
(
    [event_id] => 21
)

[03-Sep-2026 17:25:26 UTC] ID de l'événement après filtrage: 21
[03-Sep-2026 19:25:26 Europe/Brussels] Connexion à la base de données réussie (cool5792_sports_events)
[03-Sep-2026 19:25:26 Europe/Brussels] Connexion à la base de données établie
[03-Sep-2026 19:25:26 Europe/Brussels] Début de la transaction
[03-Sep-2026 19:25:26 Europe/Brussels] Suppression des contacts
[03-Sep-2026 19:25:26 Europe/Brussels] Contacts supprimés: 0
[03-Sep-2026 19:25:26 Europe/Brussels] Récupération des chemins d'images
[03-Sep-2026 19:25:26 Europe/Brussels] Images trouvées: 0
[03-Sep-2026 19:25:26 Europe/Brussels] Suppression des entrées d'images en base
[03-Sep-2026 19:25:26 Europe/Brussels] Images supprimées: 0
[03-Sep-2026 19:25:26 Europe/Brussels] Récupération des fichiers GPX
[03-Sep-2026 19:25:26 Europe/Brussels] Fichiers GPX trouvés: 0
[03-Sep-2026 19:25:26 Europe/Brussels] Suppression des entrées de parcours en base
[03-Sep-2026 19:25:26 Europe/Brussels] Parcours supprimés: 0
[03-Sep-2026 19:25:26 Europe/Brussels] Suppression de l'événement
[03-Sep-2026 19:25:26 Europe/Brussels] Événement supprimé: oui
[03-Sep-2026 19:25:26 Europe/Brussels] Validation de la transaction
[03-Sep-2026 19:25:26 Europe/Brussels] === Fin de la suppression d'événement ===
[07-Sep-2026 13:47:14 UTC] === Début de la suppression d'événement ===
[07-Sep-2026 13:47:14 UTC] Initialisation de la session
[07-Sep-2026 13:47:14 UTC] Session initialisée avec ID: f053b71a5d595d7f6e64ec933e92d33e
[07-Sep-2026 13:47:14 UTC] Session data: Array
(
    [csrf_token] => 4e00857bf95dbff9bd8c6a42127ab9b0f6abf45a7092b6091345bdeaedac9b0f
    [rate_limit_login] => Array
        (
            [count] => 1
            [first] => 1788719695
        )

    [user_id] => 6
    [user_email] => admin@partageonslaforet.local
    [user_role] => admin
    [user] => Array
        (
            [id] => 6
            [email] => admin@partageonslaforet.local
            [role] => admin
        )

)

[07-Sep-2026 13:47:14 UTC] Vérification de connexion
[07-Sep-2026 13:47:14 UTC] SESSION_ID: f053b71a5d595d7f6e64ec933e92d33e
[07-Sep-2026 13:47:14 UTC] SESSION: Array
(
    [csrf_token] => 4e00857bf95dbff9bd8c6a42127ab9b0f6abf45a7092b6091345bdeaedac9b0f
    [rate_limit_login] => Array
        (
            [count] => 1
            [first] => 1788719695
        )

    [user_id] => 6
    [user_email] => admin@partageonslaforet.local
    [user_role] => admin
    [user] => Array
        (
            [id] => 6
            [email] => admin@partageonslaforet.local
            [role] => admin
        )

)

[07-Sep-2026 13:47:14 UTC]  Récupération ID utilisateur: 6
[07-Sep-2026 13:47:14 UTC]  Accès autorisé - Utilisateur: 6
[07-Sep-2026 13:47:14 UTC]  Vérification admin: Admin
[07-Sep-2026 13:47:14 UTC] Données reçues: Array
(
    [event_id] => 10
)

[07-Sep-2026 13:47:14 UTC] ID de l'événement après filtrage: 10
[07-Sep-2026 15:47:14 Europe/Brussels] Connexion à la base de données réussie (cool5792_sports_events)
[07-Sep-2026 15:47:14 Europe/Brussels] Connexion à la base de données établie
[07-Sep-2026 15:47:14 Europe/Brussels] Début de la transaction
[07-Sep-2026 15:47:14 Europe/Brussels] Suppression des contacts
[07-Sep-2026 15:47:14 Europe/Brussels] Contacts supprimés: 1
[07-Sep-2026 15:47:14 Europe/Brussels] Récupération des chemins d'images
[07-Sep-2026 15:47:14 Europe/Brussels] Images trouvées: 0
[07-Sep-2026 15:47:14 Europe/Brussels] Suppression des entrées d'images en base
[07-Sep-2026 15:47:14 Europe/Brussels] Images supprimées: 0
[07-Sep-2026 15:47:14 Europe/Brussels] Récupération des fichiers GPX
[07-Sep-2026 15:47:14 Europe/Brussels] Fichiers GPX trouvés: 1
[07-Sep-2026 15:47:14 Europe/Brussels] Suppression des entrées de parcours en base
[07-Sep-2026 15:47:14 Europe/Brussels] Parcours supprimés: 1
[07-Sep-2026 15:47:14 Europe/Brussels] Suppression de l'événement
[07-Sep-2026 15:47:14 Europe/Brussels] Événement supprimé: oui
[07-Sep-2026 15:47:14 Europe/Brussels] Validation de la transaction
[07-Sep-2026 15:47:14 Europe/Brussels] === Fin de la suppression d'événement ===
