{"time":"2026-09-10T19:49:01+02:00","context":"includes/mailer.php","message":"Config mail chargée","extra":{"local_loaded":true,"local_path":"/home/cool5792/rando.partageonslaforet.be/includes/../config/mail.local.php","host":"chat.o2switch.net","from":"rando@partageonslaforet.be"}}
{"time":"2026-09-10T19:49:01+02:00","context":"includes/mailer.php","message":"Init transport","extra":{"useSMTP":true,"transport":"smtp","host":"chat.o2switch.net","port":465,"secure":"ssl","hasUser":true,"hasPass":true,"from":"rando@partageonslaforet.be"}}
{"time":"2026-09-10T19:49:01+02:00","context":"includes/mailer.php","message":"Tentative envoi e-mail","extra":{"to":"jarodhc4@gmail.com","subject":"Réinitialisation de votre mot de passe - Partageons La Forêt","transport":"smtp","host":"chat.o2switch.net","port":465,"secure":"ssl","auth":"yes"}}
{"time":"2026-09-10T19:49:01+02:00","context":"includes/mailer.php","message":"SMTP debug","extra":{"msg":"SERVER -> CLIENT: 220-chat.o2switch.net ESMTP Exim 4.99.5 #2 Thu, 10 Sep 2026 19:49:01 +0200 \r\n220-We do not authorize the use of this system to transport unsolicited, \r\n220 and/or bulk e-mail.\r\n"}}
{"time":"2026-09-10T19:49:01+02:00","context":"includes/mailer.php","message":"SMTP debug","extra":{"msg":"CLIENT -> SERVER: EHLO rando.partageonslaforet.be\r\n"}}
{"time":"2026-09-10T19:49:01+02:00","context":"includes/mailer.php","message":"SMTP debug","extra":{"msg":"SERVER -> CLIENT: 250-chat.o2switch.net Hello rando.partageonslaforet.be [109.234.164.134]\r\n250-SIZE 262144000\r\n250-LIMITS MAILMAX=1000 RCPTMAX=50000\r\n250-8BITMIME\r\n250-PIPELINING\r\n250-PIPECONNECT\r\n250-AUTH PLAIN LOGIN\r\n250 HELP\r\n"}}
{"time":"2026-09-10T19:49:01+02:00","context":"includes/mailer.php","message":"SMTP debug","extra":{"msg":"CLIENT -> SERVER: AUTH LOGIN\r\n"}}
{"time":"2026-09-10T19:49:01+02:00","context":"includes/mailer.php","message":"SMTP debug","extra":{"msg":"SERVER -> CLIENT: 334 VXNlcm5hbWU6\r\n"}}
{"time":"2026-09-10T19:49:01+02:00","context":"includes/mailer.php","message":"SMTP debug","extra":{"msg":"CLIENT -> SERVER: [credentials hidden]"}}
{"time":"2026-09-10T19:49:01+02:00","context":"includes/mailer.php","message":"SMTP debug","extra":{"msg":"SERVER -> CLIENT: 334 UGFzc3dvcmQ6\r\n"}}
{"time":"2026-09-10T19:49:01+02:00","context":"includes/mailer.php","message":"SMTP debug","extra":{"msg":"CLIENT -> SERVER: [credentials hidden]"}}
{"time":"2026-09-10T19:49:01+02:00","context":"includes/mailer.php","message":"SMTP debug","extra":{"msg":"SERVER -> CLIENT: 235 Authentication succeeded\r\n"}}
{"time":"2026-09-10T19:49:01+02:00","context":"includes/mailer.php","message":"SMTP debug","extra":{"msg":"CLIENT -> SERVER: MAIL FROM:<rando@partageonslaforet.be>\r\n"}}
{"time":"2026-09-10T19:49:01+02:00","context":"includes/mailer.php","message":"SMTP debug","extra":{"msg":"SERVER -> CLIENT: 250 OK\r\n"}}
{"time":"2026-09-10T19:49:01+02:00","context":"includes/mailer.php","message":"SMTP debug","extra":{"msg":"CLIENT -> SERVER: RCPT TO:<jarodhc4@gmail.com>\r\n"}}
{"time":"2026-09-10T19:49:01+02:00","context":"includes/mailer.php","message":"SMTP debug","extra":{"msg":"SERVER -> CLIENT: 250 Accepted\r\n"}}
{"time":"2026-09-10T19:49:01+02:00","context":"includes/mailer.php","message":"SMTP debug","extra":{"msg":"CLIENT -> SERVER: DATA\r\n"}}
{"time":"2026-09-10T19:49:01+02:00","context":"includes/mailer.php","message":"SMTP debug","extra":{"msg":"SERVER -> CLIENT: 354 Enter message, ending with \".\" on a line by itself\r\n"}}
{"time":"2026-09-10T19:49:01+02:00","context":"includes/mailer.php","message":"SMTP debug","extra":{"msg":"CLIENT -> SERVER: Date: Thu, 10 Sep 2026 19:49:01 +0200\r\n"}}
{"time":"2026-09-10T19:49:01+02:00","context":"includes/mailer.php","message":"SMTP debug","extra":{"msg":"CLIENT -> SERVER: To: jarodhc4@gmail.com\r\n"}}
{"time":"2026-09-10T19:49:01+02:00","context":"includes/mailer.php","message":"SMTP debug","extra":{"msg":"CLIENT -> SERVER: From: =?UTF-8?Q?Partageons_la_For=C3=AAt?= <rando@partageonslaforet.be>\r\n"}}
{"time":"2026-09-10T19:49:01+02:00","context":"includes/mailer.php","message":"SMTP debug","extra":{"msg":"[REDACTED]"}}
{"time":"2026-09-10T19:49:01+02:00","context":"includes/mailer.php","message":"SMTP debug","extra":{"msg":"CLIENT -> SERVER: Message-ID: <QPWVxG1BSdDEQ9Wl0cnI3kCsKakq4DaSsm6Hc4Smg@rando.partageonslaforet.be>\r\n"}}
{"time":"2026-09-10T19:49:01+02:00","context":"includes/mailer.php","message":"SMTP debug","extra":{"msg":"CLIENT -> SERVER: X-Mailer: PHPMailer 6.9.3 (https://github.com/PHPMailer/PHPMailer)\r\n"}}
{"time":"2026-09-10T19:49:01+02:00","context":"includes/mailer.php","message":"SMTP debug","extra":{"msg":"CLIENT -> SERVER: MIME-Version: 1.0\r\n"}}
{"time":"2026-09-10T19:49:01+02:00","context":"includes/mailer.php","message":"SMTP debug","extra":{"msg":"CLIENT -> SERVER: Content-Type: multipart/alternative;\r\n"}}
{"time":"2026-09-10T19:49:01+02:00","context":"includes/mailer.php","message":"SMTP debug","extra":{"msg":"CLIENT -> SERVER:  boundary=\"b1=_QPWVxG1BSdDEQ9Wl0cnI3kCsKakq4DaSsm6Hc4Smg\"\r\n"}}
{"time":"2026-09-10T19:49:01+02:00","context":"includes/mailer.php","message":"SMTP debug","extra":{"msg":"CLIENT -> SERVER: Content-Transfer-Encoding: 8bit\r\n"}}
{"time":"2026-09-10T19:49:01+02:00","context":"includes/mailer.php","message":"SMTP debug","extra":{"msg":"CLIENT -> SERVER: \r\n"}}
{"time":"2026-09-10T19:49:01+02:00","context":"includes/mailer.php","message":"SMTP debug","extra":{"msg":"CLIENT -> SERVER: --b1=_QPWVxG1BSdDEQ9Wl0cnI3kCsKakq4DaSsm6Hc4Smg\r\n"}}
{"time":"2026-09-10T19:49:01+02:00","context":"includes/mailer.php","message":"SMTP debug","extra":{"msg":"CLIENT -> SERVER: Content-Type: text/plain; charset=UTF-8\r\n"}}
{"time":"2026-09-10T19:49:01+02:00","context":"includes/mailer.php","message":"SMTP debug","extra":{"msg":"CLIENT -> SERVER: Content-Transfer-Encoding: 8bit\r\n"}}
{"time":"2026-09-10T19:49:01+02:00","context":"includes/mailer.php","message":"SMTP debug","extra":{"msg":"CLIENT -> SERVER: \r\n"}}
{"time":"2026-09-10T19:49:01+02:00","context":"includes/mailer.php","message":"SMTP debug","extra":{"msg":"CLIENT -> SERVER: \r\n"}}
{"time":"2026-09-10T19:49:01+02:00","context":"includes/mailer.php","message":"SMTP debug","extra":{"msg":"CLIENT -> SERVER: \r\n"}}
{"time":"2026-09-10T19:49:01+02:00","context":"includes/mailer.php","message":"SMTP debug","extra":{"msg":"CLIENT -> SERVER: \r\n"}}
{"time":"2026-09-10T19:49:01+02:00","context":"includes/mailer.php","message":"SMTP debug","extra":{"msg":"CLIENT -> SERVER:   \r\n"}}
{"time":"2026-09-10T19:49:01+02:00","context":"includes/mailer.php","message":"SMTP debug","extra":{"msg":"CLIENT -> SERVER:   \r\n"}}
{"time":"2026-09-10T19:49:01+02:00","context":"includes/mailer.php","message":"SMTP debug","extra":{"msg":"CLIENT -> SERVER:   \r\n"}}
{"time":"2026-09-10T19:49:01+02:00","context":"includes/mailer.php","message":"SMTP debug","extra":{"msg":"CLIENT -> SERVER:   \r\n"}}
{"time":"2026-09-10T19:49:01+02:00","context":"includes/mailer.php","message":"SMTP debug","extra":{"msg":"[REDACTED]"}}
{"time":"2026-09-10T19:49:01+02:00","context":"includes/mailer.php","message":"SMTP debug","extra":{"msg":"CLIENT -> SERVER:   /* Style commun pour tous les emails */\r\n"}}
{"time":"2026-09-10T19:49:01+02:00","context":"includes/mailer.php","message":"SMTP debug","extra":{"msg":"CLIENT -> SERVER: body {\r\n"}}
{"time":"2026-09-10T19:49:01+02:00","context":"includes/mailer.php","message":"SMTP debug","extra":{"msg":"CLIENT -> SERVER:     font-family: Arial, sans-serif;\r\n"}}
{"time":"2026-09-10T19:49:01+02:00","context":"includes/mailer.php","message":"SMTP debug","extra":{"msg":"CLIENT -> SERVER:     line-height: 1.6;\r\n"}}
{"time":"2026-09-10T19:49:01+02:00","context":"includes/mailer.php","message":"SMTP debug","extra":{"msg":"CLIENT -> SERVER:     color: #333;\r\n"}}
{"time":"2026-09-10T19:49:01+02:00","context":"includes/mailer.php","message":"SMTP debug","extra":{"msg":"CLIENT -> SERVER:     max-width: 600px;\r\n"}}
{"time":"2026-09-10T19:49:01+02:00","context":"includes/mailer.php","message":"SMTP debug","extra":{"msg":"CLIENT -> SERVER:     margin: 0 auto;\r\n"}}
{"time":"2026-09-10T19:49:01+02:00","context":"includes/mailer.php","message":"SMTP debug","extra":{"msg":"CLIENT -> SERVER: }\r\n"}}
{"time":"2026-09-10T19:49:01+02:00","context":"includes/mailer.php","message":"SMTP debug","extra":{"msg":"CLIENT -> SERVER: \r\n"}}
{"time":"2026-09-10T19:49:01+02:00","context":"includes/mailer.php","message":"SMTP debug","extra":{"msg":"CLIENT -> SERVER: /* Styles structurés pour les emails (gabarit contact) */\r\n"}}
{"time":"2026-09-10T19:49:01+02:00","context":"includes/mailer.php","message":"SMTP debug","extra":{"msg":"CLIENT -> SERVER: ..email-wrapper {\r\n"}}
{"time":"2026-09-10T19:49:01+02:00","context":"includes/mailer.php","message":"SMTP debug","extra":{"msg":"CLIENT -> SERVER:     background: #F7FAF7;\r\n"}}
{"time":"2026-09-10T19:49:01+02:00","context":"includes/mailer.php","message":"SMTP debug","extra":{"msg":"CLIENT -> SERVER:     margin: 0;\r\n"}}
{"time":"2026-09-10T19:49:01+02:00","context":"includes/mailer.php","message":"SMTP debug","extra":{"msg":"CLIENT -> SERVER:     padding: 20px;\r\n"}}
{"time":"2026-09-10T19:49:01+02:00","context":"includes/mailer.php","message":"SMTP debug","extra":{"msg":"CLIENT -> SERVER:     font-family: Roboto, Arial, sans-serif;\r\n"}}
{"time":"2026-09-10T19:49:01+02:00","context":"includes/mailer.php","message":"SMTP debug","extra":{"msg":"CLIENT -> SERVER:     color: #2B2B2B;\r\n"}}
{"time":"2026-09-10T19:49:01+02:00","context":"includes/mailer.php","message":"SMTP debug","extra":{"msg":"CLIENT -> SERVER: }\r\n"}}
{"time":"2026-09-10T19:49:01+02:00","context":"includes/mailer.php","message":"SMTP debug","extra":{"msg":"CLIENT -> SERVER: \r\n"}}
{"time":"2026-09-10T19:49:01+02:00","context":"includes/mailer.php","message":"SMTP debug","extra":{"msg":"CLIENT -> SERVER: ..email-container {\r\n"}}
{"time":"2026-09-10T19:49:01+02:00","context":"includes/mailer.php","message":"SMTP debug","extra":{"msg":"CLIENT -> SERVER:     max-width: 640px;\r\n"}}
{"time":"2026-09-10T19:49:01+02:00","context":"includes/mailer.php","message":"SMTP debug","extra":{"msg":"CLIENT -> SERVER:     margin: 0 auto;\r\n"}}
{"time":"2026-09-10T19:49:01+02:00","context":"includes/mailer.php","message":"SMTP debug","extra":{"msg":"CLIENT -> SERVER:     background: #F7FAF7 !important;\r\n"}}
{"time":"2026-09-10T19:49:01+02:00","context":"includes/mailer.php","message":"SMTP debug","extra":{"msg":"CLIENT -> SERVER:     border: 1px solid #E5EBE5;\r\n"}}
{"time":"2026-09-10T19:49:01+02:00","context":"includes/mailer.php","message":"SMTP debug","extra":{"msg":"CLIENT -> SERVER:     border-radius: 10px;\r\n"}}
{"time":"2026-09-10T19:49:01+02:00","context":"includes/mailer.php","message":"SMTP debug","extra":{"msg":"CLIENT -> SERVER:     overflow: hidden;\r\n"}}
{"time":"2026-09-10T19:49:01+02:00","context":"includes/mailer.php","message":"SMTP debug","extra":{"msg":"CLIENT -> SERVER: }\r\n"}}
{"time":"2026-09-10T19:49:01+02:00","context":"includes/mailer.php","message":"SMTP debug","extra":{"msg":"CLIENT -> SERVER: \r\n"}}
{"time":"2026-09-10T19:49:01+02:00","context":"includes/mailer.php","message":"SMTP debug","extra":{"msg":"CLIENT -> SERVER: ..email-header {\r\n"}}
{"time":"2026-09-10T19:49:01+02:00","context":"includes/mailer.php","message":"SMTP debug","extra":{"msg":"CLIENT -> SERVER:     background: rgba(58, 138, 61, 0.5) !important;\r\n"}}
{"time":"2026-09-10T19:49:01+02:00","context":"includes/mailer.php","message":"SMTP debug","extra":{"msg":"CLIENT -> SERVER:     color: var(--secondary-color) !important;\r\n"}}
{"time":"2026-09-10T19:49:01+02:00","context":"includes/mailer.php","message":"SMTP debug","extra":{"msg":"CLIENT -> SERVER:     padding: 20px;\r\n"}}
{"time":"2026-09-10T19:49:01+02:00","context":"includes/mailer.php","message":"SMTP debug","extra":{"msg":"CLIENT -> SERVER: }\r\n"}}
{"time":"2026-09-10T19:49:01+02:00","context":"includes/mailer.php","message":"SMTP debug","extra":{"msg":"CLIENT -> SERVER: ..email-header h1 {\r\n"}}
{"time":"2026-09-10T19:49:01+02:00","context":"includes/mailer.php","message":"SMTP debug","extra":{"msg":"CLIENT -> SERVER:     margin: 0;\r\n"}}
{"time":"2026-09-10T19:49:01+02:00","context":"includes/mailer.php","message":"SMTP debug","extra":{"msg":"CLIENT -> SERVER:     font-size: 20px;\r\n"}}
{"time":"2026-09-10T19:49:01+02:00","context":"includes/mailer.php","message":"SMTP debug","extra":{"msg":"CLIENT -> SERVER: }\r\n"}}
{"time":"2026-09-10T19:49:01+02:00","context":"includes/mailer.php","message":"SMTP debug","extra":{"msg":"CLIENT -> SERVER: ..email-subject {\r\n"}}
{"time":"2026-09-10T19:49:01+02:00","context":"includes/mailer.php","message":"SMTP debug","extra":{"msg":"CLIENT -> SERVER:     margin: 6px 0 0;\r\n"}}
{"time":"2026-09-10T19:49:01+02:00","context":"includes/mailer.php","message":"SMTP debug","extra":{"msg":"CLIENT -> SERVER:     font-size: 14px;\r\n"}}
{"time":"2026-09-10T19:49:01+02:00","context":"includes/mailer.php","message":"SMTP debug","extra":{"msg":"CLIENT -> SERVER:     opacity: 0.95;\r\n"}}
{"time":"2026-09-10T19:49:01+02:00","context":"includes/mailer.php","message":"SMTP debug","extra":{"msg":"CLIENT -> SERVER: }\r\n"}}
{"time":"2026-09-10T19:49:01+02:00","context":"includes/mailer.php","message":"SMTP debug","extra":{"msg":"CLIENT -> SERVER: ..email-badge {\r\n"}}
{"time":"2026-09-10T19:49:01+02:00","context":"includes/mailer.php","message":"SMTP debug","extra":{"msg":"CLIENT -> SERVER:     display: inline-block;\r\n"}}
{"time":"2026-09-10T19:49:01+02:00","context":"includes/mailer.php","message":"SMTP debug","extra":{"msg":"CLIENT -> SERVER:     margin-top: 8px;\r\n"}}
{"time":"2026-09-10T19:49:01+02:00","context":"includes/mailer.php","message":"SMTP debug","extra":{"msg":"CLIENT -> SERVER:     background: rgba(255,255,255,0.15);\r\n"}}
{"time":"2026-09-10T19:49:01+02:00","context":"includes/mailer.php","message":"SMTP debug","extra":{"msg":"CLIENT -> SERVER:     border: 1px solid rgba(255,255,255,0.35);\r\n"}}
{"time":"2026-09-10T19:49:01+02:00","context":"includes/mailer.php","message":"SMTP debug","extra":{"msg":"CLIENT -> SERVER:     padding: 4px 8px;\r\n"}}
{"time":"2026-09-10T19:49:01+02:00","context":"includes/mailer.php","message":"SMTP debug","extra":{"msg":"CLIENT -> SERVER:     border-radius: 6px;\r\n"}}
{"time":"2026-09-10T19:49:01+02:00","context":"includes/mailer.php","message":"SMTP debug","extra":{"msg":"CLIENT -> SERVER:     font-size: 12px;\r\n"}}
{"time":"2026-09-10T19:49:01+02:00","context":"includes/mailer.php","message":"SMTP debug","extra":{"msg":"CLIENT -> SERVER: }\r\n"}}
{"time":"2026-09-10T19:49:01+02:00","context":"includes/mailer.php","message":"SMTP debug","extra":{"msg":"CLIENT -> SERVER: \r\n"}}
{"time":"2026-09-10T19:49:01+02:00","context":"includes/mailer.php","message":"SMTP debug","extra":{"msg":"CLIENT -> SERVER: ..email-content {\r\n"}}
{"time":"2026-09-10T19:49:01+02:00","context":"includes/mailer.php","message":"SMTP debug","extra":{"msg":"CLIENT -> SERVER:     padding: 20px;\r\n"}}
{"time":"2026-09-10T19:49:01+02:00","context":"includes/mailer.php","message":"SMTP debug","extra":{"msg":"CLIENT -> SERVER:     background: #F7FAF7 !important;\r\n"}}
{"time":"2026-09-10T19:49:01+02:00","context":"includes/mailer.php","message":"SMTP debug","extra":{"msg":"CLIENT -> SERVER: }\r\n"}}
{"time":"2026-09-10T19:49:01+02:00","context":"includes/mailer.php","message":"SMTP debug","extra":{"msg":"CLIENT -> SERVER: ..email-field {\r\n"}}
{"time":"2026-09-10T19:49:01+02:00","context":"includes/mailer.php","message":"SMTP debug","extra":{"msg":"CLIENT -> SERVER:     margin: 0 0 12px;\r\n"}}
{"time":"2026-09-10T19:49:01+02:00","context":"includes/mailer.php","message":"SMTP debug","extra":{"msg":"CLIENT -> SERVER: }\r\n"}}
{"time":"2026-09-10T19:49:01+02:00","context":"includes/mailer.php","message":"SMTP debug","extra":{"msg":"CLIENT -> SERVER: ..email-label {\r\n"}}
{"time":"2026-09-10T19:49:01+02:00","context":"includes/mailer.php","message":"SMTP debug","extra":{"msg":"CLIENT -> SERVER:     display: inline-block;\r\n"}}
{"time":"2026-09-10T19:49:01+02:00","context":"includes/mailer.php","message":"SMTP debug","extra":{"msg":"CLIENT -> SERVER:     min-width: 82px;\r\n"}}
{"time":"2026-09-10T19:49:01+02:00","context":"includes/mailer.php","message":"SMTP debug","extra":{"msg":"CLIENT -> SERVER:     font-weight: 700;\r\n"}}
{"time":"2026-09-10T19:49:01+02:00","context":"includes/mailer.php","message":"SMTP debug","extra":{"msg":"CLIENT -> SERVER:     color: #6b7a6e !important;\r\n"}}
{"time":"2026-09-10T19:49:01+02:00","context":"includes/mailer.php","message":"SMTP debug","extra":{"msg":"CLIENT -> SERVER: }\r\n"}}
{"time":"2026-09-10T19:49:01+02:00","context":"includes/mailer.php","message":"SMTP debug","extra":{"msg":"CLIENT -> SERVER: ..email-value {\r\n"}}
{"time":"2026-09-10T19:49:01+02:00","context":"includes/mailer.php","message":"SMTP debug","extra":{"msg":"CLIENT -> SERVER:     color: #6b7a6e !important;\r\n"}}
{"time":"2026-09-10T19:49:01+02:00","context":"includes/mailer.php","message":"SMTP debug","extra":{"msg":"CLIENT -> SERVER: }\r\n"}}
{"time":"2026-09-10T19:49:01+02:00","context":"includes/mailer.php","message":"SMTP debug","extra":{"msg":"CLIENT -> SERVER: ..email-message {\r\n"}}
{"time":"2026-09-10T19:49:01+02:00","context":"includes/mailer.php","message":"SMTP debug","extra":{"msg":"CLIENT -> SERVER:     margin-top: 6px;\r\n"}}
{"time":"2026-09-10T19:49:01+02:00","context":"includes/mailer.php","message":"SMTP debug","extra":{"msg":"CLIENT -> SERVER:     white-space: pre-wrap;\r\n"}}
{"time":"2026-09-10T19:49:01+02:00","context":"includes/mailer.php","message":"SMTP debug","extra":{"msg":"CLIENT -> SERVER:     line-height: 1.5;\r\n"}}
{"time":"2026-09-10T19:49:01+02:00","context":"includes/mailer.php","message":"SMTP debug","extra":{"msg":"CLIENT -> SERVER: }\r\n"}}
{"time":"2026-09-10T19:49:01+02:00","context":"includes/mailer.php","message":"SMTP debug","extra":{"msg":"CLIENT -> SERVER: \r\n"}}
{"time":"2026-09-10T19:49:01+02:00","context":"includes/mailer.php","message":"SMTP debug","extra":{"msg":"CLIENT -> SERVER: ..email-footer {\r\n"}}
{"time":"2026-09-10T19:49:01+02:00","context":"includes/mailer.php","message":"SMTP debug","extra":{"msg":"CLIENT -> SERVER:     font-size: 12px;\r\n"}}
{"time":"2026-09-10T19:49:01+02:00","context":"includes/mailer.php","message":"SMTP debug","extra":{"msg":"CLIENT -> SERVER:     color: #6b7a6e !important;\r\n"}}
{"time":"2026-09-10T19:49:01+02:00","context":"includes/mailer.php","message":"SMTP debug","extra":{"msg":"CLIENT -> SERVER:     padding: 16px 20px;\r\n"}}
{"time":"2026-09-10T19:49:01+02:00","context":"includes/mailer.php","message":"SMTP debug","extra":{"msg":"CLIENT -> SERVER:     border-top: 1px solid #E5EBE5 !important;\r\n"}}
{"time":"2026-09-10T19:49:01+02:00","context":"includes/mailer.php","message":"SMTP debug","extra":{"msg":"CLIENT -> SERVER:     background: #F7FAF7 !important;\r\n"}}
{"time":"2026-09-10T19:49:01+02:00","context":"includes/mailer.php","message":"SMTP debug","extra":{"msg":"CLIENT -> SERVER: }\r\n"}}
{"time":"2026-09-10T19:49:01+02:00","context":"includes/mailer.php","message":"SMTP debug","extra":{"msg":"CLIENT -> SERVER: ..header {\r\n"}}
{"time":"2026-09-10T19:49:01+02:00","context":"includes/mailer.php","message":"SMTP debug","extra":{"msg":"CLIENT -> SERVER:     background: rgba(58, 138, 61, 0.5) !important;;\r\n"}}
{"time":"2026-09-10T19:49:01+02:00","context":"includes/mailer.php","message":"SMTP debug","extra":{"msg":"CLIENT -> SERVER:     color: var(--secondary-color);\r\n"}}
{"time":"2026-09-10T19:49:01+02:00","context":"includes/mailer.php","message":"SMTP debug","extra":{"msg":"CLIENT -> SERVER:     padding: 20px;\r\n"}}
{"time":"2026-09-10T19:49:01+02:00","context":"includes/mailer.php","message":"SMTP debug","extra":{"msg":"CLIENT -> SERVER:     text-align: center;\r\n"}}
{"time":"2026-09-10T19:49:01+02:00","context":"includes/mailer.php","message":"SMTP debug","extra":{"msg":"CLIENT -> SERVER: }\r\n"}}
{"time":"2026-09-10T19:49:01+02:00","context":"includes/mailer.php","message":"SMTP debug","extra":{"msg":"CLIENT -> SERVER: \r\n"}}
{"time":"2026-09-10T19:49:01+02:00","context":"includes/mailer.php","message":"SMTP debug","extra":{"msg":"CLIENT -> SERVER: ..content {\r\n"}}
{"time":"2026-09-10T19:49:01+02:00","context":"includes/mailer.php","message":"SMTP debug","extra":{"msg":"CLIENT -> SERVER:     padding: 20px;\r\n"}}
{"time":"2026-09-10T19:49:01+02:00","context":"includes/mailer.php","message":"SMTP debug","extra":{"msg":"CLIENT -> SERVER:     background: #fff;\r\n"}}
{"time":"2026-09-10T19:49:01+02:00","context":"includes/mailer.php","message":"SMTP debug","extra":{"msg":"CLIENT -> SERVER: }\r\n"}}
{"time":"2026-09-10T19:49:01+02:00","context":"includes/mailer.php","message":"SMTP debug","extra":{"msg":"CLIENT -> SERVER: \r\n"}}
{"time":"2026-09-10T19:49:01+02:00","context":"includes/mailer.php","message":"SMTP debug","extra":{"msg":"CLIENT -> SERVER: ..footer {\r\n"}}
{"time":"2026-09-10T19:49:01+02:00","context":"includes/mailer.php","message":"SMTP debug","extra":{"msg":"CLIENT -> SERVER:     text-align: center;\r\n"}}
{"time":"2026-09-10T19:49:01+02:00","context":"includes/mailer.php","message":"SMTP debug","extra":{"msg":"CLIENT -> SERVER:     padding: 20px;\r\n"}}
{"time":"2026-09-10T19:49:01+02:00","context":"includes/mailer.php","message":"SMTP debug","extra":{"msg":"CLIENT -> SERVER:     background: #f5f5f5;\r\n"}}
{"time":"2026-09-10T19:49:01+02:00","context":"includes/mailer.php","message":"SMTP debug","extra":{"msg":"CLIENT -> SERVER:     font-size: 12px;\r\n"}}
{"time":"2026-09-10T19:49:01+02:00","context":"includes/mailer.php","message":"SMTP debug","extra":{"msg":"CLIENT -> SERVER: }\r\n"}}
{"time":"2026-09-10T19:49:01+02:00","context":"includes/mailer.php","message":"SMTP debug","extra":{"msg":"CLIENT -> SERVER: \r\n"}}
{"time":"2026-09-10T19:49:01+02:00","context":"includes/mailer.php","message":"SMTP debug","extra":{"msg":"CLIENT -> SERVER: ..button {\r\n"}}
{"time":"2026-09-10T19:49:01+02:00","context":"includes/mailer.php","message":"SMTP debug","extra":{"msg":"CLIENT -> SERVER:     display: inline-block;\r\n"}}
{"time":"2026-09-10T19:49:01+02:00","context":"includes/mailer.php","message":"SMTP debug","extra":{"msg":"CLIENT -> SERVER:     padding: 10px 20px;\r\n"}}
{"time":"2026-09-10T19:49:01+02:00","context":"includes/mailer.php","message":"SMTP debug","extra":{"msg":"CLIENT -> SERVER:     background: #4a6741;\r\n"}}
{"time":"2026-09-10T19:49:01+02:00","context":"includes/mailer.php","message":"SMTP debug","extra":{"msg":"CLIENT -> SERVER:     color: white;\r\n"}}
{"time":"2026-09-10T19:49:01+02:00","context":"includes/mailer.php","message":"SMTP debug","extra":{"msg":"CLIENT -> SERVER:     text-decoration: none;\r\n"}}
{"time":"2026-09-10T19:49:01+02:00","context":"includes/mailer.php","message":"SMTP debug","extra":{"msg":"CLIENT -> SERVER:     border-radius: 5px;\r\n"}}
{"time":"2026-09-10T19:49:01+02:00","context":"includes/mailer.php","message":"SMTP debug","extra":{"msg":"CLIENT -> SERVER:     margin: 20px 0;\r\n"}}
{"time":"2026-09-10T19:49:01+02:00","context":"includes/mailer.php","message":"SMTP debug","extra":{"msg":"CLIENT -> SERVER: }\r\n"}}
{"time":"2026-09-10T19:49:01+02:00","context":"includes/mailer.php","message":"SMTP debug","extra":{"msg":"CLIENT -> SERVER: \r\n"}}
{"time":"2026-09-10T19:49:01+02:00","context":"includes/mailer.php","message":"SMTP debug","extra":{"msg":"CLIENT -> SERVER: \r\n"}}
{"time":"2026-09-10T19:49:01+02:00","context":"includes/mailer.php","message":"SMTP debug","extra":{"msg":"CLIENT -> SERVER: \r\n"}}
{"time":"2026-09-10T19:49:01+02:00","context":"includes/mailer.php","message":"SMTP debug","extra":{"msg":"CLIENT -> SERVER:   \r\n"}}
{"time":"2026-09-10T19:49:01+02:00","context":"includes/mailer.php","message":"SMTP debug","extra":{"msg":"CLIENT -> SERVER:     \r\n"}}
{"time":"2026-09-10T19:49:01+02:00","context":"includes/mailer.php","message":"SMTP debug","extra":{"msg":"CLIENT -> SERVER:       \r\n"}}
{"time":"2026-09-10T19:49:01+02:00","context":"includes/mailer.php","message":"SMTP debug","extra":{"msg":"CLIENT -> SERVER:         Partageons La Forêt\r\n"}}
{"time":"2026-09-10T19:49:01+02:00","context":"includes/mailer.php","message":"SMTP debug","extra":{"msg":"[REDACTED]"}}
{"time":"2026-09-10T19:49:01+02:00","context":"includes/mailer.php","message":"SMTP debug","extra":{"msg":"CLIENT -> SERVER:       \r\n"}}
{"time":"2026-09-10T19:49:01+02:00","context":"includes/mailer.php","message":"SMTP debug","extra":{"msg":"CLIENT -> SERVER:     \r\n"}}
{"time":"2026-09-10T19:49:01+02:00","context":"includes/mailer.php","message":"SMTP debug","extra":{"msg":"CLIENT -> SERVER:     \r\n"}}
{"time":"2026-09-10T19:49:01+02:00","context":"includes/mailer.php","message":"SMTP debug","extra":{"msg":"CLIENT -> SERVER:       \r\n"}}
{"time":"2026-09-10T19:49:01+02:00","context":"includes/mailer.php","message":"SMTP debug","extra":{"msg":"CLIENT -> SERVER:         Bonjour Olivier,\r\n"}}
{"time":"2026-09-10T19:49:01+02:00","context":"includes/mailer.php","message":"SMTP debug","extra":{"msg":"[REDACTED]"}}
{"time":"2026-09-10T19:49:01+02:00","context":"includes/mailer.php","message":"SMTP debug","extra":{"msg":"CLIENT -> SERVER:         \r\n"}}
{"time":"2026-09-10T19:49:01+02:00","context":"includes/mailer.php","message":"SMTP debug","extra":{"msg":"[REDACTED]"}}
{"time":"2026-09-10T19:49:01+02:00","context":"includes/mailer.php","message":"SMTP debug","extra":{"msg":"CLIENT -> SERVER:         \r\n"}}
{"time":"2026-09-10T19:49:01+02:00","context":"includes/mailer.php","message":"SMTP debug","extra":{"msg":"CLIENT -> SERVER:         Si le bouton ne fonctionne pas, copiez et collez le lien suivant dans votre navigateur :\r\n"}}
{"time":"2026-09-10T19:49:01+02:00","context":"includes/mailer.php","message":"SMTP debug","extra":{"msg":"CLIENT -> SERVER:         https://rando.partageonslaforet.be/?reset=1&amp;token=79ebbe8f5ae916461337f15649927d3a0b0827c819035938f3574cf3737b278f&amp;email=jarodhc4%40gmail.com\r\n"}}
{"time":"2026-09-10T19:49:01+02:00","context":"includes/mailer.php","message":"SMTP debug","extra":{"msg":"CLIENT -> SERVER:         Note : ce lien est valable 1 heure et à usage unique.\r\n"}}
{"time":"2026-09-10T19:49:01+02:00","context":"includes/mailer.php","message":"SMTP debug","extra":{"msg":"CLIENT -> SERVER:       \r\n"}}
{"time":"2026-09-10T19:49:01+02:00","context":"includes/mailer.php","message":"SMTP debug","extra":{"msg":"CLIENT -> SERVER:     \r\n"}}
{"time":"2026-09-10T19:49:01+02:00","context":"includes/mailer.php","message":"SMTP debug","extra":{"msg":"CLIENT -> SERVER:     \r\n"}}
{"time":"2026-09-10T19:49:01+02:00","context":"includes/mailer.php","message":"SMTP debug","extra":{"msg":"CLIENT -> SERVER:       \r\n"}}
{"time":"2026-09-10T19:49:01+02:00","context":"includes/mailer.php","message":"SMTP debug","extra":{"msg":"CLIENT -> SERVER:         Si vous n'avez pas demandé cette réinitialisation, vous pouvez ignorer cet e-mail.\r\n"}}
{"time":"2026-09-10T19:49:01+02:00","context":"includes/mailer.php","message":"SMTP debug","extra":{"msg":"CLIENT -> SERVER:         © 2026 Partageons La Forêt\r\n"}}
{"time":"2026-09-10T19:49:01+02:00","context":"includes/mailer.php","message":"SMTP debug","extra":{"msg":"CLIENT -> SERVER:       \r\n"}}
{"time":"2026-09-10T19:49:01+02:00","context":"includes/mailer.php","message":"SMTP debug","extra":{"msg":"CLIENT -> SERVER:     \r\n"}}
{"time":"2026-09-10T19:49:01+02:00","context":"includes/mailer.php","message":"SMTP debug","extra":{"msg":"CLIENT -> SERVER:   \r\n"}}
{"time":"2026-09-10T19:49:01+02:00","context":"includes/mailer.php","message":"SMTP debug","extra":{"msg":"CLIENT -> SERVER: \r\n"}}
{"time":"2026-09-10T19:49:01+02:00","context":"includes/mailer.php","message":"SMTP debug","extra":{"msg":"CLIENT -> SERVER: \r\n"}}
{"time":"2026-09-10T19:49:01+02:00","context":"includes/mailer.php","message":"SMTP debug","extra":{"msg":"CLIENT -> SERVER: \r\n"}}
{"time":"2026-09-10T19:49:01+02:00","context":"includes/mailer.php","message":"SMTP debug","extra":{"msg":"CLIENT -> SERVER: --b1=_QPWVxG1BSdDEQ9Wl0cnI3kCsKakq4DaSsm6Hc4Smg\r\n"}}
{"time":"2026-09-10T19:49:01+02:00","context":"includes/mailer.php","message":"SMTP debug","extra":{"msg":"CLIENT -> SERVER: Content-Type: text/html; charset=UTF-8\r\n"}}
{"time":"2026-09-10T19:49:01+02:00","context":"includes/mailer.php","message":"SMTP debug","extra":{"msg":"CLIENT -> SERVER: Content-Transfer-Encoding: 8bit\r\n"}}
{"time":"2026-09-10T19:49:01+02:00","context":"includes/mailer.php","message":"SMTP debug","extra":{"msg":"CLIENT -> SERVER: \r\n"}}
{"time":"2026-09-10T19:49:01+02:00","context":"includes/mailer.php","message":"SMTP debug","extra":{"msg":"CLIENT -> SERVER: <!doctype html>\r\n"}}
{"time":"2026-09-10T19:49:01+02:00","context":"includes/mailer.php","message":"SMTP debug","extra":{"msg":"CLIENT -> SERVER: <html lang=\"fr\">\r\n"}}
{"time":"2026-09-10T19:49:01+02:00","context":"includes/mailer.php","message":"SMTP debug","extra":{"msg":"CLIENT -> SERVER: <head>\r\n"}}
{"time":"2026-09-10T19:49:01+02:00","context":"includes/mailer.php","message":"SMTP debug","extra":{"msg":"CLIENT -> SERVER:   <meta charset=\"utf-8\">\r\n"}}
{"time":"2026-09-10T19:49:01+02:00","context":"includes/mailer.php","message":"SMTP debug","extra":{"msg":"CLIENT -> SERVER:   <meta name=\"viewport\" content=\"width=device-width, initial-scale=1\">\r\n"}}
{"time":"2026-09-10T19:49:01+02:00","context":"includes/mailer.php","message":"SMTP debug","extra":{"msg":"CLIENT -> SERVER:   <meta name=\"color-scheme\" content=\"light\">\r\n"}}
{"time":"2026-09-10T19:49:01+02:00","context":"includes/mailer.php","message":"SMTP debug","extra":{"msg":"CLIENT -> SERVER:   <meta name=\"supported-color-schemes\" content=\"light\">\r\n"}}
{"time":"2026-09-10T19:49:01+02:00","context":"includes/mailer.php","message":"SMTP debug","extra":{"msg":"[REDACTED]"}}
{"time":"2026-09-10T19:49:01+02:00","context":"includes/mailer.php","message":"SMTP debug","extra":{"msg":"CLIENT -> SERVER:   <style>/* Style commun pour tous les emails */\r\n"}}
{"time":"2026-09-10T19:49:01+02:00","context":"includes/mailer.php","message":"SMTP debug","extra":{"msg":"CLIENT -> SERVER: body {\r\n"}}
{"time":"2026-09-10T19:49:01+02:00","context":"includes/mailer.php","message":"SMTP debug","extra":{"msg":"CLIENT -> SERVER:     font-family: Arial, sans-serif;\r\n"}}
{"time":"2026-09-10T19:49:01+02:00","context":"includes/mailer.php","message":"SMTP debug","extra":{"msg":"CLIENT -> SERVER:     line-height: 1.6;\r\n"}}
{"time":"2026-09-10T19:49:01+02:00","context":"includes/mailer.php","message":"SMTP debug","extra":{"msg":"CLIENT -> SERVER:     color: #333;\r\n"}}
{"time":"2026-09-10T19:49:01+02:00","context":"includes/mailer.php","message":"SMTP debug","extra":{"msg":"CLIENT -> SERVER:     max-width: 600px;\r\n"}}
{"time":"2026-09-10T19:49:01+02:00","context":"includes/mailer.php","message":"SMTP debug","extra":{"msg":"CLIENT -> SERVER:     margin: 0 auto;\r\n"}}
{"time":"2026-09-10T19:49:01+02:00","context":"includes/mailer.php","message":"SMTP debug","extra":{"msg":"CLIENT -> SERVER: }\r\n"}}
{"time":"2026-09-10T19:49:01+02:00","context":"includes/mailer.php","message":"SMTP debug","extra":{"msg":"CLIENT -> SERVER: \r\n"}}
{"time":"2026-09-10T19:49:01+02:00","context":"includes/mailer.php","message":"SMTP debug","extra":{"msg":"CLIENT -> SERVER: /* Styles structurés pour les emails (gabarit contact) */\r\n"}}
{"time":"2026-09-10T19:49:01+02:00","context":"includes/mailer.php","message":"SMTP debug","extra":{"msg":"CLIENT -> SERVER: ..email-wrapper {\r\n"}}
{"time":"2026-09-10T19:49:01+02:00","context":"includes/mailer.php","message":"SMTP debug","extra":{"msg":"CLIENT -> SERVER:     background: #F7FAF7;\r\n"}}
{"time":"2026-09-10T19:49:01+02:00","context":"includes/mailer.php","message":"SMTP debug","extra":{"msg":"CLIENT -> SERVER:     margin: 0;\r\n"}}
{"time":"2026-09-10T19:49:01+02:00","context":"includes/mailer.php","message":"SMTP debug","extra":{"msg":"CLIENT -> SERVER:     padding: 20px;\r\n"}}
{"time":"2026-09-10T19:49:01+02:00","context":"includes/mailer.php","message":"SMTP debug","extra":{"msg":"CLIENT -> SERVER:     font-family: Roboto, Arial, sans-serif;\r\n"}}
{"time":"2026-09-10T19:49:01+02:00","context":"includes/mailer.php","message":"SMTP debug","extra":{"msg":"CLIENT -> SERVER:     color: #2B2B2B;\r\n"}}
{"time":"2026-09-10T19:49:01+02:00","context":"includes/mailer.php","message":"SMTP debug","extra":{"msg":"CLIENT -> SERVER: }\r\n"}}
{"time":"2026-09-10T19:49:01+02:00","context":"includes/mailer.php","message":"SMTP debug","extra":{"msg":"CLIENT -> SERVER: \r\n"}}
{"time":"2026-09-10T19:49:01+02:00","context":"includes/mailer.php","message":"SMTP debug","extra":{"msg":"CLIENT -> SERVER: ..email-container {\r\n"}}
{"time":"2026-09-10T19:49:01+02:00","context":"includes/mailer.php","message":"SMTP debug","extra":{"msg":"CLIENT -> SERVER:     max-width: 640px;\r\n"}}
{"time":"2026-09-10T19:49:01+02:00","context":"includes/mailer.php","message":"SMTP debug","extra":{"msg":"CLIENT -> SERVER:     margin: 0 auto;\r\n"}}
{"time":"2026-09-10T19:49:01+02:00","context":"includes/mailer.php","message":"SMTP debug","extra":{"msg":"CLIENT -> SERVER:     background: #F7FAF7 !important;\r\n"}}
{"time":"2026-09-10T19:49:01+02:00","context":"includes/mailer.php","message":"SMTP debug","extra":{"msg":"CLIENT -> SERVER:     border: 1px solid #E5EBE5;\r\n"}}
{"time":"2026-09-10T19:49:01+02:00","context":"includes/mailer.php","message":"SMTP debug","extra":{"msg":"CLIENT -> SERVER:     border-radius: 10px;\r\n"}}
{"time":"2026-09-10T19:49:01+02:00","context":"includes/mailer.php","message":"SMTP debug","extra":{"msg":"CLIENT -> SERVER:     overflow: hidden;\r\n"}}
{"time":"2026-09-10T19:49:01+02:00","context":"includes/mailer.php","message":"SMTP debug","extra":{"msg":"CLIENT -> SERVER: }\r\n"}}
{"time":"2026-09-10T19:49:01+02:00","context":"includes/mailer.php","message":"SMTP debug","extra":{"msg":"CLIENT -> SERVER: \r\n"}}
{"time":"2026-09-10T19:49:01+02:00","context":"includes/mailer.php","message":"SMTP debug","extra":{"msg":"CLIENT -> SERVER: ..email-header {\r\n"}}
{"time":"2026-09-10T19:49:01+02:00","context":"includes/mailer.php","message":"SMTP debug","extra":{"msg":"CLIENT -> SERVER:     background: rgba(58, 138, 61, 0.5) !important;\r\n"}}
{"time":"2026-09-10T19:49:01+02:00","context":"includes/mailer.php","message":"SMTP debug","extra":{"msg":"CLIENT -> SERVER:     color: var(--secondary-color) !important;\r\n"}}
{"time":"2026-09-10T19:49:01+02:00","context":"includes/mailer.php","message":"SMTP debug","extra":{"msg":"CLIENT -> SERVER:     padding: 20px;\r\n"}}
{"time":"2026-09-10T19:49:01+02:00","context":"includes/mailer.php","message":"SMTP debug","extra":{"msg":"CLIENT -> SERVER: }\r\n"}}
{"time":"2026-09-10T19:49:01+02:00","context":"includes/mailer.php","message":"SMTP debug","extra":{"msg":"CLIENT -> SERVER: ..email-header h1 {\r\n"}}
{"time":"2026-09-10T19:49:01+02:00","context":"includes/mailer.php","message":"SMTP debug","extra":{"msg":"CLIENT -> SERVER:     margin: 0;\r\n"}}
{"time":"2026-09-10T19:49:01+02:00","context":"includes/mailer.php","message":"SMTP debug","extra":{"msg":"CLIENT -> SERVER:     font-size: 20px;\r\n"}}
{"time":"2026-09-10T19:49:01+02:00","context":"includes/mailer.php","message":"SMTP debug","extra":{"msg":"CLIENT -> SERVER: }\r\n"}}
{"time":"2026-09-10T19:49:01+02:00","context":"includes/mailer.php","message":"SMTP debug","extra":{"msg":"CLIENT -> SERVER: ..email-subject {\r\n"}}
{"time":"2026-09-10T19:49:01+02:00","context":"includes/mailer.php","message":"SMTP debug","extra":{"msg":"CLIENT -> SERVER:     margin: 6px 0 0;\r\n"}}
{"time":"2026-09-10T19:49:01+02:00","context":"includes/mailer.php","message":"SMTP debug","extra":{"msg":"CLIENT -> SERVER:     font-size: 14px;\r\n"}}
{"time":"2026-09-10T19:49:01+02:00","context":"includes/mailer.php","message":"SMTP debug","extra":{"msg":"CLIENT -> SERVER:     opacity: 0.95;\r\n"}}
{"time":"2026-09-10T19:49:01+02:00","context":"includes/mailer.php","message":"SMTP debug","extra":{"msg":"CLIENT -> SERVER: }\r\n"}}
{"time":"2026-09-10T19:49:01+02:00","context":"includes/mailer.php","message":"SMTP debug","extra":{"msg":"CLIENT -> SERVER: ..email-badge {\r\n"}}
{"time":"2026-09-10T19:49:01+02:00","context":"includes/mailer.php","message":"SMTP debug","extra":{"msg":"CLIENT -> SERVER:     display: inline-block;\r\n"}}
{"time":"2026-09-10T19:49:01+02:00","context":"includes/mailer.php","message":"SMTP debug","extra":{"msg":"CLIENT -> SERVER:     margin-top: 8px;\r\n"}}
{"time":"2026-09-10T19:49:01+02:00","context":"includes/mailer.php","message":"SMTP debug","extra":{"msg":"CLIENT -> SERVER:     background: rgba(255,255,255,0.15);\r\n"}}
{"time":"2026-09-10T19:49:01+02:00","context":"includes/mailer.php","message":"SMTP debug","extra":{"msg":"CLIENT -> SERVER:     border: 1px solid rgba(255,255,255,0.35);\r\n"}}
{"time":"2026-09-10T19:49:01+02:00","context":"includes/mailer.php","message":"SMTP debug","extra":{"msg":"CLIENT -> SERVER:     padding: 4px 8px;\r\n"}}
{"time":"2026-09-10T19:49:01+02:00","context":"includes/mailer.php","message":"SMTP debug","extra":{"msg":"CLIENT -> SERVER:     border-radius: 6px;\r\n"}}
{"time":"2026-09-10T19:49:01+02:00","context":"includes/mailer.php","message":"SMTP debug","extra":{"msg":"CLIENT -> SERVER:     font-size: 12px;\r\n"}}
{"time":"2026-09-10T19:49:01+02:00","context":"includes/mailer.php","message":"SMTP debug","extra":{"msg":"CLIENT -> SERVER: }\r\n"}}
{"time":"2026-09-10T19:49:01+02:00","context":"includes/mailer.php","message":"SMTP debug","extra":{"msg":"CLIENT -> SERVER: \r\n"}}
{"time":"2026-09-10T19:49:01+02:00","context":"includes/mailer.php","message":"SMTP debug","extra":{"msg":"CLIENT -> SERVER: ..email-content {\r\n"}}
{"time":"2026-09-10T19:49:01+02:00","context":"includes/mailer.php","message":"SMTP debug","extra":{"msg":"CLIENT -> SERVER:     padding: 20px;\r\n"}}
{"time":"2026-09-10T19:49:01+02:00","context":"includes/mailer.php","message":"SMTP debug","extra":{"msg":"CLIENT -> SERVER:     background: #F7FAF7 !important;\r\n"}}
{"time":"2026-09-10T19:49:01+02:00","context":"includes/mailer.php","message":"SMTP debug","extra":{"msg":"CLIENT -> SERVER: }\r\n"}}
{"time":"2026-09-10T19:49:01+02:00","context":"includes/mailer.php","message":"SMTP debug","extra":{"msg":"CLIENT -> SERVER: ..email-field {\r\n"}}
{"time":"2026-09-10T19:49:01+02:00","context":"includes/mailer.php","message":"SMTP debug","extra":{"msg":"CLIENT -> SERVER:     margin: 0 0 12px;\r\n"}}
{"time":"2026-09-10T19:49:01+02:00","context":"includes/mailer.php","message":"SMTP debug","extra":{"msg":"CLIENT -> SERVER: }\r\n"}}
{"time":"2026-09-10T19:49:01+02:00","context":"includes/mailer.php","message":"SMTP debug","extra":{"msg":"CLIENT -> SERVER: ..email-label {\r\n"}}
{"time":"2026-09-10T19:49:01+02:00","context":"includes/mailer.php","message":"SMTP debug","extra":{"msg":"CLIENT -> SERVER:     display: inline-block;\r\n"}}
{"time":"2026-09-10T19:49:01+02:00","context":"includes/mailer.php","message":"SMTP debug","extra":{"msg":"CLIENT -> SERVER:     min-width: 82px;\r\n"}}
{"time":"2026-09-10T19:49:01+02:00","context":"includes/mailer.php","message":"SMTP debug","extra":{"msg":"CLIENT -> SERVER:     font-weight: 700;\r\n"}}
{"time":"2026-09-10T19:49:01+02:00","context":"includes/mailer.php","message":"SMTP debug","extra":{"msg":"CLIENT -> SERVER:     color: #6b7a6e !important;\r\n"}}
{"time":"2026-09-10T19:49:01+02:00","context":"includes/mailer.php","message":"SMTP debug","extra":{"msg":"CLIENT -> SERVER: }\r\n"}}
{"time":"2026-09-10T19:49:01+02:00","context":"includes/mailer.php","message":"SMTP debug","extra":{"msg":"CLIENT -> SERVER: ..email-value {\r\n"}}
{"time":"2026-09-10T19:49:01+02:00","context":"includes/mailer.php","message":"SMTP debug","extra":{"msg":"CLIENT -> SERVER:     color: #6b7a6e !important;\r\n"}}
{"time":"2026-09-10T19:49:01+02:00","context":"includes/mailer.php","message":"SMTP debug","extra":{"msg":"CLIENT -> SERVER: }\r\n"}}
{"time":"2026-09-10T19:49:01+02:00","context":"includes/mailer.php","message":"SMTP debug","extra":{"msg":"CLIENT -> SERVER: ..email-message {\r\n"}}
{"time":"2026-09-10T19:49:01+02:00","context":"includes/mailer.php","message":"SMTP debug","extra":{"msg":"CLIENT -> SERVER:     margin-top: 6px;\r\n"}}
{"time":"2026-09-10T19:49:01+02:00","context":"includes/mailer.php","message":"SMTP debug","extra":{"msg":"CLIENT -> SERVER:     white-space: pre-wrap;\r\n"}}
{"time":"2026-09-10T19:49:01+02:00","context":"includes/mailer.php","message":"SMTP debug","extra":{"msg":"CLIENT -> SERVER:     line-height: 1.5;\r\n"}}
{"time":"2026-09-10T19:49:01+02:00","context":"includes/mailer.php","message":"SMTP debug","extra":{"msg":"CLIENT -> SERVER: }\r\n"}}
{"time":"2026-09-10T19:49:01+02:00","context":"includes/mailer.php","message":"SMTP debug","extra":{"msg":"CLIENT -> SERVER: \r\n"}}
{"time":"2026-09-10T19:49:01+02:00","context":"includes/mailer.php","message":"SMTP debug","extra":{"msg":"CLIENT -> SERVER: ..email-footer {\r\n"}}
{"time":"2026-09-10T19:49:01+02:00","context":"includes/mailer.php","message":"SMTP debug","extra":{"msg":"CLIENT -> SERVER:     font-size: 12px;\r\n"}}
{"time":"2026-09-10T19:49:01+02:00","context":"includes/mailer.php","message":"SMTP debug","extra":{"msg":"CLIENT -> SERVER:     color: #6b7a6e !important;\r\n"}}
{"time":"2026-09-10T19:49:01+02:00","context":"includes/mailer.php","message":"SMTP debug","extra":{"msg":"CLIENT -> SERVER:     padding: 16px 20px;\r\n"}}
{"time":"2026-09-10T19:49:01+02:00","context":"includes/mailer.php","message":"SMTP debug","extra":{"msg":"CLIENT -> SERVER:     border-top: 1px solid #E5EBE5 !important;\r\n"}}
{"time":"2026-09-10T19:49:01+02:00","context":"includes/mailer.php","message":"SMTP debug","extra":{"msg":"CLIENT -> SERVER:     background: #F7FAF7 !important;\r\n"}}
{"time":"2026-09-10T19:49:01+02:00","context":"includes/mailer.php","message":"SMTP debug","extra":{"msg":"CLIENT -> SERVER: }\r\n"}}
{"time":"2026-09-10T19:49:01+02:00","context":"includes/mailer.php","message":"SMTP debug","extra":{"msg":"CLIENT -> SERVER: ..header {\r\n"}}
{"time":"2026-09-10T19:49:01+02:00","context":"includes/mailer.php","message":"SMTP debug","extra":{"msg":"CLIENT -> SERVER:     background: rgba(58, 138, 61, 0.5) !important;;\r\n"}}
{"time":"2026-09-10T19:49:01+02:00","context":"includes/mailer.php","message":"SMTP debug","extra":{"msg":"CLIENT -> SERVER:     color: var(--secondary-color);\r\n"}}
{"time":"2026-09-10T19:49:01+02:00","context":"includes/mailer.php","message":"SMTP debug","extra":{"msg":"CLIENT -> SERVER:     padding: 20px;\r\n"}}
{"time":"2026-09-10T19:49:01+02:00","context":"includes/mailer.php","message":"SMTP debug","extra":{"msg":"CLIENT -> SERVER:     text-align: center;\r\n"}}
{"time":"2026-09-10T19:49:01+02:00","context":"includes/mailer.php","message":"SMTP debug","extra":{"msg":"CLIENT -> SERVER: }\r\n"}}
{"time":"2026-09-10T19:49:01+02:00","context":"includes/mailer.php","message":"SMTP debug","extra":{"msg":"CLIENT -> SERVER: \r\n"}}
{"time":"2026-09-10T19:49:01+02:00","context":"includes/mailer.php","message":"SMTP debug","extra":{"msg":"CLIENT -> SERVER: ..content {\r\n"}}
{"time":"2026-09-10T19:49:01+02:00","context":"includes/mailer.php","message":"SMTP debug","extra":{"msg":"CLIENT -> SERVER:     padding: 20px;\r\n"}}
{"time":"2026-09-10T19:49:01+02:00","context":"includes/mailer.php","message":"SMTP debug","extra":{"msg":"CLIENT -> SERVER:     background: #fff;\r\n"}}
{"time":"2026-09-10T19:49:01+02:00","context":"includes/mailer.php","message":"SMTP debug","extra":{"msg":"CLIENT -> SERVER: }\r\n"}}
{"time":"2026-09-10T19:49:01+02:00","context":"includes/mailer.php","message":"SMTP debug","extra":{"msg":"CLIENT -> SERVER: \r\n"}}
{"time":"2026-09-10T19:49:01+02:00","context":"includes/mailer.php","message":"SMTP debug","extra":{"msg":"CLIENT -> SERVER: ..footer {\r\n"}}
{"time":"2026-09-10T19:49:01+02:00","context":"includes/mailer.php","message":"SMTP debug","extra":{"msg":"CLIENT -> SERVER:     text-align: center;\r\n"}}
{"time":"2026-09-10T19:49:01+02:00","context":"includes/mailer.php","message":"SMTP debug","extra":{"msg":"CLIENT -> SERVER:     padding: 20px;\r\n"}}
{"time":"2026-09-10T19:49:01+02:00","context":"includes/mailer.php","message":"SMTP debug","extra":{"msg":"CLIENT -> SERVER:     background: #f5f5f5;\r\n"}}
{"time":"2026-09-10T19:49:01+02:00","context":"includes/mailer.php","message":"SMTP debug","extra":{"msg":"CLIENT -> SERVER:     font-size: 12px;\r\n"}}
{"time":"2026-09-10T19:49:01+02:00","context":"includes/mailer.php","message":"SMTP debug","extra":{"msg":"CLIENT -> SERVER: }\r\n"}}
{"time":"2026-09-10T19:49:01+02:00","context":"includes/mailer.php","message":"SMTP debug","extra":{"msg":"CLIENT -> SERVER: \r\n"}}
{"time":"2026-09-10T19:49:01+02:00","context":"includes/mailer.php","message":"SMTP debug","extra":{"msg":"CLIENT -> SERVER: ..button {\r\n"}}
{"time":"2026-09-10T19:49:01+02:00","context":"includes/mailer.php","message":"SMTP debug","extra":{"msg":"CLIENT -> SERVER:     display: inline-block;\r\n"}}
{"time":"2026-09-10T19:49:01+02:00","context":"includes/mailer.php","message":"SMTP debug","extra":{"msg":"CLIENT -> SERVER:     padding: 10px 20px;\r\n"}}
{"time":"2026-09-10T19:49:01+02:00","context":"includes/mailer.php","message":"SMTP debug","extra":{"msg":"CLIENT -> SERVER:     background: #4a6741;\r\n"}}
{"time":"2026-09-10T19:49:01+02:00","context":"includes/mailer.php","message":"SMTP debug","extra":{"msg":"CLIENT -> SERVER:     color: white;\r\n"}}
{"time":"2026-09-10T19:49:01+02:00","context":"includes/mailer.php","message":"SMTP debug","extra":{"msg":"CLIENT -> SERVER:     text-decoration: none;\r\n"}}
{"time":"2026-09-10T19:49:01+02:00","context":"includes/mailer.php","message":"SMTP debug","extra":{"msg":"CLIENT -> SERVER:     border-radius: 5px;\r\n"}}
{"time":"2026-09-10T19:49:01+02:00","context":"includes/mailer.php","message":"SMTP debug","extra":{"msg":"CLIENT -> SERVER:     margin: 20px 0;\r\n"}}
{"time":"2026-09-10T19:49:01+02:00","context":"includes/mailer.php","message":"SMTP debug","extra":{"msg":"CLIENT -> SERVER: }\r\n"}}
{"time":"2026-09-10T19:49:01+02:00","context":"includes/mailer.php","message":"SMTP debug","extra":{"msg":"CLIENT -> SERVER: \r\n"}}
{"time":"2026-09-10T19:49:01+02:00","context":"includes/mailer.php","message":"SMTP debug","extra":{"msg":"CLIENT -> SERVER: </style></head>\r\n"}}
{"time":"2026-09-10T19:49:01+02:00","context":"includes/mailer.php","message":"SMTP debug","extra":{"msg":"CLIENT -> SERVER: <body class=\"email-wrapper\">\r\n"}}
{"time":"2026-09-10T19:49:01+02:00","context":"includes/mailer.php","message":"SMTP debug","extra":{"msg":"CLIENT -> SERVER:   <table role=\"presentation\" class=\"email-container\" cellspacing=\"0\" cellpadding=\"0\" border=\"0\" align=\"center\" width=\"100%\">\r\n"}}
{"time":"2026-09-10T19:49:01+02:00","context":"includes/mailer.php","message":"SMTP debug","extra":{"msg":"CLIENT -> SERVER:     <tr>\r\n"}}
{"time":"2026-09-10T19:49:01+02:00","context":"includes/mailer.php","message":"SMTP debug","extra":{"msg":"CLIENT -> SERVER:       <td class=\"email-header\">\r\n"}}
{"time":"2026-09-10T19:49:01+02:00","context":"includes/mailer.php","message":"SMTP debug","extra":{"msg":"CLIENT -> SERVER:         <h1>Partageons La Forêt</h1>\r\n"}}
{"time":"2026-09-10T19:49:01+02:00","context":"includes/mailer.php","message":"SMTP debug","extra":{"msg":"[REDACTED]"}}
{"time":"2026-09-10T19:49:01+02:00","context":"includes/mailer.php","message":"SMTP debug","extra":{"msg":"CLIENT -> SERVER:       </td>\r\n"}}
{"time":"2026-09-10T19:49:01+02:00","context":"includes/mailer.php","message":"SMTP debug","extra":{"msg":"CLIENT -> SERVER:     </tr>\r\n"}}
{"time":"2026-09-10T19:49:01+02:00","context":"includes/mailer.php","message":"SMTP debug","extra":{"msg":"CLIENT -> SERVER:     <tr>\r\n"}}
{"time":"2026-09-10T19:49:01+02:00","context":"includes/mailer.php","message":"SMTP debug","extra":{"msg":"CLIENT -> SERVER:       <td class=\"email-content\">\r\n"}}
{"time":"2026-09-10T19:49:01+02:00","context":"includes/mailer.php","message":"SMTP debug","extra":{"msg":"CLIENT -> SERVER:         <p>Bonjour Olivier,</p>\r\n"}}
{"time":"2026-09-10T19:49:01+02:00","context":"includes/mailer.php","message":"SMTP debug","extra":{"msg":"[REDACTED]"}}
{"time":"2026-09-10T19:49:01+02:00","context":"includes/mailer.php","message":"SMTP debug","extra":{"msg":"CLIENT -> SERVER:         <p>\r\n"}}
{"time":"2026-09-10T19:49:01+02:00","context":"includes/mailer.php","message":"SMTP debug","extra":{"msg":"[REDACTED]"}}
{"time":"2026-09-10T19:49:01+02:00","context":"includes/mailer.php","message":"SMTP debug","extra":{"msg":"CLIENT -> SERVER:         </p>\r\n"}}
{"time":"2026-09-10T19:49:01+02:00","context":"includes/mailer.php","message":"SMTP debug","extra":{"msg":"CLIENT -> SERVER:         <p>Si le bouton ne fonctionne pas, copiez et collez le lien suivant dans votre navigateur :</p>\r\n"}}
{"time":"2026-09-10T19:49:01+02:00","context":"includes/mailer.php","message":"SMTP debug","extra":{"msg":"CLIENT -> SERVER:         <p style=\"word-break: break-all; color: #6b7a6e;\">https://rando.partageonslaforet.be/?reset=1&amp;token=79ebbe8f5ae916461337f15649927d3a0b0827c819035938f3574cf3737b278f&amp;email=jarodhc4%40gmail.com</p>\r\n"}}
{"time":"2026-09-10T19:49:01+02:00","context":"includes/mailer.php","message":"SMTP debug","extra":{"msg":"CLIENT -> SERVER:         <p><strong>Note :</strong> ce lien est valable 1 heure et à usage unique.</p>\r\n"}}
{"time":"2026-09-10T19:49:01+02:00","context":"includes/mailer.php","message":"SMTP debug","extra":{"msg":"CLIENT -> SERVER:       </td>\r\n"}}
{"time":"2026-09-10T19:49:01+02:00","context":"includes/mailer.php","message":"SMTP debug","extra":{"msg":"CLIENT -> SERVER:     </tr>\r\n"}}
{"time":"2026-09-10T19:49:01+02:00","context":"includes/mailer.php","message":"SMTP debug","extra":{"msg":"CLIENT -> SERVER:     <tr>\r\n"}}
{"time":"2026-09-10T19:49:01+02:00","context":"includes/mailer.php","message":"SMTP debug","extra":{"msg":"CLIENT -> SERVER:       <td class=\"email-footer\">\r\n"}}
{"time":"2026-09-10T19:49:01+02:00","context":"includes/mailer.php","message":"SMTP debug","extra":{"msg":"CLIENT -> SERVER:         <p>Si vous n'avez pas demandé cette réinitialisation, vous pouvez ignorer cet e-mail.</p>\r\n"}}
{"time":"2026-09-10T19:49:01+02:00","context":"includes/mailer.php","message":"SMTP debug","extra":{"msg":"CLIENT -> SERVER:         <p>© 2026 Partageons La Forêt</p>\r\n"}}
{"time":"2026-09-10T19:49:01+02:00","context":"includes/mailer.php","message":"SMTP debug","extra":{"msg":"CLIENT -> SERVER:       </td>\r\n"}}
{"time":"2026-09-10T19:49:01+02:00","context":"includes/mailer.php","message":"SMTP debug","extra":{"msg":"CLIENT -> SERVER:     </tr>\r\n"}}
{"time":"2026-09-10T19:49:01+02:00","context":"includes/mailer.php","message":"SMTP debug","extra":{"msg":"CLIENT -> SERVER:   </table>\r\n"}}
{"time":"2026-09-10T19:49:01+02:00","context":"includes/mailer.php","message":"SMTP debug","extra":{"msg":"CLIENT -> SERVER: </body>\r\n"}}
{"time":"2026-09-10T19:49:01+02:00","context":"includes/mailer.php","message":"SMTP debug","extra":{"msg":"CLIENT -> SERVER: </html>\r\n"}}
{"time":"2026-09-10T19:49:01+02:00","context":"includes/mailer.php","message":"SMTP debug","extra":{"msg":"CLIENT -> SERVER: \r\n"}}
{"time":"2026-09-10T19:49:01+02:00","context":"includes/mailer.php","message":"SMTP debug","extra":{"msg":"CLIENT -> SERVER: \r\n"}}
{"time":"2026-09-10T19:49:01+02:00","context":"includes/mailer.php","message":"SMTP debug","extra":{"msg":"CLIENT -> SERVER: --b1=_QPWVxG1BSdDEQ9Wl0cnI3kCsKakq4DaSsm6Hc4Smg--\r\n"}}
{"time":"2026-09-10T19:49:01+02:00","context":"includes/mailer.php","message":"SMTP debug","extra":{"msg":"CLIENT -> SERVER: \r\n"}}
{"time":"2026-09-10T19:49:01+02:00","context":"includes/mailer.php","message":"SMTP debug","extra":{"msg":"CLIENT -> SERVER: .\r\n"}}
{"time":"2026-09-10T19:49:01+02:00","context":"includes/mailer.php","message":"SMTP debug","extra":{"msg":"SERVER -> CLIENT: 250 OK id=1x4itR-00000009IXe-2j5B\r\n"}}
{"time":"2026-09-10T19:49:01+02:00","context":"includes/mailer.php","message":"SMTP debug","extra":{"msg":"CLIENT -> SERVER: QUIT\r\n"}}
{"time":"2026-09-10T19:49:01+02:00","context":"includes/mailer.php","message":"SMTP debug","extra":{"msg":"SERVER -> CLIENT: 221 chat.o2switch.net closing connection\r\n"}}
{"time":"2026-09-10T19:49:01+02:00","context":"includes/mailer.php","message":"Envoi e-mail reussi","extra":{"to":"jarodhc4@gmail.com","subject":"Réinitialisation de votre mot de passe - Partageons La Forêt","transport":"smtp"}}
{"time":"2026-09-10T19:49:01+02:00","context":"api/auth/forgot-password.php","message":"Resultat envoi mail reset","extra":{"sent":true,"email":"jarodhc4@gmail.com"}}
{"time":"2026-09-10T19:53:34+02:00","context":"includes/mailer.php","message":"Config mail chargée","extra":{"local_loaded":true,"local_path":"/home/cool5792/rando.partageonslaforet.be/includes/../config/mail.local.php","host":"chat.o2switch.net","from":"rando@partageonslaforet.be"}}
{"time":"2026-09-10T19:53:34+02:00","context":"includes/mailer.php","message":"Init transport","extra":{"useSMTP":true,"transport":"smtp","host":"chat.o2switch.net","port":465,"secure":"ssl","hasUser":true,"hasPass":true,"from":"rando@partageonslaforet.be"}}
{"time":"2026-09-10T19:53:34+02:00","context":"includes/mailer.php","message":"Tentative envoi e-mail","extra":{"to":"jarodhc4@gmail.com","subject":"Réinitialisation de votre mot de passe - Partageons La Forêt","transport":"smtp","host":"chat.o2switch.net","port":465,"secure":"ssl","auth":"yes"}}
{"time":"2026-09-10T19:53:34+02:00","context":"includes/mailer.php","message":"SMTP debug","extra":{"msg":"SERVER -> CLIENT: 220-chat.o2switch.net ESMTP Exim 4.99.5 #2 Thu, 10 Sep 2026 19:53:34 +0200 \r\n220-We do not authorize the use of this system to transport unsolicited, \r\n220 and/or bulk e-mail.\r\n"}}
{"time":"2026-09-10T19:53:34+02:00","context":"includes/mailer.php","message":"SMTP debug","extra":{"msg":"CLIENT -> SERVER: EHLO rando.partageonslaforet.be\r\n"}}
{"time":"2026-09-10T19:53:34+02:00","context":"includes/mailer.php","message":"SMTP debug","extra":{"msg":"SERVER -> CLIENT: 250-chat.o2switch.net Hello rando.partageonslaforet.be [109.234.164.134]\r\n250-SIZE 262144000\r\n250-LIMITS MAILMAX=1000 RCPTMAX=50000\r\n250-8BITMIME\r\n250-PIPELINING\r\n250-PIPECONNECT\r\n250-AUTH PLAIN LOGIN\r\n250 HELP\r\n"}}
{"time":"2026-09-10T19:53:34+02:00","context":"includes/mailer.php","message":"SMTP debug","extra":{"msg":"CLIENT -> SERVER: AUTH LOGIN\r\n"}}
{"time":"2026-09-10T19:53:34+02:00","context":"includes/mailer.php","message":"SMTP debug","extra":{"msg":"SERVER -> CLIENT: 334 VXNlcm5hbWU6\r\n"}}
{"time":"2026-09-10T19:53:34+02:00","context":"includes/mailer.php","message":"SMTP debug","extra":{"msg":"CLIENT -> SERVER: [credentials hidden]"}}
{"time":"2026-09-10T19:53:34+02:00","context":"includes/mailer.php","message":"SMTP debug","extra":{"msg":"SERVER -> CLIENT: 334 UGFzc3dvcmQ6\r\n"}}
{"time":"2026-09-10T19:53:34+02:00","context":"includes/mailer.php","message":"SMTP debug","extra":{"msg":"CLIENT -> SERVER: [credentials hidden]"}}
{"time":"2026-09-10T19:53:34+02:00","context":"includes/mailer.php","message":"SMTP debug","extra":{"msg":"SERVER -> CLIENT: 235 Authentication succeeded\r\n"}}
{"time":"2026-09-10T19:53:34+02:00","context":"includes/mailer.php","message":"SMTP debug","extra":{"msg":"CLIENT -> SERVER: MAIL FROM:<rando@partageonslaforet.be>\r\n"}}
{"time":"2026-09-10T19:53:34+02:00","context":"includes/mailer.php","message":"SMTP debug","extra":{"msg":"SERVER -> CLIENT: 250 OK\r\n"}}
{"time":"2026-09-10T19:53:34+02:00","context":"includes/mailer.php","message":"SMTP debug","extra":{"msg":"CLIENT -> SERVER: RCPT TO:<jarodhc4@gmail.com>\r\n"}}
{"time":"2026-09-10T19:53:34+02:00","context":"includes/mailer.php","message":"SMTP debug","extra":{"msg":"SERVER -> CLIENT: 250 Accepted\r\n"}}
{"time":"2026-09-10T19:53:34+02:00","context":"includes/mailer.php","message":"SMTP debug","extra":{"msg":"CLIENT -> SERVER: DATA\r\n"}}
{"time":"2026-09-10T19:53:34+02:00","context":"includes/mailer.php","message":"SMTP debug","extra":{"msg":"SERVER -> CLIENT: 354 Enter message, ending with \".\" on a line by itself\r\n"}}
{"time":"2026-09-10T19:53:34+02:00","context":"includes/mailer.php","message":"SMTP debug","extra":{"msg":"CLIENT -> SERVER: Date: Thu, 10 Sep 2026 19:53:34 +0200\r\n"}}
{"time":"2026-09-10T19:53:34+02:00","context":"includes/mailer.php","message":"SMTP debug","extra":{"msg":"CLIENT -> SERVER: To: jarodhc4@gmail.com\r\n"}}
{"time":"2026-09-10T19:53:34+02:00","context":"includes/mailer.php","message":"SMTP debug","extra":{"msg":"CLIENT -> SERVER: From: =?UTF-8?Q?Partageons_la_For=C3=AAt?= <rando@partageonslaforet.be>\r\n"}}
{"time":"2026-09-10T19:53:34+02:00","context":"includes/mailer.php","message":"SMTP debug","extra":{"msg":"[REDACTED]"}}
{"time":"2026-09-10T19:53:34+02:00","context":"includes/mailer.php","message":"SMTP debug","extra":{"msg":"CLIENT -> SERVER: Message-ID: <tt8JdpO4oChyapLm6zcy5LNERtpKhSelL9fp0g@rando.partageonslaforet.be>\r\n"}}
{"time":"2026-09-10T19:53:34+02:00","context":"includes/mailer.php","message":"SMTP debug","extra":{"msg":"CLIENT -> SERVER: X-Mailer: PHPMailer 6.9.3 (https://github.com/PHPMailer/PHPMailer)\r\n"}}
{"time":"2026-09-10T19:53:34+02:00","context":"includes/mailer.php","message":"SMTP debug","extra":{"msg":"CLIENT -> SERVER: MIME-Version: 1.0\r\n"}}
{"time":"2026-09-10T19:53:34+02:00","context":"includes/mailer.php","message":"SMTP debug","extra":{"msg":"CLIENT -> SERVER: Content-Type: multipart/alternative;\r\n"}}
{"time":"2026-09-10T19:53:34+02:00","context":"includes/mailer.php","message":"SMTP debug","extra":{"msg":"CLIENT -> SERVER:  boundary=\"b1=_tt8JdpO4oChyapLm6zcy5LNERtpKhSelL9fp0g\"\r\n"}}
{"time":"2026-09-10T19:53:34+02:00","context":"includes/mailer.php","message":"SMTP debug","extra":{"msg":"CLIENT -> SERVER: Content-Transfer-Encoding: 8bit\r\n"}}
{"time":"2026-09-10T19:53:34+02:00","context":"includes/mailer.php","message":"SMTP debug","extra":{"msg":"CLIENT -> SERVER: \r\n"}}
{"time":"2026-09-10T19:53:34+02:00","context":"includes/mailer.php","message":"SMTP debug","extra":{"msg":"CLIENT -> SERVER: --b1=_tt8JdpO4oChyapLm6zcy5LNERtpKhSelL9fp0g\r\n"}}
{"time":"2026-09-10T19:53:34+02:00","context":"includes/mailer.php","message":"SMTP debug","extra":{"msg":"CLIENT -> SERVER: Content-Type: text/plain; charset=UTF-8\r\n"}}
{"time":"2026-09-10T19:53:34+02:00","context":"includes/mailer.php","message":"SMTP debug","extra":{"msg":"CLIENT -> SERVER: Content-Transfer-Encoding: 8bit\r\n"}}
{"time":"2026-09-10T19:53:34+02:00","context":"includes/mailer.php","message":"SMTP debug","extra":{"msg":"CLIENT -> SERVER: \r\n"}}
{"time":"2026-09-10T19:53:34+02:00","context":"includes/mailer.php","message":"SMTP debug","extra":{"msg":"CLIENT -> SERVER: \r\n"}}
{"time":"2026-09-10T19:53:34+02:00","context":"includes/mailer.php","message":"SMTP debug","extra":{"msg":"CLIENT -> SERVER: \r\n"}}
{"time":"2026-09-10T19:53:34+02:00","context":"includes/mailer.php","message":"SMTP debug","extra":{"msg":"CLIENT -> SERVER: \r\n"}}
{"time":"2026-09-10T19:53:34+02:00","context":"includes/mailer.php","message":"SMTP debug","extra":{"msg":"CLIENT -> SERVER:   \r\n"}}
{"time":"2026-09-10T19:53:34+02:00","context":"includes/mailer.php","message":"SMTP debug","extra":{"msg":"CLIENT -> SERVER:   \r\n"}}
{"time":"2026-09-10T19:53:34+02:00","context":"includes/mailer.php","message":"SMTP debug","extra":{"msg":"CLIENT -> SERVER:   \r\n"}}
{"time":"2026-09-10T19:53:34+02:00","context":"includes/mailer.php","message":"SMTP debug","extra":{"msg":"CLIENT -> SERVER:   \r\n"}}
{"time":"2026-09-10T19:53:34+02:00","context":"includes/mailer.php","message":"SMTP debug","extra":{"msg":"[REDACTED]"}}
{"time":"2026-09-10T19:53:34+02:00","context":"includes/mailer.php","message":"SMTP debug","extra":{"msg":"CLIENT -> SERVER:   /* Style commun pour tous les emails */\r\n"}}
{"time":"2026-09-10T19:53:34+02:00","context":"includes/mailer.php","message":"SMTP debug","extra":{"msg":"CLIENT -> SERVER: body {\r\n"}}
{"time":"2026-09-10T19:53:34+02:00","context":"includes/mailer.php","message":"SMTP debug","extra":{"msg":"CLIENT -> SERVER:     font-family: Arial, sans-serif;\r\n"}}
{"time":"2026-09-10T19:53:34+02:00","context":"includes/mailer.php","message":"SMTP debug","extra":{"msg":"CLIENT -> SERVER:     line-height: 1.6;\r\n"}}
{"time":"2026-09-10T19:53:34+02:00","context":"includes/mailer.php","message":"SMTP debug","extra":{"msg":"CLIENT -> SERVER:     color: #333;\r\n"}}
{"time":"2026-09-10T19:53:34+02:00","context":"includes/mailer.php","message":"SMTP debug","extra":{"msg":"CLIENT -> SERVER:     max-width: 600px;\r\n"}}
{"time":"2026-09-10T19:53:34+02:00","context":"includes/mailer.php","message":"SMTP debug","extra":{"msg":"CLIENT -> SERVER:     margin: 0 auto;\r\n"}}
{"time":"2026-09-10T19:53:34+02:00","context":"includes/mailer.php","message":"SMTP debug","extra":{"msg":"CLIENT -> SERVER: }\r\n"}}
{"time":"2026-09-10T19:53:34+02:00","context":"includes/mailer.php","message":"SMTP debug","extra":{"msg":"CLIENT -> SERVER: \r\n"}}
{"time":"2026-09-10T19:53:34+02:00","context":"includes/mailer.php","message":"SMTP debug","extra":{"msg":"CLIENT -> SERVER: /* Styles structurés pour les emails (gabarit contact) */\r\n"}}
{"time":"2026-09-10T19:53:34+02:00","context":"includes/mailer.php","message":"SMTP debug","extra":{"msg":"CLIENT -> SERVER: ..email-wrapper {\r\n"}}
{"time":"2026-09-10T19:53:34+02:00","context":"includes/mailer.php","message":"SMTP debug","extra":{"msg":"CLIENT -> SERVER:     background: #F7FAF7;\r\n"}}
{"time":"2026-09-10T19:53:34+02:00","context":"includes/mailer.php","message":"SMTP debug","extra":{"msg":"CLIENT -> SERVER:     margin: 0;\r\n"}}
{"time":"2026-09-10T19:53:34+02:00","context":"includes/mailer.php","message":"SMTP debug","extra":{"msg":"CLIENT -> SERVER:     padding: 20px;\r\n"}}
{"time":"2026-09-10T19:53:34+02:00","context":"includes/mailer.php","message":"SMTP debug","extra":{"msg":"CLIENT -> SERVER:     font-family: Roboto, Arial, sans-serif;\r\n"}}
{"time":"2026-09-10T19:53:34+02:00","context":"includes/mailer.php","message":"SMTP debug","extra":{"msg":"CLIENT -> SERVER:     color: #2B2B2B;\r\n"}}
{"time":"2026-09-10T19:53:34+02:00","context":"includes/mailer.php","message":"SMTP debug","extra":{"msg":"CLIENT -> SERVER: }\r\n"}}
{"time":"2026-09-10T19:53:34+02:00","context":"includes/mailer.php","message":"SMTP debug","extra":{"msg":"CLIENT -> SERVER: \r\n"}}
{"time":"2026-09-10T19:53:34+02:00","context":"includes/mailer.php","message":"SMTP debug","extra":{"msg":"CLIENT -> SERVER: ..email-container {\r\n"}}
{"time":"2026-09-10T19:53:34+02:00","context":"includes/mailer.php","message":"SMTP debug","extra":{"msg":"CLIENT -> SERVER:     max-width: 640px;\r\n"}}
{"time":"2026-09-10T19:53:34+02:00","context":"includes/mailer.php","message":"SMTP debug","extra":{"msg":"CLIENT -> SERVER:     margin: 0 auto;\r\n"}}
{"time":"2026-09-10T19:53:34+02:00","context":"includes/mailer.php","message":"SMTP debug","extra":{"msg":"CLIENT -> SERVER:     background: #F7FAF7 !important;\r\n"}}
{"time":"2026-09-10T19:53:34+02:00","context":"includes/mailer.php","message":"SMTP debug","extra":{"msg":"CLIENT -> SERVER:     border: 1px solid #E5EBE5;\r\n"}}
{"time":"2026-09-10T19:53:34+02:00","context":"includes/mailer.php","message":"SMTP debug","extra":{"msg":"CLIENT -> SERVER:     border-radius: 10px;\r\n"}}
{"time":"2026-09-10T19:53:34+02:00","context":"includes/mailer.php","message":"SMTP debug","extra":{"msg":"CLIENT -> SERVER:     overflow: hidden;\r\n"}}
{"time":"2026-09-10T19:53:34+02:00","context":"includes/mailer.php","message":"SMTP debug","extra":{"msg":"CLIENT -> SERVER: }\r\n"}}
{"time":"2026-09-10T19:53:34+02:00","context":"includes/mailer.php","message":"SMTP debug","extra":{"msg":"CLIENT -> SERVER: \r\n"}}
{"time":"2026-09-10T19:53:34+02:00","context":"includes/mailer.php","message":"SMTP debug","extra":{"msg":"CLIENT -> SERVER: ..email-header {\r\n"}}
{"time":"2026-09-10T19:53:34+02:00","context":"includes/mailer.php","message":"SMTP debug","extra":{"msg":"CLIENT -> SERVER:     background: rgba(58, 138, 61, 0.5) !important;\r\n"}}
{"time":"2026-09-10T19:53:34+02:00","context":"includes/mailer.php","message":"SMTP debug","extra":{"msg":"CLIENT -> SERVER:     color: var(--secondary-color) !important;\r\n"}}
{"time":"2026-09-10T19:53:34+02:00","context":"includes/mailer.php","message":"SMTP debug","extra":{"msg":"CLIENT -> SERVER:     padding: 20px;\r\n"}}
{"time":"2026-09-10T19:53:34+02:00","context":"includes/mailer.php","message":"SMTP debug","extra":{"msg":"CLIENT -> SERVER: }\r\n"}}
{"time":"2026-09-10T19:53:34+02:00","context":"includes/mailer.php","message":"SMTP debug","extra":{"msg":"CLIENT -> SERVER: ..email-header h1 {\r\n"}}
{"time":"2026-09-10T19:53:34+02:00","context":"includes/mailer.php","message":"SMTP debug","extra":{"msg":"CLIENT -> SERVER:     margin: 0;\r\n"}}
{"time":"2026-09-10T19:53:34+02:00","context":"includes/mailer.php","message":"SMTP debug","extra":{"msg":"CLIENT -> SERVER:     font-size: 20px;\r\n"}}
{"time":"2026-09-10T19:53:34+02:00","context":"includes/mailer.php","message":"SMTP debug","extra":{"msg":"CLIENT -> SERVER: }\r\n"}}
{"time":"2026-09-10T19:53:34+02:00","context":"includes/mailer.php","message":"SMTP debug","extra":{"msg":"CLIENT -> SERVER: ..email-subject {\r\n"}}
{"time":"2026-09-10T19:53:34+02:00","context":"includes/mailer.php","message":"SMTP debug","extra":{"msg":"CLIENT -> SERVER:     margin: 6px 0 0;\r\n"}}
{"time":"2026-09-10T19:53:34+02:00","context":"includes/mailer.php","message":"SMTP debug","extra":{"msg":"CLIENT -> SERVER:     font-size: 14px;\r\n"}}
{"time":"2026-09-10T19:53:34+02:00","context":"includes/mailer.php","message":"SMTP debug","extra":{"msg":"CLIENT -> SERVER:     opacity: 0.95;\r\n"}}
{"time":"2026-09-10T19:53:34+02:00","context":"includes/mailer.php","message":"SMTP debug","extra":{"msg":"CLIENT -> SERVER: }\r\n"}}
{"time":"2026-09-10T19:53:34+02:00","context":"includes/mailer.php","message":"SMTP debug","extra":{"msg":"CLIENT -> SERVER: ..email-badge {\r\n"}}
{"time":"2026-09-10T19:53:34+02:00","context":"includes/mailer.php","message":"SMTP debug","extra":{"msg":"CLIENT -> SERVER:     display: inline-block;\r\n"}}
{"time":"2026-09-10T19:53:34+02:00","context":"includes/mailer.php","message":"SMTP debug","extra":{"msg":"CLIENT -> SERVER:     margin-top: 8px;\r\n"}}
{"time":"2026-09-10T19:53:34+02:00","context":"includes/mailer.php","message":"SMTP debug","extra":{"msg":"CLIENT -> SERVER:     background: rgba(255,255,255,0.15);\r\n"}}
{"time":"2026-09-10T19:53:34+02:00","context":"includes/mailer.php","message":"SMTP debug","extra":{"msg":"CLIENT -> SERVER:     border: 1px solid rgba(255,255,255,0.35);\r\n"}}
{"time":"2026-09-10T19:53:34+02:00","context":"includes/mailer.php","message":"SMTP debug","extra":{"msg":"CLIENT -> SERVER:     padding: 4px 8px;\r\n"}}
{"time":"2026-09-10T19:53:34+02:00","context":"includes/mailer.php","message":"SMTP debug","extra":{"msg":"CLIENT -> SERVER:     border-radius: 6px;\r\n"}}
{"time":"2026-09-10T19:53:34+02:00","context":"includes/mailer.php","message":"SMTP debug","extra":{"msg":"CLIENT -> SERVER:     font-size: 12px;\r\n"}}
{"time":"2026-09-10T19:53:34+02:00","context":"includes/mailer.php","message":"SMTP debug","extra":{"msg":"CLIENT -> SERVER: }\r\n"}}
{"time":"2026-09-10T19:53:34+02:00","context":"includes/mailer.php","message":"SMTP debug","extra":{"msg":"CLIENT -> SERVER: \r\n"}}
{"time":"2026-09-10T19:53:34+02:00","context":"includes/mailer.php","message":"SMTP debug","extra":{"msg":"CLIENT -> SERVER: ..email-content {\r\n"}}
{"time":"2026-09-10T19:53:34+02:00","context":"includes/mailer.php","message":"SMTP debug","extra":{"msg":"CLIENT -> SERVER:     padding: 20px;\r\n"}}
{"time":"2026-09-10T19:53:34+02:00","context":"includes/mailer.php","message":"SMTP debug","extra":{"msg":"CLIENT -> SERVER:     background: #F7FAF7 !important;\r\n"}}
{"time":"2026-09-10T19:53:34+02:00","context":"includes/mailer.php","message":"SMTP debug","extra":{"msg":"CLIENT -> SERVER: }\r\n"}}
{"time":"2026-09-10T19:53:34+02:00","context":"includes/mailer.php","message":"SMTP debug","extra":{"msg":"CLIENT -> SERVER: ..email-field {\r\n"}}
{"time":"2026-09-10T19:53:34+02:00","context":"includes/mailer.php","message":"SMTP debug","extra":{"msg":"CLIENT -> SERVER:     margin: 0 0 12px;\r\n"}}
{"time":"2026-09-10T19:53:34+02:00","context":"includes/mailer.php","message":"SMTP debug","extra":{"msg":"CLIENT -> SERVER: }\r\n"}}
{"time":"2026-09-10T19:53:34+02:00","context":"includes/mailer.php","message":"SMTP debug","extra":{"msg":"CLIENT -> SERVER: ..email-label {\r\n"}}
{"time":"2026-09-10T19:53:34+02:00","context":"includes/mailer.php","message":"SMTP debug","extra":{"msg":"CLIENT -> SERVER:     display: inline-block;\r\n"}}
{"time":"2026-09-10T19:53:34+02:00","context":"includes/mailer.php","message":"SMTP debug","extra":{"msg":"CLIENT -> SERVER:     min-width: 82px;\r\n"}}
{"time":"2026-09-10T19:53:34+02:00","context":"includes/mailer.php","message":"SMTP debug","extra":{"msg":"CLIENT -> SERVER:     font-weight: 700;\r\n"}}
{"time":"2026-09-10T19:53:34+02:00","context":"includes/mailer.php","message":"SMTP debug","extra":{"msg":"CLIENT -> SERVER:     color: #6b7a6e !important;\r\n"}}
{"time":"2026-09-10T19:53:34+02:00","context":"includes/mailer.php","message":"SMTP debug","extra":{"msg":"CLIENT -> SERVER: }\r\n"}}
{"time":"2026-09-10T19:53:34+02:00","context":"includes/mailer.php","message":"SMTP debug","extra":{"msg":"CLIENT -> SERVER: ..email-value {\r\n"}}
{"time":"2026-09-10T19:53:34+02:00","context":"includes/mailer.php","message":"SMTP debug","extra":{"msg":"CLIENT -> SERVER:     color: #6b7a6e !important;\r\n"}}
{"time":"2026-09-10T19:53:34+02:00","context":"includes/mailer.php","message":"SMTP debug","extra":{"msg":"CLIENT -> SERVER: }\r\n"}}
{"time":"2026-09-10T19:53:34+02:00","context":"includes/mailer.php","message":"SMTP debug","extra":{"msg":"CLIENT -> SERVER: ..email-message {\r\n"}}
{"time":"2026-09-10T19:53:34+02:00","context":"includes/mailer.php","message":"SMTP debug","extra":{"msg":"CLIENT -> SERVER:     margin-top: 6px;\r\n"}}
{"time":"2026-09-10T19:53:34+02:00","context":"includes/mailer.php","message":"SMTP debug","extra":{"msg":"CLIENT -> SERVER:     white-space: pre-wrap;\r\n"}}
{"time":"2026-09-10T19:53:34+02:00","context":"includes/mailer.php","message":"SMTP debug","extra":{"msg":"CLIENT -> SERVER:     line-height: 1.5;\r\n"}}
{"time":"2026-09-10T19:53:34+02:00","context":"includes/mailer.php","message":"SMTP debug","extra":{"msg":"CLIENT -> SERVER: }\r\n"}}
{"time":"2026-09-10T19:53:34+02:00","context":"includes/mailer.php","message":"SMTP debug","extra":{"msg":"CLIENT -> SERVER: \r\n"}}
{"time":"2026-09-10T19:53:34+02:00","context":"includes/mailer.php","message":"SMTP debug","extra":{"msg":"CLIENT -> SERVER: ..email-footer {\r\n"}}
{"time":"2026-09-10T19:53:34+02:00","context":"includes/mailer.php","message":"SMTP debug","extra":{"msg":"CLIENT -> SERVER:     font-size: 12px;\r\n"}}
{"time":"2026-09-10T19:53:34+02:00","context":"includes/mailer.php","message":"SMTP debug","extra":{"msg":"CLIENT -> SERVER:     color: #6b7a6e !important;\r\n"}}
{"time":"2026-09-10T19:53:34+02:00","context":"includes/mailer.php","message":"SMTP debug","extra":{"msg":"CLIENT -> SERVER:     padding: 16px 20px;\r\n"}}
{"time":"2026-09-10T19:53:34+02:00","context":"includes/mailer.php","message":"SMTP debug","extra":{"msg":"CLIENT -> SERVER:     border-top: 1px solid #E5EBE5 !important;\r\n"}}
{"time":"2026-09-10T19:53:34+02:00","context":"includes/mailer.php","message":"SMTP debug","extra":{"msg":"CLIENT -> SERVER:     background: #F7FAF7 !important;\r\n"}}
{"time":"2026-09-10T19:53:34+02:00","context":"includes/mailer.php","message":"SMTP debug","extra":{"msg":"CLIENT -> SERVER: }\r\n"}}
{"time":"2026-09-10T19:53:34+02:00","context":"includes/mailer.php","message":"SMTP debug","extra":{"msg":"CLIENT -> SERVER: ..header {\r\n"}}
{"time":"2026-09-10T19:53:34+02:00","context":"includes/mailer.php","message":"SMTP debug","extra":{"msg":"CLIENT -> SERVER:     background: rgba(58, 138, 61, 0.5) !important;;\r\n"}}
{"time":"2026-09-10T19:53:34+02:00","context":"includes/mailer.php","message":"SMTP debug","extra":{"msg":"CLIENT -> SERVER:     color: var(--secondary-color);\r\n"}}
{"time":"2026-09-10T19:53:34+02:00","context":"includes/mailer.php","message":"SMTP debug","extra":{"msg":"CLIENT -> SERVER:     padding: 20px;\r\n"}}
{"time":"2026-09-10T19:53:34+02:00","context":"includes/mailer.php","message":"SMTP debug","extra":{"msg":"CLIENT -> SERVER:     text-align: center;\r\n"}}
{"time":"2026-09-10T19:53:34+02:00","context":"includes/mailer.php","message":"SMTP debug","extra":{"msg":"CLIENT -> SERVER: }\r\n"}}
{"time":"2026-09-10T19:53:34+02:00","context":"includes/mailer.php","message":"SMTP debug","extra":{"msg":"CLIENT -> SERVER: \r\n"}}
{"time":"2026-09-10T19:53:34+02:00","context":"includes/mailer.php","message":"SMTP debug","extra":{"msg":"CLIENT -> SERVER: ..content {\r\n"}}
{"time":"2026-09-10T19:53:34+02:00","context":"includes/mailer.php","message":"SMTP debug","extra":{"msg":"CLIENT -> SERVER:     padding: 20px;\r\n"}}
{"time":"2026-09-10T19:53:34+02:00","context":"includes/mailer.php","message":"SMTP debug","extra":{"msg":"CLIENT -> SERVER:     background: #fff;\r\n"}}
{"time":"2026-09-10T19:53:34+02:00","context":"includes/mailer.php","message":"SMTP debug","extra":{"msg":"CLIENT -> SERVER: }\r\n"}}
{"time":"2026-09-10T19:53:34+02:00","context":"includes/mailer.php","message":"SMTP debug","extra":{"msg":"CLIENT -> SERVER: \r\n"}}
{"time":"2026-09-10T19:53:34+02:00","context":"includes/mailer.php","message":"SMTP debug","extra":{"msg":"CLIENT -> SERVER: ..footer {\r\n"}}
{"time":"2026-09-10T19:53:34+02:00","context":"includes/mailer.php","message":"SMTP debug","extra":{"msg":"CLIENT -> SERVER:     text-align: center;\r\n"}}
{"time":"2026-09-10T19:53:34+02:00","context":"includes/mailer.php","message":"SMTP debug","extra":{"msg":"CLIENT -> SERVER:     padding: 20px;\r\n"}}
{"time":"2026-09-10T19:53:34+02:00","context":"includes/mailer.php","message":"SMTP debug","extra":{"msg":"CLIENT -> SERVER:     background: #f5f5f5;\r\n"}}
{"time":"2026-09-10T19:53:34+02:00","context":"includes/mailer.php","message":"SMTP debug","extra":{"msg":"CLIENT -> SERVER:     font-size: 12px;\r\n"}}
{"time":"2026-09-10T19:53:34+02:00","context":"includes/mailer.php","message":"SMTP debug","extra":{"msg":"CLIENT -> SERVER: }\r\n"}}
{"time":"2026-09-10T19:53:34+02:00","context":"includes/mailer.php","message":"SMTP debug","extra":{"msg":"CLIENT -> SERVER: \r\n"}}
{"time":"2026-09-10T19:53:34+02:00","context":"includes/mailer.php","message":"SMTP debug","extra":{"msg":"CLIENT -> SERVER: ..button {\r\n"}}
{"time":"2026-09-10T19:53:34+02:00","context":"includes/mailer.php","message":"SMTP debug","extra":{"msg":"CLIENT -> SERVER:     display: inline-block;\r\n"}}
{"time":"2026-09-10T19:53:34+02:00","context":"includes/mailer.php","message":"SMTP debug","extra":{"msg":"CLIENT -> SERVER:     padding: 10px 20px;\r\n"}}
{"time":"2026-09-10T19:53:34+02:00","context":"includes/mailer.php","message":"SMTP debug","extra":{"msg":"CLIENT -> SERVER:     background: #4a6741;\r\n"}}
{"time":"2026-09-10T19:53:34+02:00","context":"includes/mailer.php","message":"SMTP debug","extra":{"msg":"CLIENT -> SERVER:     color: white;\r\n"}}
{"time":"2026-09-10T19:53:34+02:00","context":"includes/mailer.php","message":"SMTP debug","extra":{"msg":"CLIENT -> SERVER:     text-decoration: none;\r\n"}}
{"time":"2026-09-10T19:53:34+02:00","context":"includes/mailer.php","message":"SMTP debug","extra":{"msg":"CLIENT -> SERVER:     border-radius: 5px;\r\n"}}
{"time":"2026-09-10T19:53:34+02:00","context":"includes/mailer.php","message":"SMTP debug","extra":{"msg":"CLIENT -> SERVER:     margin: 20px 0;\r\n"}}
{"time":"2026-09-10T19:53:34+02:00","context":"includes/mailer.php","message":"SMTP debug","extra":{"msg":"CLIENT -> SERVER: }\r\n"}}
{"time":"2026-09-10T19:53:34+02:00","context":"includes/mailer.php","message":"SMTP debug","extra":{"msg":"CLIENT -> SERVER: \r\n"}}
{"time":"2026-09-10T19:53:34+02:00","context":"includes/mailer.php","message":"SMTP debug","extra":{"msg":"CLIENT -> SERVER: \r\n"}}
{"time":"2026-09-10T19:53:34+02:00","context":"includes/mailer.php","message":"SMTP debug","extra":{"msg":"CLIENT -> SERVER: \r\n"}}
{"time":"2026-09-10T19:53:34+02:00","context":"includes/mailer.php","message":"SMTP debug","extra":{"msg":"CLIENT -> SERVER:   \r\n"}}
{"time":"2026-09-10T19:53:34+02:00","context":"includes/mailer.php","message":"SMTP debug","extra":{"msg":"CLIENT -> SERVER:     \r\n"}}
{"time":"2026-09-10T19:53:34+02:00","context":"includes/mailer.php","message":"SMTP debug","extra":{"msg":"CLIENT -> SERVER:       \r\n"}}
{"time":"2026-09-10T19:53:34+02:00","context":"includes/mailer.php","message":"SMTP debug","extra":{"msg":"CLIENT -> SERVER:         Partageons La Forêt\r\n"}}
{"time":"2026-09-10T19:53:34+02:00","context":"includes/mailer.php","message":"SMTP debug","extra":{"msg":"[REDACTED]"}}
{"time":"2026-09-10T19:53:34+02:00","context":"includes/mailer.php","message":"SMTP debug","extra":{"msg":"CLIENT -> SERVER:       \r\n"}}
{"time":"2026-09-10T19:53:34+02:00","context":"includes/mailer.php","message":"SMTP debug","extra":{"msg":"CLIENT -> SERVER:     \r\n"}}
{"time":"2026-09-10T19:53:34+02:00","context":"includes/mailer.php","message":"SMTP debug","extra":{"msg":"CLIENT -> SERVER:     \r\n"}}
{"time":"2026-09-10T19:53:34+02:00","context":"includes/mailer.php","message":"SMTP debug","extra":{"msg":"CLIENT -> SERVER:       \r\n"}}
{"time":"2026-09-10T19:53:34+02:00","context":"includes/mailer.php","message":"SMTP debug","extra":{"msg":"CLIENT -> SERVER:         Bonjour Olivier,\r\n"}}
{"time":"2026-09-10T19:53:34+02:00","context":"includes/mailer.php","message":"SMTP debug","extra":{"msg":"[REDACTED]"}}
{"time":"2026-09-10T19:53:34+02:00","context":"includes/mailer.php","message":"SMTP debug","extra":{"msg":"CLIENT -> SERVER:         \r\n"}}
{"time":"2026-09-10T19:53:34+02:00","context":"includes/mailer.php","message":"SMTP debug","extra":{"msg":"[REDACTED]"}}
{"time":"2026-09-10T19:53:34+02:00","context":"includes/mailer.php","message":"SMTP debug","extra":{"msg":"CLIENT -> SERVER:         \r\n"}}
{"time":"2026-09-10T19:53:34+02:00","context":"includes/mailer.php","message":"SMTP debug","extra":{"msg":"CLIENT -> SERVER:         Si le bouton ne fonctionne pas, copiez et collez le lien suivant dans votre navigateur :\r\n"}}
{"time":"2026-09-10T19:53:34+02:00","context":"includes/mailer.php","message":"SMTP debug","extra":{"msg":"CLIENT -> SERVER:         https://rando.partageonslaforet.be/?reset=1&amp;token=9dfc060b27fbf2300601f90b248e1817e6b5cd8bf816e384b1af94cf26f90e2b&amp;email=jarodhc4%40gmail.com\r\n"}}
{"time":"2026-09-10T19:53:34+02:00","context":"includes/mailer.php","message":"SMTP debug","extra":{"msg":"CLIENT -> SERVER:         Note : ce lien est valable 1 heure et à usage unique.\r\n"}}
{"time":"2026-09-10T19:53:34+02:00","context":"includes/mailer.php","message":"SMTP debug","extra":{"msg":"CLIENT -> SERVER:       \r\n"}}
{"time":"2026-09-10T19:53:34+02:00","context":"includes/mailer.php","message":"SMTP debug","extra":{"msg":"CLIENT -> SERVER:     \r\n"}}
{"time":"2026-09-10T19:53:34+02:00","context":"includes/mailer.php","message":"SMTP debug","extra":{"msg":"CLIENT -> SERVER:     \r\n"}}
{"time":"2026-09-10T19:53:34+02:00","context":"includes/mailer.php","message":"SMTP debug","extra":{"msg":"CLIENT -> SERVER:       \r\n"}}
{"time":"2026-09-10T19:53:34+02:00","context":"includes/mailer.php","message":"SMTP debug","extra":{"msg":"CLIENT -> SERVER:         Si vous n'avez pas demandé cette réinitialisation, vous pouvez ignorer cet e-mail.\r\n"}}
{"time":"2026-09-10T19:53:34+02:00","context":"includes/mailer.php","message":"SMTP debug","extra":{"msg":"CLIENT -> SERVER:         © 2026 Partageons La Forêt\r\n"}}
{"time":"2026-09-10T19:53:34+02:00","context":"includes/mailer.php","message":"SMTP debug","extra":{"msg":"CLIENT -> SERVER:       \r\n"}}
{"time":"2026-09-10T19:53:34+02:00","context":"includes/mailer.php","message":"SMTP debug","extra":{"msg":"CLIENT -> SERVER:     \r\n"}}
{"time":"2026-09-10T19:53:34+02:00","context":"includes/mailer.php","message":"SMTP debug","extra":{"msg":"CLIENT -> SERVER:   \r\n"}}
{"time":"2026-09-10T19:53:34+02:00","context":"includes/mailer.php","message":"SMTP debug","extra":{"msg":"CLIENT -> SERVER: \r\n"}}
{"time":"2026-09-10T19:53:34+02:00","context":"includes/mailer.php","message":"SMTP debug","extra":{"msg":"CLIENT -> SERVER: \r\n"}}
{"time":"2026-09-10T19:53:34+02:00","context":"includes/mailer.php","message":"SMTP debug","extra":{"msg":"CLIENT -> SERVER: \r\n"}}
{"time":"2026-09-10T19:53:34+02:00","context":"includes/mailer.php","message":"SMTP debug","extra":{"msg":"CLIENT -> SERVER: --b1=_tt8JdpO4oChyapLm6zcy5LNERtpKhSelL9fp0g\r\n"}}
{"time":"2026-09-10T19:53:34+02:00","context":"includes/mailer.php","message":"SMTP debug","extra":{"msg":"CLIENT -> SERVER: Content-Type: text/html; charset=UTF-8\r\n"}}
{"time":"2026-09-10T19:53:34+02:00","context":"includes/mailer.php","message":"SMTP debug","extra":{"msg":"CLIENT -> SERVER: Content-Transfer-Encoding: 8bit\r\n"}}
{"time":"2026-09-10T19:53:34+02:00","context":"includes/mailer.php","message":"SMTP debug","extra":{"msg":"CLIENT -> SERVER: \r\n"}}
{"time":"2026-09-10T19:53:34+02:00","context":"includes/mailer.php","message":"SMTP debug","extra":{"msg":"CLIENT -> SERVER: <!doctype html>\r\n"}}
{"time":"2026-09-10T19:53:34+02:00","context":"includes/mailer.php","message":"SMTP debug","extra":{"msg":"CLIENT -> SERVER: <html lang=\"fr\">\r\n"}}
{"time":"2026-09-10T19:53:34+02:00","context":"includes/mailer.php","message":"SMTP debug","extra":{"msg":"CLIENT -> SERVER: <head>\r\n"}}
{"time":"2026-09-10T19:53:34+02:00","context":"includes/mailer.php","message":"SMTP debug","extra":{"msg":"CLIENT -> SERVER:   <meta charset=\"utf-8\">\r\n"}}
{"time":"2026-09-10T19:53:34+02:00","context":"includes/mailer.php","message":"SMTP debug","extra":{"msg":"CLIENT -> SERVER:   <meta name=\"viewport\" content=\"width=device-width, initial-scale=1\">\r\n"}}
{"time":"2026-09-10T19:53:34+02:00","context":"includes/mailer.php","message":"SMTP debug","extra":{"msg":"CLIENT -> SERVER:   <meta name=\"color-scheme\" content=\"light\">\r\n"}}
{"time":"2026-09-10T19:53:34+02:00","context":"includes/mailer.php","message":"SMTP debug","extra":{"msg":"CLIENT -> SERVER:   <meta name=\"supported-color-schemes\" content=\"light\">\r\n"}}
{"time":"2026-09-10T19:53:34+02:00","context":"includes/mailer.php","message":"SMTP debug","extra":{"msg":"[REDACTED]"}}
{"time":"2026-09-10T19:53:34+02:00","context":"includes/mailer.php","message":"SMTP debug","extra":{"msg":"CLIENT -> SERVER:   <style>/* Style commun pour tous les emails */\r\n"}}
{"time":"2026-09-10T19:53:34+02:00","context":"includes/mailer.php","message":"SMTP debug","extra":{"msg":"CLIENT -> SERVER: body {\r\n"}}
{"time":"2026-09-10T19:53:34+02:00","context":"includes/mailer.php","message":"SMTP debug","extra":{"msg":"CLIENT -> SERVER:     font-family: Arial, sans-serif;\r\n"}}
{"time":"2026-09-10T19:53:34+02:00","context":"includes/mailer.php","message":"SMTP debug","extra":{"msg":"CLIENT -> SERVER:     line-height: 1.6;\r\n"}}
{"time":"2026-09-10T19:53:34+02:00","context":"includes/mailer.php","message":"SMTP debug","extra":{"msg":"CLIENT -> SERVER:     color: #333;\r\n"}}
{"time":"2026-09-10T19:53:34+02:00","context":"includes/mailer.php","message":"SMTP debug","extra":{"msg":"CLIENT -> SERVER:     max-width: 600px;\r\n"}}
{"time":"2026-09-10T19:53:34+02:00","context":"includes/mailer.php","message":"SMTP debug","extra":{"msg":"CLIENT -> SERVER:     margin: 0 auto;\r\n"}}
{"time":"2026-09-10T19:53:34+02:00","context":"includes/mailer.php","message":"SMTP debug","extra":{"msg":"CLIENT -> SERVER: }\r\n"}}
{"time":"2026-09-10T19:53:34+02:00","context":"includes/mailer.php","message":"SMTP debug","extra":{"msg":"CLIENT -> SERVER: \r\n"}}
{"time":"2026-09-10T19:53:34+02:00","context":"includes/mailer.php","message":"SMTP debug","extra":{"msg":"CLIENT -> SERVER: /* Styles structurés pour les emails (gabarit contact) */\r\n"}}
{"time":"2026-09-10T19:53:34+02:00","context":"includes/mailer.php","message":"SMTP debug","extra":{"msg":"CLIENT -> SERVER: ..email-wrapper {\r\n"}}
{"time":"2026-09-10T19:53:34+02:00","context":"includes/mailer.php","message":"SMTP debug","extra":{"msg":"CLIENT -> SERVER:     background: #F7FAF7;\r\n"}}
{"time":"2026-09-10T19:53:34+02:00","context":"includes/mailer.php","message":"SMTP debug","extra":{"msg":"CLIENT -> SERVER:     margin: 0;\r\n"}}
{"time":"2026-09-10T19:53:34+02:00","context":"includes/mailer.php","message":"SMTP debug","extra":{"msg":"CLIENT -> SERVER:     padding: 20px;\r\n"}}
{"time":"2026-09-10T19:53:34+02:00","context":"includes/mailer.php","message":"SMTP debug","extra":{"msg":"CLIENT -> SERVER:     font-family: Roboto, Arial, sans-serif;\r\n"}}
{"time":"2026-09-10T19:53:34+02:00","context":"includes/mailer.php","message":"SMTP debug","extra":{"msg":"CLIENT -> SERVER:     color: #2B2B2B;\r\n"}}
{"time":"2026-09-10T19:53:34+02:00","context":"includes/mailer.php","message":"SMTP debug","extra":{"msg":"CLIENT -> SERVER: }\r\n"}}
{"time":"2026-09-10T19:53:34+02:00","context":"includes/mailer.php","message":"SMTP debug","extra":{"msg":"CLIENT -> SERVER: \r\n"}}
{"time":"2026-09-10T19:53:34+02:00","context":"includes/mailer.php","message":"SMTP debug","extra":{"msg":"CLIENT -> SERVER: ..email-container {\r\n"}}
{"time":"2026-09-10T19:53:34+02:00","context":"includes/mailer.php","message":"SMTP debug","extra":{"msg":"CLIENT -> SERVER:     max-width: 640px;\r\n"}}
{"time":"2026-09-10T19:53:34+02:00","context":"includes/mailer.php","message":"SMTP debug","extra":{"msg":"CLIENT -> SERVER:     margin: 0 auto;\r\n"}}
{"time":"2026-09-10T19:53:34+02:00","context":"includes/mailer.php","message":"SMTP debug","extra":{"msg":"CLIENT -> SERVER:     background: #F7FAF7 !important;\r\n"}}
{"time":"2026-09-10T19:53:34+02:00","context":"includes/mailer.php","message":"SMTP debug","extra":{"msg":"CLIENT -> SERVER:     border: 1px solid #E5EBE5;\r\n"}}
{"time":"2026-09-10T19:53:34+02:00","context":"includes/mailer.php","message":"SMTP debug","extra":{"msg":"CLIENT -> SERVER:     border-radius: 10px;\r\n"}}
{"time":"2026-09-10T19:53:34+02:00","context":"includes/mailer.php","message":"SMTP debug","extra":{"msg":"CLIENT -> SERVER:     overflow: hidden;\r\n"}}
{"time":"2026-09-10T19:53:34+02:00","context":"includes/mailer.php","message":"SMTP debug","extra":{"msg":"CLIENT -> SERVER: }\r\n"}}
{"time":"2026-09-10T19:53:34+02:00","context":"includes/mailer.php","message":"SMTP debug","extra":{"msg":"CLIENT -> SERVER: \r\n"}}
{"time":"2026-09-10T19:53:34+02:00","context":"includes/mailer.php","message":"SMTP debug","extra":{"msg":"CLIENT -> SERVER: ..email-header {\r\n"}}
{"time":"2026-09-10T19:53:34+02:00","context":"includes/mailer.php","message":"SMTP debug","extra":{"msg":"CLIENT -> SERVER:     background: rgba(58, 138, 61, 0.5) !important;\r\n"}}
{"time":"2026-09-10T19:53:34+02:00","context":"includes/mailer.php","message":"SMTP debug","extra":{"msg":"CLIENT -> SERVER:     color: var(--secondary-color) !important;\r\n"}}
{"time":"2026-09-10T19:53:34+02:00","context":"includes/mailer.php","message":"SMTP debug","extra":{"msg":"CLIENT -> SERVER:     padding: 20px;\r\n"}}
{"time":"2026-09-10T19:53:34+02:00","context":"includes/mailer.php","message":"SMTP debug","extra":{"msg":"CLIENT -> SERVER: }\r\n"}}
{"time":"2026-09-10T19:53:34+02:00","context":"includes/mailer.php","message":"SMTP debug","extra":{"msg":"CLIENT -> SERVER: ..email-header h1 {\r\n"}}
{"time":"2026-09-10T19:53:34+02:00","context":"includes/mailer.php","message":"SMTP debug","extra":{"msg":"CLIENT -> SERVER:     margin: 0;\r\n"}}
{"time":"2026-09-10T19:53:34+02:00","context":"includes/mailer.php","message":"SMTP debug","extra":{"msg":"CLIENT -> SERVER:     font-size: 20px;\r\n"}}
{"time":"2026-09-10T19:53:34+02:00","context":"includes/mailer.php","message":"SMTP debug","extra":{"msg":"CLIENT -> SERVER: }\r\n"}}
{"time":"2026-09-10T19:53:34+02:00","context":"includes/mailer.php","message":"SMTP debug","extra":{"msg":"CLIENT -> SERVER: ..email-subject {\r\n"}}
{"time":"2026-09-10T19:53:34+02:00","context":"includes/mailer.php","message":"SMTP debug","extra":{"msg":"CLIENT -> SERVER:     margin: 6px 0 0;\r\n"}}
{"time":"2026-09-10T19:53:34+02:00","context":"includes/mailer.php","message":"SMTP debug","extra":{"msg":"CLIENT -> SERVER:     font-size: 14px;\r\n"}}
{"time":"2026-09-10T19:53:34+02:00","context":"includes/mailer.php","message":"SMTP debug","extra":{"msg":"CLIENT -> SERVER:     opacity: 0.95;\r\n"}}
{"time":"2026-09-10T19:53:34+02:00","context":"includes/mailer.php","message":"SMTP debug","extra":{"msg":"CLIENT -> SERVER: }\r\n"}}
{"time":"2026-09-10T19:53:34+02:00","context":"includes/mailer.php","message":"SMTP debug","extra":{"msg":"CLIENT -> SERVER: ..email-badge {\r\n"}}
{"time":"2026-09-10T19:53:34+02:00","context":"includes/mailer.php","message":"SMTP debug","extra":{"msg":"CLIENT -> SERVER:     display: inline-block;\r\n"}}
{"time":"2026-09-10T19:53:34+02:00","context":"includes/mailer.php","message":"SMTP debug","extra":{"msg":"CLIENT -> SERVER:     margin-top: 8px;\r\n"}}
{"time":"2026-09-10T19:53:34+02:00","context":"includes/mailer.php","message":"SMTP debug","extra":{"msg":"CLIENT -> SERVER:     background: rgba(255,255,255,0.15);\r\n"}}
{"time":"2026-09-10T19:53:34+02:00","context":"includes/mailer.php","message":"SMTP debug","extra":{"msg":"CLIENT -> SERVER:     border: 1px solid rgba(255,255,255,0.35);\r\n"}}
{"time":"2026-09-10T19:53:34+02:00","context":"includes/mailer.php","message":"SMTP debug","extra":{"msg":"CLIENT -> SERVER:     padding: 4px 8px;\r\n"}}
{"time":"2026-09-10T19:53:34+02:00","context":"includes/mailer.php","message":"SMTP debug","extra":{"msg":"CLIENT -> SERVER:     border-radius: 6px;\r\n"}}
{"time":"2026-09-10T19:53:34+02:00","context":"includes/mailer.php","message":"SMTP debug","extra":{"msg":"CLIENT -> SERVER:     font-size: 12px;\r\n"}}
{"time":"2026-09-10T19:53:34+02:00","context":"includes/mailer.php","message":"SMTP debug","extra":{"msg":"CLIENT -> SERVER: }\r\n"}}
{"time":"2026-09-10T19:53:34+02:00","context":"includes/mailer.php","message":"SMTP debug","extra":{"msg":"CLIENT -> SERVER: \r\n"}}
{"time":"2026-09-10T19:53:34+02:00","context":"includes/mailer.php","message":"SMTP debug","extra":{"msg":"CLIENT -> SERVER: ..email-content {\r\n"}}
{"time":"2026-09-10T19:53:34+02:00","context":"includes/mailer.php","message":"SMTP debug","extra":{"msg":"CLIENT -> SERVER:     padding: 20px;\r\n"}}
{"time":"2026-09-10T19:53:34+02:00","context":"includes/mailer.php","message":"SMTP debug","extra":{"msg":"CLIENT -> SERVER:     background: #F7FAF7 !important;\r\n"}}
{"time":"2026-09-10T19:53:34+02:00","context":"includes/mailer.php","message":"SMTP debug","extra":{"msg":"CLIENT -> SERVER: }\r\n"}}
{"time":"2026-09-10T19:53:34+02:00","context":"includes/mailer.php","message":"SMTP debug","extra":{"msg":"CLIENT -> SERVER: ..email-field {\r\n"}}
{"time":"2026-09-10T19:53:34+02:00","context":"includes/mailer.php","message":"SMTP debug","extra":{"msg":"CLIENT -> SERVER:     margin: 0 0 12px;\r\n"}}
{"time":"2026-09-10T19:53:34+02:00","context":"includes/mailer.php","message":"SMTP debug","extra":{"msg":"CLIENT -> SERVER: }\r\n"}}
{"time":"2026-09-10T19:53:34+02:00","context":"includes/mailer.php","message":"SMTP debug","extra":{"msg":"CLIENT -> SERVER: ..email-label {\r\n"}}
{"time":"2026-09-10T19:53:34+02:00","context":"includes/mailer.php","message":"SMTP debug","extra":{"msg":"CLIENT -> SERVER:     display: inline-block;\r\n"}}
{"time":"2026-09-10T19:53:34+02:00","context":"includes/mailer.php","message":"SMTP debug","extra":{"msg":"CLIENT -> SERVER:     min-width: 82px;\r\n"}}
{"time":"2026-09-10T19:53:34+02:00","context":"includes/mailer.php","message":"SMTP debug","extra":{"msg":"CLIENT -> SERVER:     font-weight: 700;\r\n"}}
{"time":"2026-09-10T19:53:34+02:00","context":"includes/mailer.php","message":"SMTP debug","extra":{"msg":"CLIENT -> SERVER:     color: #6b7a6e !important;\r\n"}}
{"time":"2026-09-10T19:53:34+02:00","context":"includes/mailer.php","message":"SMTP debug","extra":{"msg":"CLIENT -> SERVER: }\r\n"}}
{"time":"2026-09-10T19:53:34+02:00","context":"includes/mailer.php","message":"SMTP debug","extra":{"msg":"CLIENT -> SERVER: ..email-value {\r\n"}}
{"time":"2026-09-10T19:53:34+02:00","context":"includes/mailer.php","message":"SMTP debug","extra":{"msg":"CLIENT -> SERVER:     color: #6b7a6e !important;\r\n"}}
{"time":"2026-09-10T19:53:34+02:00","context":"includes/mailer.php","message":"SMTP debug","extra":{"msg":"CLIENT -> SERVER: }\r\n"}}
{"time":"2026-09-10T19:53:34+02:00","context":"includes/mailer.php","message":"SMTP debug","extra":{"msg":"CLIENT -> SERVER: ..email-message {\r\n"}}
{"time":"2026-09-10T19:53:34+02:00","context":"includes/mailer.php","message":"SMTP debug","extra":{"msg":"CLIENT -> SERVER:     margin-top: 6px;\r\n"}}
{"time":"2026-09-10T19:53:34+02:00","context":"includes/mailer.php","message":"SMTP debug","extra":{"msg":"CLIENT -> SERVER:     white-space: pre-wrap;\r\n"}}
{"time":"2026-09-10T19:53:34+02:00","context":"includes/mailer.php","message":"SMTP debug","extra":{"msg":"CLIENT -> SERVER:     line-height: 1.5;\r\n"}}
{"time":"2026-09-10T19:53:34+02:00","context":"includes/mailer.php","message":"SMTP debug","extra":{"msg":"CLIENT -> SERVER: }\r\n"}}
{"time":"2026-09-10T19:53:34+02:00","context":"includes/mailer.php","message":"SMTP debug","extra":{"msg":"CLIENT -> SERVER: \r\n"}}
{"time":"2026-09-10T19:53:34+02:00","context":"includes/mailer.php","message":"SMTP debug","extra":{"msg":"CLIENT -> SERVER: ..email-footer {\r\n"}}
{"time":"2026-09-10T19:53:34+02:00","context":"includes/mailer.php","message":"SMTP debug","extra":{"msg":"CLIENT -> SERVER:     font-size: 12px;\r\n"}}
{"time":"2026-09-10T19:53:34+02:00","context":"includes/mailer.php","message":"SMTP debug","extra":{"msg":"CLIENT -> SERVER:     color: #6b7a6e !important;\r\n"}}
{"time":"2026-09-10T19:53:34+02:00","context":"includes/mailer.php","message":"SMTP debug","extra":{"msg":"CLIENT -> SERVER:     padding: 16px 20px;\r\n"}}
{"time":"2026-09-10T19:53:34+02:00","context":"includes/mailer.php","message":"SMTP debug","extra":{"msg":"CLIENT -> SERVER:     border-top: 1px solid #E5EBE5 !important;\r\n"}}
{"time":"2026-09-10T19:53:34+02:00","context":"includes/mailer.php","message":"SMTP debug","extra":{"msg":"CLIENT -> SERVER:     background: #F7FAF7 !important;\r\n"}}
{"time":"2026-09-10T19:53:34+02:00","context":"includes/mailer.php","message":"SMTP debug","extra":{"msg":"CLIENT -> SERVER: }\r\n"}}
{"time":"2026-09-10T19:53:34+02:00","context":"includes/mailer.php","message":"SMTP debug","extra":{"msg":"CLIENT -> SERVER: ..header {\r\n"}}
{"time":"2026-09-10T19:53:34+02:00","context":"includes/mailer.php","message":"SMTP debug","extra":{"msg":"CLIENT -> SERVER:     background: rgba(58, 138, 61, 0.5) !important;;\r\n"}}
{"time":"2026-09-10T19:53:34+02:00","context":"includes/mailer.php","message":"SMTP debug","extra":{"msg":"CLIENT -> SERVER:     color: var(--secondary-color);\r\n"}}
{"time":"2026-09-10T19:53:34+02:00","context":"includes/mailer.php","message":"SMTP debug","extra":{"msg":"CLIENT -> SERVER:     padding: 20px;\r\n"}}
{"time":"2026-09-10T19:53:34+02:00","context":"includes/mailer.php","message":"SMTP debug","extra":{"msg":"CLIENT -> SERVER:     text-align: center;\r\n"}}
{"time":"2026-09-10T19:53:34+02:00","context":"includes/mailer.php","message":"SMTP debug","extra":{"msg":"CLIENT -> SERVER: }\r\n"}}
{"time":"2026-09-10T19:53:34+02:00","context":"includes/mailer.php","message":"SMTP debug","extra":{"msg":"CLIENT -> SERVER: \r\n"}}
{"time":"2026-09-10T19:53:34+02:00","context":"includes/mailer.php","message":"SMTP debug","extra":{"msg":"CLIENT -> SERVER: ..content {\r\n"}}
{"time":"2026-09-10T19:53:34+02:00","context":"includes/mailer.php","message":"SMTP debug","extra":{"msg":"CLIENT -> SERVER:     padding: 20px;\r\n"}}
{"time":"2026-09-10T19:53:34+02:00","context":"includes/mailer.php","message":"SMTP debug","extra":{"msg":"CLIENT -> SERVER:     background: #fff;\r\n"}}
{"time":"2026-09-10T19:53:34+02:00","context":"includes/mailer.php","message":"SMTP debug","extra":{"msg":"CLIENT -> SERVER: }\r\n"}}
{"time":"2026-09-10T19:53:34+02:00","context":"includes/mailer.php","message":"SMTP debug","extra":{"msg":"CLIENT -> SERVER: \r\n"}}
{"time":"2026-09-10T19:53:34+02:00","context":"includes/mailer.php","message":"SMTP debug","extra":{"msg":"CLIENT -> SERVER: ..footer {\r\n"}}
{"time":"2026-09-10T19:53:34+02:00","context":"includes/mailer.php","message":"SMTP debug","extra":{"msg":"CLIENT -> SERVER:     text-align: center;\r\n"}}
{"time":"2026-09-10T19:53:34+02:00","context":"includes/mailer.php","message":"SMTP debug","extra":{"msg":"CLIENT -> SERVER:     padding: 20px;\r\n"}}
{"time":"2026-09-10T19:53:34+02:00","context":"includes/mailer.php","message":"SMTP debug","extra":{"msg":"CLIENT -> SERVER:     background: #f5f5f5;\r\n"}}
{"time":"2026-09-10T19:53:34+02:00","context":"includes/mailer.php","message":"SMTP debug","extra":{"msg":"CLIENT -> SERVER:     font-size: 12px;\r\n"}}
{"time":"2026-09-10T19:53:34+02:00","context":"includes/mailer.php","message":"SMTP debug","extra":{"msg":"CLIENT -> SERVER: }\r\n"}}
{"time":"2026-09-10T19:53:34+02:00","context":"includes/mailer.php","message":"SMTP debug","extra":{"msg":"CLIENT -> SERVER: \r\n"}}
{"time":"2026-09-10T19:53:34+02:00","context":"includes/mailer.php","message":"SMTP debug","extra":{"msg":"CLIENT -> SERVER: ..button {\r\n"}}
{"time":"2026-09-10T19:53:34+02:00","context":"includes/mailer.php","message":"SMTP debug","extra":{"msg":"CLIENT -> SERVER:     display: inline-block;\r\n"}}
{"time":"2026-09-10T19:53:34+02:00","context":"includes/mailer.php","message":"SMTP debug","extra":{"msg":"CLIENT -> SERVER:     padding: 10px 20px;\r\n"}}
{"time":"2026-09-10T19:53:34+02:00","context":"includes/mailer.php","message":"SMTP debug","extra":{"msg":"CLIENT -> SERVER:     background: #4a6741;\r\n"}}
{"time":"2026-09-10T19:53:34+02:00","context":"includes/mailer.php","message":"SMTP debug","extra":{"msg":"CLIENT -> SERVER:     color: white;\r\n"}}
{"time":"2026-09-10T19:53:34+02:00","context":"includes/mailer.php","message":"SMTP debug","extra":{"msg":"CLIENT -> SERVER:     text-decoration: none;\r\n"}}
{"time":"2026-09-10T19:53:34+02:00","context":"includes/mailer.php","message":"SMTP debug","extra":{"msg":"CLIENT -> SERVER:     border-radius: 5px;\r\n"}}
{"time":"2026-09-10T19:53:34+02:00","context":"includes/mailer.php","message":"SMTP debug","extra":{"msg":"CLIENT -> SERVER:     margin: 20px 0;\r\n"}}
{"time":"2026-09-10T19:53:34+02:00","context":"includes/mailer.php","message":"SMTP debug","extra":{"msg":"CLIENT -> SERVER: }\r\n"}}
{"time":"2026-09-10T19:53:34+02:00","context":"includes/mailer.php","message":"SMTP debug","extra":{"msg":"CLIENT -> SERVER: \r\n"}}
{"time":"2026-09-10T19:53:34+02:00","context":"includes/mailer.php","message":"SMTP debug","extra":{"msg":"CLIENT -> SERVER: </style></head>\r\n"}}
{"time":"2026-09-10T19:53:34+02:00","context":"includes/mailer.php","message":"SMTP debug","extra":{"msg":"CLIENT -> SERVER: <body class=\"email-wrapper\">\r\n"}}
{"time":"2026-09-10T19:53:34+02:00","context":"includes/mailer.php","message":"SMTP debug","extra":{"msg":"CLIENT -> SERVER:   <table role=\"presentation\" class=\"email-container\" cellspacing=\"0\" cellpadding=\"0\" border=\"0\" align=\"center\" width=\"100%\">\r\n"}}
{"time":"2026-09-10T19:53:34+02:00","context":"includes/mailer.php","message":"SMTP debug","extra":{"msg":"CLIENT -> SERVER:     <tr>\r\n"}}
{"time":"2026-09-10T19:53:34+02:00","context":"includes/mailer.php","message":"SMTP debug","extra":{"msg":"CLIENT -> SERVER:       <td class=\"email-header\">\r\n"}}
{"time":"2026-09-10T19:53:34+02:00","context":"includes/mailer.php","message":"SMTP debug","extra":{"msg":"CLIENT -> SERVER:         <h1>Partageons La Forêt</h1>\r\n"}}
{"time":"2026-09-10T19:53:34+02:00","context":"includes/mailer.php","message":"SMTP debug","extra":{"msg":"[REDACTED]"}}
{"time":"2026-09-10T19:53:34+02:00","context":"includes/mailer.php","message":"SMTP debug","extra":{"msg":"CLIENT -> SERVER:       </td>\r\n"}}
{"time":"2026-09-10T19:53:34+02:00","context":"includes/mailer.php","message":"SMTP debug","extra":{"msg":"CLIENT -> SERVER:     </tr>\r\n"}}
{"time":"2026-09-10T19:53:34+02:00","context":"includes/mailer.php","message":"SMTP debug","extra":{"msg":"CLIENT -> SERVER:     <tr>\r\n"}}
{"time":"2026-09-10T19:53:34+02:00","context":"includes/mailer.php","message":"SMTP debug","extra":{"msg":"CLIENT -> SERVER:       <td class=\"email-content\">\r\n"}}
{"time":"2026-09-10T19:53:34+02:00","context":"includes/mailer.php","message":"SMTP debug","extra":{"msg":"CLIENT -> SERVER:         <p>Bonjour Olivier,</p>\r\n"}}
{"time":"2026-09-10T19:53:34+02:00","context":"includes/mailer.php","message":"SMTP debug","extra":{"msg":"[REDACTED]"}}
{"time":"2026-09-10T19:53:34+02:00","context":"includes/mailer.php","message":"SMTP debug","extra":{"msg":"CLIENT -> SERVER:         <p>\r\n"}}
{"time":"2026-09-10T19:53:34+02:00","context":"includes/mailer.php","message":"SMTP debug","extra":{"msg":"[REDACTED]"}}
{"time":"2026-09-10T19:53:34+02:00","context":"includes/mailer.php","message":"SMTP debug","extra":{"msg":"CLIENT -> SERVER:         </p>\r\n"}}
{"time":"2026-09-10T19:53:34+02:00","context":"includes/mailer.php","message":"SMTP debug","extra":{"msg":"CLIENT -> SERVER:         <p>Si le bouton ne fonctionne pas, copiez et collez le lien suivant dans votre navigateur :</p>\r\n"}}
{"time":"2026-09-10T19:53:34+02:00","context":"includes/mailer.php","message":"SMTP debug","extra":{"msg":"CLIENT -> SERVER:         <p style=\"word-break: break-all; color: #6b7a6e;\">https://rando.partageonslaforet.be/?reset=1&amp;token=9dfc060b27fbf2300601f90b248e1817e6b5cd8bf816e384b1af94cf26f90e2b&amp;email=jarodhc4%40gmail.com</p>\r\n"}}
{"time":"2026-09-10T19:53:34+02:00","context":"includes/mailer.php","message":"SMTP debug","extra":{"msg":"CLIENT -> SERVER:         <p><strong>Note :</strong> ce lien est valable 1 heure et à usage unique.</p>\r\n"}}
{"time":"2026-09-10T19:53:34+02:00","context":"includes/mailer.php","message":"SMTP debug","extra":{"msg":"CLIENT -> SERVER:       </td>\r\n"}}
{"time":"2026-09-10T19:53:34+02:00","context":"includes/mailer.php","message":"SMTP debug","extra":{"msg":"CLIENT -> SERVER:     </tr>\r\n"}}
{"time":"2026-09-10T19:53:34+02:00","context":"includes/mailer.php","message":"SMTP debug","extra":{"msg":"CLIENT -> SERVER:     <tr>\r\n"}}
{"time":"2026-09-10T19:53:34+02:00","context":"includes/mailer.php","message":"SMTP debug","extra":{"msg":"CLIENT -> SERVER:       <td class=\"email-footer\">\r\n"}}
{"time":"2026-09-10T19:53:34+02:00","context":"includes/mailer.php","message":"SMTP debug","extra":{"msg":"CLIENT -> SERVER:         <p>Si vous n'avez pas demandé cette réinitialisation, vous pouvez ignorer cet e-mail.</p>\r\n"}}
{"time":"2026-09-10T19:53:34+02:00","context":"includes/mailer.php","message":"SMTP debug","extra":{"msg":"CLIENT -> SERVER:         <p>© 2026 Partageons La Forêt</p>\r\n"}}
{"time":"2026-09-10T19:53:34+02:00","context":"includes/mailer.php","message":"SMTP debug","extra":{"msg":"CLIENT -> SERVER:       </td>\r\n"}}
{"time":"2026-09-10T19:53:34+02:00","context":"includes/mailer.php","message":"SMTP debug","extra":{"msg":"CLIENT -> SERVER:     </tr>\r\n"}}
{"time":"2026-09-10T19:53:34+02:00","context":"includes/mailer.php","message":"SMTP debug","extra":{"msg":"CLIENT -> SERVER:   </table>\r\n"}}
{"time":"2026-09-10T19:53:34+02:00","context":"includes/mailer.php","message":"SMTP debug","extra":{"msg":"CLIENT -> SERVER: </body>\r\n"}}
{"time":"2026-09-10T19:53:34+02:00","context":"includes/mailer.php","message":"SMTP debug","extra":{"msg":"CLIENT -> SERVER: </html>\r\n"}}
{"time":"2026-09-10T19:53:34+02:00","context":"includes/mailer.php","message":"SMTP debug","extra":{"msg":"CLIENT -> SERVER: \r\n"}}
{"time":"2026-09-10T19:53:34+02:00","context":"includes/mailer.php","message":"SMTP debug","extra":{"msg":"CLIENT -> SERVER: \r\n"}}
{"time":"2026-09-10T19:53:34+02:00","context":"includes/mailer.php","message":"SMTP debug","extra":{"msg":"CLIENT -> SERVER: --b1=_tt8JdpO4oChyapLm6zcy5LNERtpKhSelL9fp0g--\r\n"}}
{"time":"2026-09-10T19:53:34+02:00","context":"includes/mailer.php","message":"SMTP debug","extra":{"msg":"CLIENT -> SERVER: \r\n"}}
{"time":"2026-09-10T19:53:34+02:00","context":"includes/mailer.php","message":"SMTP debug","extra":{"msg":"CLIENT -> SERVER: .\r\n"}}
{"time":"2026-09-10T19:53:34+02:00","context":"includes/mailer.php","message":"SMTP debug","extra":{"msg":"SERVER -> CLIENT: 250 OK id=1x4ixq-00000009N51-1Prw\r\n"}}
{"time":"2026-09-10T19:53:34+02:00","context":"includes/mailer.php","message":"SMTP debug","extra":{"msg":"CLIENT -> SERVER: QUIT\r\n"}}
{"time":"2026-09-10T19:53:34+02:00","context":"includes/mailer.php","message":"SMTP debug","extra":{"msg":"SERVER -> CLIENT: 221 chat.o2switch.net closing connection\r\n"}}
{"time":"2026-09-10T19:53:34+02:00","context":"includes/mailer.php","message":"Envoi e-mail reussi","extra":{"to":"jarodhc4@gmail.com","subject":"Réinitialisation de votre mot de passe - Partageons La Forêt","transport":"smtp"}}
{"time":"2026-09-10T19:53:34+02:00","context":"api/auth/forgot-password.php","message":"Resultat envoi mail reset","extra":{"sent":true,"email":"jarodhc4@gmail.com"}}
{"time":"2026-09-10T19:55:58+02:00","context":"includes/mailer.php","message":"Config mail chargée","extra":{"local_loaded":true,"local_path":"/home/cool5792/rando.partageonslaforet.be/includes/../config/mail.local.php","host":"chat.o2switch.net","from":"rando@partageonslaforet.be"}}
{"time":"2026-09-10T19:55:58+02:00","context":"includes/mailer.php","message":"Init transport","extra":{"useSMTP":true,"transport":"smtp","host":"chat.o2switch.net","port":465,"secure":"ssl","hasUser":true,"hasPass":true,"from":"rando@partageonslaforet.be"}}
{"time":"2026-09-10T19:55:58+02:00","context":"includes/mailer.php","message":"Tentative envoi e-mail","extra":{"to":"jarodhc4@gmail.com","subject":"Réinitialisation de votre mot de passe - Partageons La Forêt","transport":"smtp","host":"chat.o2switch.net","port":465,"secure":"ssl","auth":"yes"}}
{"time":"2026-09-10T19:55:58+02:00","context":"includes/mailer.php","message":"SMTP debug","extra":{"msg":"SERVER -> CLIENT: 220-chat.o2switch.net ESMTP Exim 4.99.5 #2 Thu, 10 Sep 2026 19:55:58 +0200 \r\n220-We do not authorize the use of this system to transport unsolicited, \r\n220 and/or bulk e-mail.\r\n"}}
{"time":"2026-09-10T19:55:58+02:00","context":"includes/mailer.php","message":"SMTP debug","extra":{"msg":"CLIENT -> SERVER: EHLO rando.partageonslaforet.be\r\n"}}
{"time":"2026-09-10T19:55:58+02:00","context":"includes/mailer.php","message":"SMTP debug","extra":{"msg":"SERVER -> CLIENT: 250-chat.o2switch.net Hello rando.partageonslaforet.be [109.234.164.134]\r\n250-SIZE 262144000\r\n250-LIMITS MAILMAX=1000 RCPTMAX=50000\r\n250-8BITMIME\r\n250-PIPELINING\r\n250-PIPECONNECT\r\n250-AUTH PLAIN LOGIN\r\n250 HELP\r\n"}}
{"time":"2026-09-10T19:55:58+02:00","context":"includes/mailer.php","message":"SMTP debug","extra":{"msg":"CLIENT -> SERVER: AUTH LOGIN\r\n"}}
{"time":"2026-09-10T19:55:58+02:00","context":"includes/mailer.php","message":"SMTP debug","extra":{"msg":"SERVER -> CLIENT: 334 VXNlcm5hbWU6\r\n"}}
{"time":"2026-09-10T19:55:58+02:00","context":"includes/mailer.php","message":"SMTP debug","extra":{"msg":"CLIENT -> SERVER: [credentials hidden]"}}
{"time":"2026-09-10T19:55:58+02:00","context":"includes/mailer.php","message":"SMTP debug","extra":{"msg":"SERVER -> CLIENT: 334 UGFzc3dvcmQ6\r\n"}}
{"time":"2026-09-10T19:55:58+02:00","context":"includes/mailer.php","message":"SMTP debug","extra":{"msg":"CLIENT -> SERVER: [credentials hidden]"}}
{"time":"2026-09-10T19:55:58+02:00","context":"includes/mailer.php","message":"SMTP debug","extra":{"msg":"SERVER -> CLIENT: 235 Authentication succeeded\r\n"}}
{"time":"2026-09-10T19:55:58+02:00","context":"includes/mailer.php","message":"SMTP debug","extra":{"msg":"CLIENT -> SERVER: MAIL FROM:<rando@partageonslaforet.be>\r\n"}}
{"time":"2026-09-10T19:55:58+02:00","context":"includes/mailer.php","message":"SMTP debug","extra":{"msg":"SERVER -> CLIENT: 250 OK\r\n"}}
{"time":"2026-09-10T19:55:58+02:00","context":"includes/mailer.php","message":"SMTP debug","extra":{"msg":"CLIENT -> SERVER: RCPT TO:<jarodhc4@gmail.com>\r\n"}}
{"time":"2026-09-10T19:55:58+02:00","context":"includes/mailer.php","message":"SMTP debug","extra":{"msg":"SERVER -> CLIENT: 250 Accepted\r\n"}}
{"time":"2026-09-10T19:55:58+02:00","context":"includes/mailer.php","message":"SMTP debug","extra":{"msg":"CLIENT -> SERVER: DATA\r\n"}}
{"time":"2026-09-10T19:55:58+02:00","context":"includes/mailer.php","message":"SMTP debug","extra":{"msg":"SERVER -> CLIENT: 354 Enter message, ending with \".\" on a line by itself\r\n"}}
{"time":"2026-09-10T19:55:58+02:00","context":"includes/mailer.php","message":"SMTP debug","extra":{"msg":"CLIENT -> SERVER: Date: Thu, 10 Sep 2026 19:55:58 +0200\r\n"}}
{"time":"2026-09-10T19:55:58+02:00","context":"includes/mailer.php","message":"SMTP debug","extra":{"msg":"CLIENT -> SERVER: To: jarodhc4@gmail.com\r\n"}}
{"time":"2026-09-10T19:55:58+02:00","context":"includes/mailer.php","message":"SMTP debug","extra":{"msg":"CLIENT -> SERVER: From: =?UTF-8?Q?Partageons_la_For=C3=AAt?= <rando@partageonslaforet.be>\r\n"}}
{"time":"2026-09-10T19:55:58+02:00","context":"includes/mailer.php","message":"SMTP debug","extra":{"msg":"[REDACTED]"}}
{"time":"2026-09-10T19:55:58+02:00","context":"includes/mailer.php","message":"SMTP debug","extra":{"msg":"CLIENT -> SERVER: Message-ID: <bx21IQ4mwqMaCC5yvBtuB4Wo79DLw8XKyZrVMliplc@rando.partageonslaforet.be>\r\n"}}
{"time":"2026-09-10T19:55:58+02:00","context":"includes/mailer.php","message":"SMTP debug","extra":{"msg":"CLIENT -> SERVER: X-Mailer: PHPMailer 6.9.3 (https://github.com/PHPMailer/PHPMailer)\r\n"}}
{"time":"2026-09-10T19:55:58+02:00","context":"includes/mailer.php","message":"SMTP debug","extra":{"msg":"CLIENT -> SERVER: MIME-Version: 1.0\r\n"}}
{"time":"2026-09-10T19:55:58+02:00","context":"includes/mailer.php","message":"SMTP debug","extra":{"msg":"CLIENT -> SERVER: Content-Type: multipart/alternative;\r\n"}}
{"time":"2026-09-10T19:55:58+02:00","context":"includes/mailer.php","message":"SMTP debug","extra":{"msg":"CLIENT -> SERVER:  boundary=\"b1=_bx21IQ4mwqMaCC5yvBtuB4Wo79DLw8XKyZrVMliplc\"\r\n"}}
{"time":"2026-09-10T19:55:58+02:00","context":"includes/mailer.php","message":"SMTP debug","extra":{"msg":"CLIENT -> SERVER: Content-Transfer-Encoding: 8bit\r\n"}}
{"time":"2026-09-10T19:55:58+02:00","context":"includes/mailer.php","message":"SMTP debug","extra":{"msg":"CLIENT -> SERVER: \r\n"}}
{"time":"2026-09-10T19:55:58+02:00","context":"includes/mailer.php","message":"SMTP debug","extra":{"msg":"CLIENT -> SERVER: --b1=_bx21IQ4mwqMaCC5yvBtuB4Wo79DLw8XKyZrVMliplc\r\n"}}
{"time":"2026-09-10T19:55:58+02:00","context":"includes/mailer.php","message":"SMTP debug","extra":{"msg":"CLIENT -> SERVER: Content-Type: text/plain; charset=UTF-8\r\n"}}
{"time":"2026-09-10T19:55:58+02:00","context":"includes/mailer.php","message":"SMTP debug","extra":{"msg":"CLIENT -> SERVER: Content-Transfer-Encoding: 8bit\r\n"}}
{"time":"2026-09-10T19:55:58+02:00","context":"includes/mailer.php","message":"SMTP debug","extra":{"msg":"CLIENT -> SERVER: \r\n"}}
{"time":"2026-09-10T19:55:58+02:00","context":"includes/mailer.php","message":"SMTP debug","extra":{"msg":"CLIENT -> SERVER: \r\n"}}
{"time":"2026-09-10T19:55:58+02:00","context":"includes/mailer.php","message":"SMTP debug","extra":{"msg":"CLIENT -> SERVER: \r\n"}}
{"time":"2026-09-10T19:55:58+02:00","context":"includes/mailer.php","message":"SMTP debug","extra":{"msg":"CLIENT -> SERVER: \r\n"}}
{"time":"2026-09-10T19:55:58+02:00","context":"includes/mailer.php","message":"SMTP debug","extra":{"msg":"CLIENT -> SERVER:   \r\n"}}
{"time":"2026-09-10T19:55:58+02:00","context":"includes/mailer.php","message":"SMTP debug","extra":{"msg":"CLIENT -> SERVER:   \r\n"}}
{"time":"2026-09-10T19:55:58+02:00","context":"includes/mailer.php","message":"SMTP debug","extra":{"msg":"CLIENT -> SERVER:   \r\n"}}
{"time":"2026-09-10T19:55:58+02:00","context":"includes/mailer.php","message":"SMTP debug","extra":{"msg":"CLIENT -> SERVER:   \r\n"}}
{"time":"2026-09-10T19:55:58+02:00","context":"includes/mailer.php","message":"SMTP debug","extra":{"msg":"[REDACTED]"}}
{"time":"2026-09-10T19:55:58+02:00","context":"includes/mailer.php","message":"SMTP debug","extra":{"msg":"CLIENT -> SERVER:   /* Style commun pour tous les emails */\r\n"}}
{"time":"2026-09-10T19:55:58+02:00","context":"includes/mailer.php","message":"SMTP debug","extra":{"msg":"CLIENT -> SERVER: body {\r\n"}}
{"time":"2026-09-10T19:55:58+02:00","context":"includes/mailer.php","message":"SMTP debug","extra":{"msg":"CLIENT -> SERVER:     font-family: Arial, sans-serif;\r\n"}}
{"time":"2026-09-10T19:55:58+02:00","context":"includes/mailer.php","message":"SMTP debug","extra":{"msg":"CLIENT -> SERVER:     line-height: 1.6;\r\n"}}
{"time":"2026-09-10T19:55:58+02:00","context":"includes/mailer.php","message":"SMTP debug","extra":{"msg":"CLIENT -> SERVER:     color: #333;\r\n"}}
{"time":"2026-09-10T19:55:58+02:00","context":"includes/mailer.php","message":"SMTP debug","extra":{"msg":"CLIENT -> SERVER:     max-width: 600px;\r\n"}}
{"time":"2026-09-10T19:55:58+02:00","context":"includes/mailer.php","message":"SMTP debug","extra":{"msg":"CLIENT -> SERVER:     margin: 0 auto;\r\n"}}
{"time":"2026-09-10T19:55:58+02:00","context":"includes/mailer.php","message":"SMTP debug","extra":{"msg":"CLIENT -> SERVER: }\r\n"}}
{"time":"2026-09-10T19:55:58+02:00","context":"includes/mailer.php","message":"SMTP debug","extra":{"msg":"CLIENT -> SERVER: \r\n"}}
{"time":"2026-09-10T19:55:58+02:00","context":"includes/mailer.php","message":"SMTP debug","extra":{"msg":"CLIENT -> SERVER: /* Styles structurés pour les emails (gabarit contact) */\r\n"}}
{"time":"2026-09-10T19:55:58+02:00","context":"includes/mailer.php","message":"SMTP debug","extra":{"msg":"CLIENT -> SERVER: ..email-wrapper {\r\n"}}
{"time":"2026-09-10T19:55:58+02:00","context":"includes/mailer.php","message":"SMTP debug","extra":{"msg":"CLIENT -> SERVER:     background: #F7FAF7;\r\n"}}
{"time":"2026-09-10T19:55:58+02:00","context":"includes/mailer.php","message":"SMTP debug","extra":{"msg":"CLIENT -> SERVER:     margin: 0;\r\n"}}
{"time":"2026-09-10T19:55:58+02:00","context":"includes/mailer.php","message":"SMTP debug","extra":{"msg":"CLIENT -> SERVER:     padding: 20px;\r\n"}}
{"time":"2026-09-10T19:55:58+02:00","context":"includes/mailer.php","message":"SMTP debug","extra":{"msg":"CLIENT -> SERVER:     font-family: Roboto, Arial, sans-serif;\r\n"}}
{"time":"2026-09-10T19:55:58+02:00","context":"includes/mailer.php","message":"SMTP debug","extra":{"msg":"CLIENT -> SERVER:     color: #2B2B2B;\r\n"}}
{"time":"2026-09-10T19:55:58+02:00","context":"includes/mailer.php","message":"SMTP debug","extra":{"msg":"CLIENT -> SERVER: }\r\n"}}
{"time":"2026-09-10T19:55:58+02:00","context":"includes/mailer.php","message":"SMTP debug","extra":{"msg":"CLIENT -> SERVER: \r\n"}}
{"time":"2026-09-10T19:55:58+02:00","context":"includes/mailer.php","message":"SMTP debug","extra":{"msg":"CLIENT -> SERVER: ..email-container {\r\n"}}
{"time":"2026-09-10T19:55:58+02:00","context":"includes/mailer.php","message":"SMTP debug","extra":{"msg":"CLIENT -> SERVER:     max-width: 640px;\r\n"}}
{"time":"2026-09-10T19:55:58+02:00","context":"includes/mailer.php","message":"SMTP debug","extra":{"msg":"CLIENT -> SERVER:     margin: 0 auto;\r\n"}}
{"time":"2026-09-10T19:55:58+02:00","context":"includes/mailer.php","message":"SMTP debug","extra":{"msg":"CLIENT -> SERVER:     background: #F7FAF7 !important;\r\n"}}
{"time":"2026-09-10T19:55:58+02:00","context":"includes/mailer.php","message":"SMTP debug","extra":{"msg":"CLIENT -> SERVER:     border: 1px solid #E5EBE5;\r\n"}}
{"time":"2026-09-10T19:55:58+02:00","context":"includes/mailer.php","message":"SMTP debug","extra":{"msg":"CLIENT -> SERVER:     border-radius: 10px;\r\n"}}
{"time":"2026-09-10T19:55:58+02:00","context":"includes/mailer.php","message":"SMTP debug","extra":{"msg":"CLIENT -> SERVER:     overflow: hidden;\r\n"}}
{"time":"2026-09-10T19:55:58+02:00","context":"includes/mailer.php","message":"SMTP debug","extra":{"msg":"CLIENT -> SERVER: }\r\n"}}
{"time":"2026-09-10T19:55:58+02:00","context":"includes/mailer.php","message":"SMTP debug","extra":{"msg":"CLIENT -> SERVER: \r\n"}}
{"time":"2026-09-10T19:55:58+02:00","context":"includes/mailer.php","message":"SMTP debug","extra":{"msg":"CLIENT -> SERVER: ..email-header {\r\n"}}
{"time":"2026-09-10T19:55:58+02:00","context":"includes/mailer.php","message":"SMTP debug","extra":{"msg":"CLIENT -> SERVER:     background: rgba(58, 138, 61, 0.5) !important;\r\n"}}
{"time":"2026-09-10T19:55:58+02:00","context":"includes/mailer.php","message":"SMTP debug","extra":{"msg":"CLIENT -> SERVER:     color: var(--secondary-color) !important;\r\n"}}
{"time":"2026-09-10T19:55:58+02:00","context":"includes/mailer.php","message":"SMTP debug","extra":{"msg":"CLIENT -> SERVER:     padding: 20px;\r\n"}}
{"time":"2026-09-10T19:55:58+02:00","context":"includes/mailer.php","message":"SMTP debug","extra":{"msg":"CLIENT -> SERVER: }\r\n"}}
{"time":"2026-09-10T19:55:58+02:00","context":"includes/mailer.php","message":"SMTP debug","extra":{"msg":"CLIENT -> SERVER: ..email-header h1 {\r\n"}}
{"time":"2026-09-10T19:55:58+02:00","context":"includes/mailer.php","message":"SMTP debug","extra":{"msg":"CLIENT -> SERVER:     margin: 0;\r\n"}}
{"time":"2026-09-10T19:55:58+02:00","context":"includes/mailer.php","message":"SMTP debug","extra":{"msg":"CLIENT -> SERVER:     font-size: 20px;\r\n"}}
{"time":"2026-09-10T19:55:58+02:00","context":"includes/mailer.php","message":"SMTP debug","extra":{"msg":"CLIENT -> SERVER: }\r\n"}}
{"time":"2026-09-10T19:55:58+02:00","context":"includes/mailer.php","message":"SMTP debug","extra":{"msg":"CLIENT -> SERVER: ..email-subject {\r\n"}}
{"time":"2026-09-10T19:55:58+02:00","context":"includes/mailer.php","message":"SMTP debug","extra":{"msg":"CLIENT -> SERVER:     margin: 6px 0 0;\r\n"}}
{"time":"2026-09-10T19:55:58+02:00","context":"includes/mailer.php","message":"SMTP debug","extra":{"msg":"CLIENT -> SERVER:     font-size: 14px;\r\n"}}
{"time":"2026-09-10T19:55:58+02:00","context":"includes/mailer.php","message":"SMTP debug","extra":{"msg":"CLIENT -> SERVER:     opacity: 0.95;\r\n"}}
{"time":"2026-09-10T19:55:58+02:00","context":"includes/mailer.php","message":"SMTP debug","extra":{"msg":"CLIENT -> SERVER: }\r\n"}}
{"time":"2026-09-10T19:55:58+02:00","context":"includes/mailer.php","message":"SMTP debug","extra":{"msg":"CLIENT -> SERVER: ..email-badge {\r\n"}}
{"time":"2026-09-10T19:55:58+02:00","context":"includes/mailer.php","message":"SMTP debug","extra":{"msg":"CLIENT -> SERVER:     display: inline-block;\r\n"}}
{"time":"2026-09-10T19:55:58+02:00","context":"includes/mailer.php","message":"SMTP debug","extra":{"msg":"CLIENT -> SERVER:     margin-top: 8px;\r\n"}}
{"time":"2026-09-10T19:55:58+02:00","context":"includes/mailer.php","message":"SMTP debug","extra":{"msg":"CLIENT -> SERVER:     background: rgba(255,255,255,0.15);\r\n"}}
{"time":"2026-09-10T19:55:58+02:00","context":"includes/mailer.php","message":"SMTP debug","extra":{"msg":"CLIENT -> SERVER:     border: 1px solid rgba(255,255,255,0.35);\r\n"}}
{"time":"2026-09-10T19:55:58+02:00","context":"includes/mailer.php","message":"SMTP debug","extra":{"msg":"CLIENT -> SERVER:     padding: 4px 8px;\r\n"}}
{"time":"2026-09-10T19:55:58+02:00","context":"includes/mailer.php","message":"SMTP debug","extra":{"msg":"CLIENT -> SERVER:     border-radius: 6px;\r\n"}}
{"time":"2026-09-10T19:55:58+02:00","context":"includes/mailer.php","message":"SMTP debug","extra":{"msg":"CLIENT -> SERVER:     font-size: 12px;\r\n"}}
{"time":"2026-09-10T19:55:58+02:00","context":"includes/mailer.php","message":"SMTP debug","extra":{"msg":"CLIENT -> SERVER: }\r\n"}}
{"time":"2026-09-10T19:55:58+02:00","context":"includes/mailer.php","message":"SMTP debug","extra":{"msg":"CLIENT -> SERVER: \r\n"}}
{"time":"2026-09-10T19:55:58+02:00","context":"includes/mailer.php","message":"SMTP debug","extra":{"msg":"CLIENT -> SERVER: ..email-content {\r\n"}}
{"time":"2026-09-10T19:55:58+02:00","context":"includes/mailer.php","message":"SMTP debug","extra":{"msg":"CLIENT -> SERVER:     padding: 20px;\r\n"}}
{"time":"2026-09-10T19:55:58+02:00","context":"includes/mailer.php","message":"SMTP debug","extra":{"msg":"CLIENT -> SERVER:     background: #F7FAF7 !important;\r\n"}}
{"time":"2026-09-10T19:55:58+02:00","context":"includes/mailer.php","message":"SMTP debug","extra":{"msg":"CLIENT -> SERVER: }\r\n"}}
{"time":"2026-09-10T19:55:58+02:00","context":"includes/mailer.php","message":"SMTP debug","extra":{"msg":"CLIENT -> SERVER: ..email-field {\r\n"}}
{"time":"2026-09-10T19:55:58+02:00","context":"includes/mailer.php","message":"SMTP debug","extra":{"msg":"CLIENT -> SERVER:     margin: 0 0 12px;\r\n"}}
{"time":"2026-09-10T19:55:58+02:00","context":"includes/mailer.php","message":"SMTP debug","extra":{"msg":"CLIENT -> SERVER: }\r\n"}}
{"time":"2026-09-10T19:55:58+02:00","context":"includes/mailer.php","message":"SMTP debug","extra":{"msg":"CLIENT -> SERVER: ..email-label {\r\n"}}
{"time":"2026-09-10T19:55:58+02:00","context":"includes/mailer.php","message":"SMTP debug","extra":{"msg":"CLIENT -> SERVER:     display: inline-block;\r\n"}}
{"time":"2026-09-10T19:55:58+02:00","context":"includes/mailer.php","message":"SMTP debug","extra":{"msg":"CLIENT -> SERVER:     min-width: 82px;\r\n"}}
{"time":"2026-09-10T19:55:58+02:00","context":"includes/mailer.php","message":"SMTP debug","extra":{"msg":"CLIENT -> SERVER:     font-weight: 700;\r\n"}}
{"time":"2026-09-10T19:55:58+02:00","context":"includes/mailer.php","message":"SMTP debug","extra":{"msg":"CLIENT -> SERVER:     color: #6b7a6e !important;\r\n"}}
{"time":"2026-09-10T19:55:58+02:00","context":"includes/mailer.php","message":"SMTP debug","extra":{"msg":"CLIENT -> SERVER: }\r\n"}}
{"time":"2026-09-10T19:55:58+02:00","context":"includes/mailer.php","message":"SMTP debug","extra":{"msg":"CLIENT -> SERVER: ..email-value {\r\n"}}
{"time":"2026-09-10T19:55:58+02:00","context":"includes/mailer.php","message":"SMTP debug","extra":{"msg":"CLIENT -> SERVER:     color: #6b7a6e !important;\r\n"}}
{"time":"2026-09-10T19:55:58+02:00","context":"includes/mailer.php","message":"SMTP debug","extra":{"msg":"CLIENT -> SERVER: }\r\n"}}
{"time":"2026-09-10T19:55:58+02:00","context":"includes/mailer.php","message":"SMTP debug","extra":{"msg":"CLIENT -> SERVER: ..email-message {\r\n"}}
{"time":"2026-09-10T19:55:58+02:00","context":"includes/mailer.php","message":"SMTP debug","extra":{"msg":"CLIENT -> SERVER:     margin-top: 6px;\r\n"}}
{"time":"2026-09-10T19:55:58+02:00","context":"includes/mailer.php","message":"SMTP debug","extra":{"msg":"CLIENT -> SERVER:     white-space: pre-wrap;\r\n"}}
{"time":"2026-09-10T19:55:58+02:00","context":"includes/mailer.php","message":"SMTP debug","extra":{"msg":"CLIENT -> SERVER:     line-height: 1.5;\r\n"}}
{"time":"2026-09-10T19:55:58+02:00","context":"includes/mailer.php","message":"SMTP debug","extra":{"msg":"CLIENT -> SERVER: }\r\n"}}
{"time":"2026-09-10T19:55:58+02:00","context":"includes/mailer.php","message":"SMTP debug","extra":{"msg":"CLIENT -> SERVER: \r\n"}}
{"time":"2026-09-10T19:55:58+02:00","context":"includes/mailer.php","message":"SMTP debug","extra":{"msg":"CLIENT -> SERVER: ..email-footer {\r\n"}}
{"time":"2026-09-10T19:55:58+02:00","context":"includes/mailer.php","message":"SMTP debug","extra":{"msg":"CLIENT -> SERVER:     font-size: 12px;\r\n"}}
{"time":"2026-09-10T19:55:58+02:00","context":"includes/mailer.php","message":"SMTP debug","extra":{"msg":"CLIENT -> SERVER:     color: #6b7a6e !important;\r\n"}}
{"time":"2026-09-10T19:55:58+02:00","context":"includes/mailer.php","message":"SMTP debug","extra":{"msg":"CLIENT -> SERVER:     padding: 16px 20px;\r\n"}}
{"time":"2026-09-10T19:55:58+02:00","context":"includes/mailer.php","message":"SMTP debug","extra":{"msg":"CLIENT -> SERVER:     border-top: 1px solid #E5EBE5 !important;\r\n"}}
{"time":"2026-09-10T19:55:58+02:00","context":"includes/mailer.php","message":"SMTP debug","extra":{"msg":"CLIENT -> SERVER:     background: #F7FAF7 !important;\r\n"}}
{"time":"2026-09-10T19:55:58+02:00","context":"includes/mailer.php","message":"SMTP debug","extra":{"msg":"CLIENT -> SERVER: }\r\n"}}
{"time":"2026-09-10T19:55:58+02:00","context":"includes/mailer.php","message":"SMTP debug","extra":{"msg":"CLIENT -> SERVER: ..header {\r\n"}}
{"time":"2026-09-10T19:55:58+02:00","context":"includes/mailer.php","message":"SMTP debug","extra":{"msg":"CLIENT -> SERVER:     background: rgba(58, 138, 61, 0.5) !important;;\r\n"}}
{"time":"2026-09-10T19:55:58+02:00","context":"includes/mailer.php","message":"SMTP debug","extra":{"msg":"CLIENT -> SERVER:     color: var(--secondary-color);\r\n"}}
{"time":"2026-09-10T19:55:58+02:00","context":"includes/mailer.php","message":"SMTP debug","extra":{"msg":"CLIENT -> SERVER:     padding: 20px;\r\n"}}
{"time":"2026-09-10T19:55:58+02:00","context":"includes/mailer.php","message":"SMTP debug","extra":{"msg":"CLIENT -> SERVER:     text-align: center;\r\n"}}
{"time":"2026-09-10T19:55:58+02:00","context":"includes/mailer.php","message":"SMTP debug","extra":{"msg":"CLIENT -> SERVER: }\r\n"}}
{"time":"2026-09-10T19:55:58+02:00","context":"includes/mailer.php","message":"SMTP debug","extra":{"msg":"CLIENT -> SERVER: \r\n"}}
{"time":"2026-09-10T19:55:58+02:00","context":"includes/mailer.php","message":"SMTP debug","extra":{"msg":"CLIENT -> SERVER: ..content {\r\n"}}
{"time":"2026-09-10T19:55:58+02:00","context":"includes/mailer.php","message":"SMTP debug","extra":{"msg":"CLIENT -> SERVER:     padding: 20px;\r\n"}}
{"time":"2026-09-10T19:55:58+02:00","context":"includes/mailer.php","message":"SMTP debug","extra":{"msg":"CLIENT -> SERVER:     background: #fff;\r\n"}}
{"time":"2026-09-10T19:55:58+02:00","context":"includes/mailer.php","message":"SMTP debug","extra":{"msg":"CLIENT -> SERVER: }\r\n"}}
{"time":"2026-09-10T19:55:58+02:00","context":"includes/mailer.php","message":"SMTP debug","extra":{"msg":"CLIENT -> SERVER: \r\n"}}
{"time":"2026-09-10T19:55:58+02:00","context":"includes/mailer.php","message":"SMTP debug","extra":{"msg":"CLIENT -> SERVER: ..footer {\r\n"}}
{"time":"2026-09-10T19:55:58+02:00","context":"includes/mailer.php","message":"SMTP debug","extra":{"msg":"CLIENT -> SERVER:     text-align: center;\r\n"}}
{"time":"2026-09-10T19:55:58+02:00","context":"includes/mailer.php","message":"SMTP debug","extra":{"msg":"CLIENT -> SERVER:     padding: 20px;\r\n"}}
{"time":"2026-09-10T19:55:58+02:00","context":"includes/mailer.php","message":"SMTP debug","extra":{"msg":"CLIENT -> SERVER:     background: #f5f5f5;\r\n"}}
{"time":"2026-09-10T19:55:58+02:00","context":"includes/mailer.php","message":"SMTP debug","extra":{"msg":"CLIENT -> SERVER:     font-size: 12px;\r\n"}}
{"time":"2026-09-10T19:55:58+02:00","context":"includes/mailer.php","message":"SMTP debug","extra":{"msg":"CLIENT -> SERVER: }\r\n"}}
{"time":"2026-09-10T19:55:58+02:00","context":"includes/mailer.php","message":"SMTP debug","extra":{"msg":"CLIENT -> SERVER: \r\n"}}
{"time":"2026-09-10T19:55:58+02:00","context":"includes/mailer.php","message":"SMTP debug","extra":{"msg":"CLIENT -> SERVER: ..button {\r\n"}}
{"time":"2026-09-10T19:55:58+02:00","context":"includes/mailer.php","message":"SMTP debug","extra":{"msg":"CLIENT -> SERVER:     display: inline-block;\r\n"}}
{"time":"2026-09-10T19:55:58+02:00","context":"includes/mailer.php","message":"SMTP debug","extra":{"msg":"CLIENT -> SERVER:     padding: 10px 20px;\r\n"}}
{"time":"2026-09-10T19:55:58+02:00","context":"includes/mailer.php","message":"SMTP debug","extra":{"msg":"CLIENT -> SERVER:     background: #4a6741;\r\n"}}
{"time":"2026-09-10T19:55:58+02:00","context":"includes/mailer.php","message":"SMTP debug","extra":{"msg":"CLIENT -> SERVER:     color: white;\r\n"}}
{"time":"2026-09-10T19:55:58+02:00","context":"includes/mailer.php","message":"SMTP debug","extra":{"msg":"CLIENT -> SERVER:     text-decoration: none;\r\n"}}
{"time":"2026-09-10T19:55:58+02:00","context":"includes/mailer.php","message":"SMTP debug","extra":{"msg":"CLIENT -> SERVER:     border-radius: 5px;\r\n"}}
{"time":"2026-09-10T19:55:58+02:00","context":"includes/mailer.php","message":"SMTP debug","extra":{"msg":"CLIENT -> SERVER:     margin: 20px 0;\r\n"}}
{"time":"2026-09-10T19:55:58+02:00","context":"includes/mailer.php","message":"SMTP debug","extra":{"msg":"CLIENT -> SERVER: }\r\n"}}
{"time":"2026-09-10T19:55:58+02:00","context":"includes/mailer.php","message":"SMTP debug","extra":{"msg":"CLIENT -> SERVER: \r\n"}}
{"time":"2026-09-10T19:55:58+02:00","context":"includes/mailer.php","message":"SMTP debug","extra":{"msg":"CLIENT -> SERVER: \r\n"}}
{"time":"2026-09-10T19:55:58+02:00","context":"includes/mailer.php","message":"SMTP debug","extra":{"msg":"CLIENT -> SERVER: \r\n"}}
{"time":"2026-09-10T19:55:58+02:00","context":"includes/mailer.php","message":"SMTP debug","extra":{"msg":"CLIENT -> SERVER:   \r\n"}}
{"time":"2026-09-10T19:55:58+02:00","context":"includes/mailer.php","message":"SMTP debug","extra":{"msg":"CLIENT -> SERVER:     \r\n"}}
{"time":"2026-09-10T19:55:58+02:00","context":"includes/mailer.php","message":"SMTP debug","extra":{"msg":"CLIENT -> SERVER:       \r\n"}}
{"time":"2026-09-10T19:55:58+02:00","context":"includes/mailer.php","message":"SMTP debug","extra":{"msg":"CLIENT -> SERVER:         Partageons La Forêt\r\n"}}
{"time":"2026-09-10T19:55:58+02:00","context":"includes/mailer.php","message":"SMTP debug","extra":{"msg":"[REDACTED]"}}
{"time":"2026-09-10T19:55:58+02:00","context":"includes/mailer.php","message":"SMTP debug","extra":{"msg":"CLIENT -> SERVER:       \r\n"}}
{"time":"2026-09-10T19:55:58+02:00","context":"includes/mailer.php","message":"SMTP debug","extra":{"msg":"CLIENT -> SERVER:     \r\n"}}
{"time":"2026-09-10T19:55:58+02:00","context":"includes/mailer.php","message":"SMTP debug","extra":{"msg":"CLIENT -> SERVER:     \r\n"}}
{"time":"2026-09-10T19:55:58+02:00","context":"includes/mailer.php","message":"SMTP debug","extra":{"msg":"CLIENT -> SERVER:       \r\n"}}
{"time":"2026-09-10T19:55:58+02:00","context":"includes/mailer.php","message":"SMTP debug","extra":{"msg":"CLIENT -> SERVER:         Bonjour Olivier,\r\n"}}
{"time":"2026-09-10T19:55:58+02:00","context":"includes/mailer.php","message":"SMTP debug","extra":{"msg":"[REDACTED]"}}
{"time":"2026-09-10T19:55:58+02:00","context":"includes/mailer.php","message":"SMTP debug","extra":{"msg":"CLIENT -> SERVER:         \r\n"}}
{"time":"2026-09-10T19:55:58+02:00","context":"includes/mailer.php","message":"SMTP debug","extra":{"msg":"[REDACTED]"}}
{"time":"2026-09-10T19:55:58+02:00","context":"includes/mailer.php","message":"SMTP debug","extra":{"msg":"CLIENT -> SERVER:         \r\n"}}
{"time":"2026-09-10T19:55:58+02:00","context":"includes/mailer.php","message":"SMTP debug","extra":{"msg":"CLIENT -> SERVER:         Si le bouton ne fonctionne pas, copiez et collez le lien suivant dans votre navigateur :\r\n"}}
{"time":"2026-09-10T19:55:58+02:00","context":"includes/mailer.php","message":"SMTP debug","extra":{"msg":"CLIENT -> SERVER:         https://rando.partageonslaforet.be/?reset=1&amp;token=922c712ab6c20e4bd97458db38a43a7331b8c43dcda912a46505caef6f02fe46&amp;email=jarodhc4%40gmail.com\r\n"}}
{"time":"2026-09-10T19:55:58+02:00","context":"includes/mailer.php","message":"SMTP debug","extra":{"msg":"CLIENT -> SERVER:         Note : ce lien est valable 1 heure et à usage unique.\r\n"}}
{"time":"2026-09-10T19:55:58+02:00","context":"includes/mailer.php","message":"SMTP debug","extra":{"msg":"CLIENT -> SERVER:       \r\n"}}
{"time":"2026-09-10T19:55:58+02:00","context":"includes/mailer.php","message":"SMTP debug","extra":{"msg":"CLIENT -> SERVER:     \r\n"}}
{"time":"2026-09-10T19:55:58+02:00","context":"includes/mailer.php","message":"SMTP debug","extra":{"msg":"CLIENT -> SERVER:     \r\n"}}
{"time":"2026-09-10T19:55:58+02:00","context":"includes/mailer.php","message":"SMTP debug","extra":{"msg":"CLIENT -> SERVER:       \r\n"}}
{"time":"2026-09-10T19:55:58+02:00","context":"includes/mailer.php","message":"SMTP debug","extra":{"msg":"CLIENT -> SERVER:         Si vous n'avez pas demandé cette réinitialisation, vous pouvez ignorer cet e-mail.\r\n"}}
{"time":"2026-09-10T19:55:58+02:00","context":"includes/mailer.php","message":"SMTP debug","extra":{"msg":"CLIENT -> SERVER:         © 2026 Partageons La Forêt\r\n"}}
{"time":"2026-09-10T19:55:58+02:00","context":"includes/mailer.php","message":"SMTP debug","extra":{"msg":"CLIENT -> SERVER:       \r\n"}}
{"time":"2026-09-10T19:55:58+02:00","context":"includes/mailer.php","message":"SMTP debug","extra":{"msg":"CLIENT -> SERVER:     \r\n"}}
{"time":"2026-09-10T19:55:58+02:00","context":"includes/mailer.php","message":"SMTP debug","extra":{"msg":"CLIENT -> SERVER:   \r\n"}}
{"time":"2026-09-10T19:55:58+02:00","context":"includes/mailer.php","message":"SMTP debug","extra":{"msg":"CLIENT -> SERVER: \r\n"}}
{"time":"2026-09-10T19:55:58+02:00","context":"includes/mailer.php","message":"SMTP debug","extra":{"msg":"CLIENT -> SERVER: \r\n"}}
{"time":"2026-09-10T19:55:58+02:00","context":"includes/mailer.php","message":"SMTP debug","extra":{"msg":"CLIENT -> SERVER: \r\n"}}
{"time":"2026-09-10T19:55:58+02:00","context":"includes/mailer.php","message":"SMTP debug","extra":{"msg":"CLIENT -> SERVER: --b1=_bx21IQ4mwqMaCC5yvBtuB4Wo79DLw8XKyZrVMliplc\r\n"}}
{"time":"2026-09-10T19:55:58+02:00","context":"includes/mailer.php","message":"SMTP debug","extra":{"msg":"CLIENT -> SERVER: Content-Type: text/html; charset=UTF-8\r\n"}}
{"time":"2026-09-10T19:55:58+02:00","context":"includes/mailer.php","message":"SMTP debug","extra":{"msg":"CLIENT -> SERVER: Content-Transfer-Encoding: 8bit\r\n"}}
{"time":"2026-09-10T19:55:58+02:00","context":"includes/mailer.php","message":"SMTP debug","extra":{"msg":"CLIENT -> SERVER: \r\n"}}
{"time":"2026-09-10T19:55:58+02:00","context":"includes/mailer.php","message":"SMTP debug","extra":{"msg":"CLIENT -> SERVER: <!doctype html>\r\n"}}
{"time":"2026-09-10T19:55:58+02:00","context":"includes/mailer.php","message":"SMTP debug","extra":{"msg":"CLIENT -> SERVER: <html lang=\"fr\">\r\n"}}
{"time":"2026-09-10T19:55:58+02:00","context":"includes/mailer.php","message":"SMTP debug","extra":{"msg":"CLIENT -> SERVER: <head>\r\n"}}
{"time":"2026-09-10T19:55:58+02:00","context":"includes/mailer.php","message":"SMTP debug","extra":{"msg":"CLIENT -> SERVER:   <meta charset=\"utf-8\">\r\n"}}
{"time":"2026-09-10T19:55:58+02:00","context":"includes/mailer.php","message":"SMTP debug","extra":{"msg":"CLIENT -> SERVER:   <meta name=\"viewport\" content=\"width=device-width, initial-scale=1\">\r\n"}}
{"time":"2026-09-10T19:55:58+02:00","context":"includes/mailer.php","message":"SMTP debug","extra":{"msg":"CLIENT -> SERVER:   <meta name=\"color-scheme\" content=\"light\">\r\n"}}
{"time":"2026-09-10T19:55:58+02:00","context":"includes/mailer.php","message":"SMTP debug","extra":{"msg":"CLIENT -> SERVER:   <meta name=\"supported-color-schemes\" content=\"light\">\r\n"}}
{"time":"2026-09-10T19:55:58+02:00","context":"includes/mailer.php","message":"SMTP debug","extra":{"msg":"[REDACTED]"}}
{"time":"2026-09-10T19:55:58+02:00","context":"includes/mailer.php","message":"SMTP debug","extra":{"msg":"CLIENT -> SERVER:   <style>/* Style commun pour tous les emails */\r\n"}}
{"time":"2026-09-10T19:55:58+02:00","context":"includes/mailer.php","message":"SMTP debug","extra":{"msg":"CLIENT -> SERVER: body {\r\n"}}
{"time":"2026-09-10T19:55:58+02:00","context":"includes/mailer.php","message":"SMTP debug","extra":{"msg":"CLIENT -> SERVER:     font-family: Arial, sans-serif;\r\n"}}
{"time":"2026-09-10T19:55:58+02:00","context":"includes/mailer.php","message":"SMTP debug","extra":{"msg":"CLIENT -> SERVER:     line-height: 1.6;\r\n"}}
{"time":"2026-09-10T19:55:58+02:00","context":"includes/mailer.php","message":"SMTP debug","extra":{"msg":"CLIENT -> SERVER:     color: #333;\r\n"}}
{"time":"2026-09-10T19:55:58+02:00","context":"includes/mailer.php","message":"SMTP debug","extra":{"msg":"CLIENT -> SERVER:     max-width: 600px;\r\n"}}
{"time":"2026-09-10T19:55:58+02:00","context":"includes/mailer.php","message":"SMTP debug","extra":{"msg":"CLIENT -> SERVER:     margin: 0 auto;\r\n"}}
{"time":"2026-09-10T19:55:58+02:00","context":"includes/mailer.php","message":"SMTP debug","extra":{"msg":"CLIENT -> SERVER: }\r\n"}}
{"time":"2026-09-10T19:55:58+02:00","context":"includes/mailer.php","message":"SMTP debug","extra":{"msg":"CLIENT -> SERVER: \r\n"}}
{"time":"2026-09-10T19:55:58+02:00","context":"includes/mailer.php","message":"SMTP debug","extra":{"msg":"CLIENT -> SERVER: /* Styles structurés pour les emails (gabarit contact) */\r\n"}}
{"time":"2026-09-10T19:55:58+02:00","context":"includes/mailer.php","message":"SMTP debug","extra":{"msg":"CLIENT -> SERVER: ..email-wrapper {\r\n"}}
{"time":"2026-09-10T19:55:58+02:00","context":"includes/mailer.php","message":"SMTP debug","extra":{"msg":"CLIENT -> SERVER:     background: #F7FAF7;\r\n"}}
{"time":"2026-09-10T19:55:58+02:00","context":"includes/mailer.php","message":"SMTP debug","extra":{"msg":"CLIENT -> SERVER:     margin: 0;\r\n"}}
{"time":"2026-09-10T19:55:58+02:00","context":"includes/mailer.php","message":"SMTP debug","extra":{"msg":"CLIENT -> SERVER:     padding: 20px;\r\n"}}
{"time":"2026-09-10T19:55:58+02:00","context":"includes/mailer.php","message":"SMTP debug","extra":{"msg":"CLIENT -> SERVER:     font-family: Roboto, Arial, sans-serif;\r\n"}}
{"time":"2026-09-10T19:55:58+02:00","context":"includes/mailer.php","message":"SMTP debug","extra":{"msg":"CLIENT -> SERVER:     color: #2B2B2B;\r\n"}}
{"time":"2026-09-10T19:55:58+02:00","context":"includes/mailer.php","message":"SMTP debug","extra":{"msg":"CLIENT -> SERVER: }\r\n"}}
{"time":"2026-09-10T19:55:58+02:00","context":"includes/mailer.php","message":"SMTP debug","extra":{"msg":"CLIENT -> SERVER: \r\n"}}
{"time":"2026-09-10T19:55:58+02:00","context":"includes/mailer.php","message":"SMTP debug","extra":{"msg":"CLIENT -> SERVER: ..email-container {\r\n"}}
{"time":"2026-09-10T19:55:58+02:00","context":"includes/mailer.php","message":"SMTP debug","extra":{"msg":"CLIENT -> SERVER:     max-width: 640px;\r\n"}}
{"time":"2026-09-10T19:55:58+02:00","context":"includes/mailer.php","message":"SMTP debug","extra":{"msg":"CLIENT -> SERVER:     margin: 0 auto;\r\n"}}
{"time":"2026-09-10T19:55:58+02:00","context":"includes/mailer.php","message":"SMTP debug","extra":{"msg":"CLIENT -> SERVER:     background: #F7FAF7 !important;\r\n"}}
{"time":"2026-09-10T19:55:58+02:00","context":"includes/mailer.php","message":"SMTP debug","extra":{"msg":"CLIENT -> SERVER:     border: 1px solid #E5EBE5;\r\n"}}
{"time":"2026-09-10T19:55:58+02:00","context":"includes/mailer.php","message":"SMTP debug","extra":{"msg":"CLIENT -> SERVER:     border-radius: 10px;\r\n"}}
{"time":"2026-09-10T19:55:58+02:00","context":"includes/mailer.php","message":"SMTP debug","extra":{"msg":"CLIENT -> SERVER:     overflow: hidden;\r\n"}}
{"time":"2026-09-10T19:55:58+02:00","context":"includes/mailer.php","message":"SMTP debug","extra":{"msg":"CLIENT -> SERVER: }\r\n"}}
{"time":"2026-09-10T19:55:58+02:00","context":"includes/mailer.php","message":"SMTP debug","extra":{"msg":"CLIENT -> SERVER: \r\n"}}
{"time":"2026-09-10T19:55:58+02:00","context":"includes/mailer.php","message":"SMTP debug","extra":{"msg":"CLIENT -> SERVER: ..email-header {\r\n"}}
{"time":"2026-09-10T19:55:58+02:00","context":"includes/mailer.php","message":"SMTP debug","extra":{"msg":"CLIENT -> SERVER:     background: rgba(58, 138, 61, 0.5) !important;\r\n"}}
{"time":"2026-09-10T19:55:58+02:00","context":"includes/mailer.php","message":"SMTP debug","extra":{"msg":"CLIENT -> SERVER:     color: var(--secondary-color) !important;\r\n"}}
{"time":"2026-09-10T19:55:58+02:00","context":"includes/mailer.php","message":"SMTP debug","extra":{"msg":"CLIENT -> SERVER:     padding: 20px;\r\n"}}
{"time":"2026-09-10T19:55:58+02:00","context":"includes/mailer.php","message":"SMTP debug","extra":{"msg":"CLIENT -> SERVER: }\r\n"}}
{"time":"2026-09-10T19:55:58+02:00","context":"includes/mailer.php","message":"SMTP debug","extra":{"msg":"CLIENT -> SERVER: ..email-header h1 {\r\n"}}
{"time":"2026-09-10T19:55:58+02:00","context":"includes/mailer.php","message":"SMTP debug","extra":{"msg":"CLIENT -> SERVER:     margin: 0;\r\n"}}
{"time":"2026-09-10T19:55:58+02:00","context":"includes/mailer.php","message":"SMTP debug","extra":{"msg":"CLIENT -> SERVER:     font-size: 20px;\r\n"}}
{"time":"2026-09-10T19:55:58+02:00","context":"includes/mailer.php","message":"SMTP debug","extra":{"msg":"CLIENT -> SERVER: }\r\n"}}
{"time":"2026-09-10T19:55:58+02:00","context":"includes/mailer.php","message":"SMTP debug","extra":{"msg":"CLIENT -> SERVER: ..email-subject {\r\n"}}
{"time":"2026-09-10T19:55:58+02:00","context":"includes/mailer.php","message":"SMTP debug","extra":{"msg":"CLIENT -> SERVER:     margin: 6px 0 0;\r\n"}}
{"time":"2026-09-10T19:55:58+02:00","context":"includes/mailer.php","message":"SMTP debug","extra":{"msg":"CLIENT -> SERVER:     font-size: 14px;\r\n"}}
{"time":"2026-09-10T19:55:58+02:00","context":"includes/mailer.php","message":"SMTP debug","extra":{"msg":"CLIENT -> SERVER:     opacity: 0.95;\r\n"}}
{"time":"2026-09-10T19:55:58+02:00","context":"includes/mailer.php","message":"SMTP debug","extra":{"msg":"CLIENT -> SERVER: }\r\n"}}
{"time":"2026-09-10T19:55:58+02:00","context":"includes/mailer.php","message":"SMTP debug","extra":{"msg":"CLIENT -> SERVER: ..email-badge {\r\n"}}
{"time":"2026-09-10T19:55:58+02:00","context":"includes/mailer.php","message":"SMTP debug","extra":{"msg":"CLIENT -> SERVER:     display: inline-block;\r\n"}}
{"time":"2026-09-10T19:55:58+02:00","context":"includes/mailer.php","message":"SMTP debug","extra":{"msg":"CLIENT -> SERVER:     margin-top: 8px;\r\n"}}
{"time":"2026-09-10T19:55:58+02:00","context":"includes/mailer.php","message":"SMTP debug","extra":{"msg":"CLIENT -> SERVER:     background: rgba(255,255,255,0.15);\r\n"}}
{"time":"2026-09-10T19:55:58+02:00","context":"includes/mailer.php","message":"SMTP debug","extra":{"msg":"CLIENT -> SERVER:     border: 1px solid rgba(255,255,255,0.35);\r\n"}}
{"time":"2026-09-10T19:55:58+02:00","context":"includes/mailer.php","message":"SMTP debug","extra":{"msg":"CLIENT -> SERVER:     padding: 4px 8px;\r\n"}}
{"time":"2026-09-10T19:55:58+02:00","context":"includes/mailer.php","message":"SMTP debug","extra":{"msg":"CLIENT -> SERVER:     border-radius: 6px;\r\n"}}
{"time":"2026-09-10T19:55:58+02:00","context":"includes/mailer.php","message":"SMTP debug","extra":{"msg":"CLIENT -> SERVER:     font-size: 12px;\r\n"}}
{"time":"2026-09-10T19:55:58+02:00","context":"includes/mailer.php","message":"SMTP debug","extra":{"msg":"CLIENT -> SERVER: }\r\n"}}
{"time":"2026-09-10T19:55:58+02:00","context":"includes/mailer.php","message":"SMTP debug","extra":{"msg":"CLIENT -> SERVER: \r\n"}}
{"time":"2026-09-10T19:55:58+02:00","context":"includes/mailer.php","message":"SMTP debug","extra":{"msg":"CLIENT -> SERVER: ..email-content {\r\n"}}
{"time":"2026-09-10T19:55:58+02:00","context":"includes/mailer.php","message":"SMTP debug","extra":{"msg":"CLIENT -> SERVER:     padding: 20px;\r\n"}}
{"time":"2026-09-10T19:55:58+02:00","context":"includes/mailer.php","message":"SMTP debug","extra":{"msg":"CLIENT -> SERVER:     background: #F7FAF7 !important;\r\n"}}
{"time":"2026-09-10T19:55:58+02:00","context":"includes/mailer.php","message":"SMTP debug","extra":{"msg":"CLIENT -> SERVER: }\r\n"}}
{"time":"2026-09-10T19:55:58+02:00","context":"includes/mailer.php","message":"SMTP debug","extra":{"msg":"CLIENT -> SERVER: ..email-field {\r\n"}}
{"time":"2026-09-10T19:55:58+02:00","context":"includes/mailer.php","message":"SMTP debug","extra":{"msg":"CLIENT -> SERVER:     margin: 0 0 12px;\r\n"}}
{"time":"2026-09-10T19:55:58+02:00","context":"includes/mailer.php","message":"SMTP debug","extra":{"msg":"CLIENT -> SERVER: }\r\n"}}
{"time":"2026-09-10T19:55:58+02:00","context":"includes/mailer.php","message":"SMTP debug","extra":{"msg":"CLIENT -> SERVER: ..email-label {\r\n"}}
{"time":"2026-09-10T19:55:58+02:00","context":"includes/mailer.php","message":"SMTP debug","extra":{"msg":"CLIENT -> SERVER:     display: inline-block;\r\n"}}
{"time":"2026-09-10T19:55:58+02:00","context":"includes/mailer.php","message":"SMTP debug","extra":{"msg":"CLIENT -> SERVER:     min-width: 82px;\r\n"}}
{"time":"2026-09-10T19:55:58+02:00","context":"includes/mailer.php","message":"SMTP debug","extra":{"msg":"CLIENT -> SERVER:     font-weight: 700;\r\n"}}
{"time":"2026-09-10T19:55:58+02:00","context":"includes/mailer.php","message":"SMTP debug","extra":{"msg":"CLIENT -> SERVER:     color: #6b7a6e !important;\r\n"}}
{"time":"2026-09-10T19:55:58+02:00","context":"includes/mailer.php","message":"SMTP debug","extra":{"msg":"CLIENT -> SERVER: }\r\n"}}
{"time":"2026-09-10T19:55:58+02:00","context":"includes/mailer.php","message":"SMTP debug","extra":{"msg":"CLIENT -> SERVER: ..email-value {\r\n"}}
{"time":"2026-09-10T19:55:58+02:00","context":"includes/mailer.php","message":"SMTP debug","extra":{"msg":"CLIENT -> SERVER:     color: #6b7a6e !important;\r\n"}}
{"time":"2026-09-10T19:55:58+02:00","context":"includes/mailer.php","message":"SMTP debug","extra":{"msg":"CLIENT -> SERVER: }\r\n"}}
{"time":"2026-09-10T19:55:58+02:00","context":"includes/mailer.php","message":"SMTP debug","extra":{"msg":"CLIENT -> SERVER: ..email-message {\r\n"}}
{"time":"2026-09-10T19:55:58+02:00","context":"includes/mailer.php","message":"SMTP debug","extra":{"msg":"CLIENT -> SERVER:     margin-top: 6px;\r\n"}}
{"time":"2026-09-10T19:55:58+02:00","context":"includes/mailer.php","message":"SMTP debug","extra":{"msg":"CLIENT -> SERVER:     white-space: pre-wrap;\r\n"}}
{"time":"2026-09-10T19:55:58+02:00","context":"includes/mailer.php","message":"SMTP debug","extra":{"msg":"CLIENT -> SERVER:     line-height: 1.5;\r\n"}}
{"time":"2026-09-10T19:55:58+02:00","context":"includes/mailer.php","message":"SMTP debug","extra":{"msg":"CLIENT -> SERVER: }\r\n"}}
{"time":"2026-09-10T19:55:58+02:00","context":"includes/mailer.php","message":"SMTP debug","extra":{"msg":"CLIENT -> SERVER: \r\n"}}
{"time":"2026-09-10T19:55:58+02:00","context":"includes/mailer.php","message":"SMTP debug","extra":{"msg":"CLIENT -> SERVER: ..email-footer {\r\n"}}
{"time":"2026-09-10T19:55:58+02:00","context":"includes/mailer.php","message":"SMTP debug","extra":{"msg":"CLIENT -> SERVER:     font-size: 12px;\r\n"}}
{"time":"2026-09-10T19:55:58+02:00","context":"includes/mailer.php","message":"SMTP debug","extra":{"msg":"CLIENT -> SERVER:     color: #6b7a6e !important;\r\n"}}
{"time":"2026-09-10T19:55:58+02:00","context":"includes/mailer.php","message":"SMTP debug","extra":{"msg":"CLIENT -> SERVER:     padding: 16px 20px;\r\n"}}
{"time":"2026-09-10T19:55:58+02:00","context":"includes/mailer.php","message":"SMTP debug","extra":{"msg":"CLIENT -> SERVER:     border-top: 1px solid #E5EBE5 !important;\r\n"}}
{"time":"2026-09-10T19:55:58+02:00","context":"includes/mailer.php","message":"SMTP debug","extra":{"msg":"CLIENT -> SERVER:     background: #F7FAF7 !important;\r\n"}}
{"time":"2026-09-10T19:55:58+02:00","context":"includes/mailer.php","message":"SMTP debug","extra":{"msg":"CLIENT -> SERVER: }\r\n"}}
{"time":"2026-09-10T19:55:58+02:00","context":"includes/mailer.php","message":"SMTP debug","extra":{"msg":"CLIENT -> SERVER: ..header {\r\n"}}
{"time":"2026-09-10T19:55:58+02:00","context":"includes/mailer.php","message":"SMTP debug","extra":{"msg":"CLIENT -> SERVER:     background: rgba(58, 138, 61, 0.5) !important;;\r\n"}}
{"time":"2026-09-10T19:55:58+02:00","context":"includes/mailer.php","message":"SMTP debug","extra":{"msg":"CLIENT -> SERVER:     color: var(--secondary-color);\r\n"}}
{"time":"2026-09-10T19:55:58+02:00","context":"includes/mailer.php","message":"SMTP debug","extra":{"msg":"CLIENT -> SERVER:     padding: 20px;\r\n"}}
{"time":"2026-09-10T19:55:58+02:00","context":"includes/mailer.php","message":"SMTP debug","extra":{"msg":"CLIENT -> SERVER:     text-align: center;\r\n"}}
{"time":"2026-09-10T19:55:58+02:00","context":"includes/mailer.php","message":"SMTP debug","extra":{"msg":"CLIENT -> SERVER: }\r\n"}}
{"time":"2026-09-10T19:55:58+02:00","context":"includes/mailer.php","message":"SMTP debug","extra":{"msg":"CLIENT -> SERVER: \r\n"}}
{"time":"2026-09-10T19:55:58+02:00","context":"includes/mailer.php","message":"SMTP debug","extra":{"msg":"CLIENT -> SERVER: ..content {\r\n"}}
{"time":"2026-09-10T19:55:58+02:00","context":"includes/mailer.php","message":"SMTP debug","extra":{"msg":"CLIENT -> SERVER:     padding: 20px;\r\n"}}
{"time":"2026-09-10T19:55:58+02:00","context":"includes/mailer.php","message":"SMTP debug","extra":{"msg":"CLIENT -> SERVER:     background: #fff;\r\n"}}
{"time":"2026-09-10T19:55:58+02:00","context":"includes/mailer.php","message":"SMTP debug","extra":{"msg":"CLIENT -> SERVER: }\r\n"}}
{"time":"2026-09-10T19:55:58+02:00","context":"includes/mailer.php","message":"SMTP debug","extra":{"msg":"CLIENT -> SERVER: \r\n"}}
{"time":"2026-09-10T19:55:58+02:00","context":"includes/mailer.php","message":"SMTP debug","extra":{"msg":"CLIENT -> SERVER: ..footer {\r\n"}}
{"time":"2026-09-10T19:55:58+02:00","context":"includes/mailer.php","message":"SMTP debug","extra":{"msg":"CLIENT -> SERVER:     text-align: center;\r\n"}}
{"time":"2026-09-10T19:55:58+02:00","context":"includes/mailer.php","message":"SMTP debug","extra":{"msg":"CLIENT -> SERVER:     padding: 20px;\r\n"}}
{"time":"2026-09-10T19:55:58+02:00","context":"includes/mailer.php","message":"SMTP debug","extra":{"msg":"CLIENT -> SERVER:     background: #f5f5f5;\r\n"}}
{"time":"2026-09-10T19:55:58+02:00","context":"includes/mailer.php","message":"SMTP debug","extra":{"msg":"CLIENT -> SERVER:     font-size: 12px;\r\n"}}
{"time":"2026-09-10T19:55:58+02:00","context":"includes/mailer.php","message":"SMTP debug","extra":{"msg":"CLIENT -> SERVER: }\r\n"}}
{"time":"2026-09-10T19:55:58+02:00","context":"includes/mailer.php","message":"SMTP debug","extra":{"msg":"CLIENT -> SERVER: \r\n"}}
{"time":"2026-09-10T19:55:58+02:00","context":"includes/mailer.php","message":"SMTP debug","extra":{"msg":"CLIENT -> SERVER: ..button {\r\n"}}
{"time":"2026-09-10T19:55:58+02:00","context":"includes/mailer.php","message":"SMTP debug","extra":{"msg":"CLIENT -> SERVER:     display: inline-block;\r\n"}}
{"time":"2026-09-10T19:55:58+02:00","context":"includes/mailer.php","message":"SMTP debug","extra":{"msg":"CLIENT -> SERVER:     padding: 10px 20px;\r\n"}}
{"time":"2026-09-10T19:55:58+02:00","context":"includes/mailer.php","message":"SMTP debug","extra":{"msg":"CLIENT -> SERVER:     background: #4a6741;\r\n"}}
{"time":"2026-09-10T19:55:58+02:00","context":"includes/mailer.php","message":"SMTP debug","extra":{"msg":"CLIENT -> SERVER:     color: white;\r\n"}}
{"time":"2026-09-10T19:55:58+02:00","context":"includes/mailer.php","message":"SMTP debug","extra":{"msg":"CLIENT -> SERVER:     text-decoration: none;\r\n"}}
{"time":"2026-09-10T19:55:58+02:00","context":"includes/mailer.php","message":"SMTP debug","extra":{"msg":"CLIENT -> SERVER:     border-radius: 5px;\r\n"}}
{"time":"2026-09-10T19:55:58+02:00","context":"includes/mailer.php","message":"SMTP debug","extra":{"msg":"CLIENT -> SERVER:     margin: 20px 0;\r\n"}}
{"time":"2026-09-10T19:55:58+02:00","context":"includes/mailer.php","message":"SMTP debug","extra":{"msg":"CLIENT -> SERVER: }\r\n"}}
{"time":"2026-09-10T19:55:58+02:00","context":"includes/mailer.php","message":"SMTP debug","extra":{"msg":"CLIENT -> SERVER: \r\n"}}
{"time":"2026-09-10T19:55:58+02:00","context":"includes/mailer.php","message":"SMTP debug","extra":{"msg":"CLIENT -> SERVER: </style></head>\r\n"}}
{"time":"2026-09-10T19:55:58+02:00","context":"includes/mailer.php","message":"SMTP debug","extra":{"msg":"CLIENT -> SERVER: <body class=\"email-wrapper\">\r\n"}}
{"time":"2026-09-10T19:55:58+02:00","context":"includes/mailer.php","message":"SMTP debug","extra":{"msg":"CLIENT -> SERVER:   <table role=\"presentation\" class=\"email-container\" cellspacing=\"0\" cellpadding=\"0\" border=\"0\" align=\"center\" width=\"100%\">\r\n"}}
{"time":"2026-09-10T19:55:58+02:00","context":"includes/mailer.php","message":"SMTP debug","extra":{"msg":"CLIENT -> SERVER:     <tr>\r\n"}}
{"time":"2026-09-10T19:55:58+02:00","context":"includes/mailer.php","message":"SMTP debug","extra":{"msg":"CLIENT -> SERVER:       <td class=\"email-header\">\r\n"}}
{"time":"2026-09-10T19:55:58+02:00","context":"includes/mailer.php","message":"SMTP debug","extra":{"msg":"CLIENT -> SERVER:         <h1>Partageons La Forêt</h1>\r\n"}}
{"time":"2026-09-10T19:55:58+02:00","context":"includes/mailer.php","message":"SMTP debug","extra":{"msg":"[REDACTED]"}}
{"time":"2026-09-10T19:55:58+02:00","context":"includes/mailer.php","message":"SMTP debug","extra":{"msg":"CLIENT -> SERVER:       </td>\r\n"}}
{"time":"2026-09-10T19:55:58+02:00","context":"includes/mailer.php","message":"SMTP debug","extra":{"msg":"CLIENT -> SERVER:     </tr>\r\n"}}
{"time":"2026-09-10T19:55:58+02:00","context":"includes/mailer.php","message":"SMTP debug","extra":{"msg":"CLIENT -> SERVER:     <tr>\r\n"}}
{"time":"2026-09-10T19:55:58+02:00","context":"includes/mailer.php","message":"SMTP debug","extra":{"msg":"CLIENT -> SERVER:       <td class=\"email-content\">\r\n"}}
{"time":"2026-09-10T19:55:58+02:00","context":"includes/mailer.php","message":"SMTP debug","extra":{"msg":"CLIENT -> SERVER:         <p>Bonjour Olivier,</p>\r\n"}}
{"time":"2026-09-10T19:55:58+02:00","context":"includes/mailer.php","message":"SMTP debug","extra":{"msg":"[REDACTED]"}}
{"time":"2026-09-10T19:55:58+02:00","context":"includes/mailer.php","message":"SMTP debug","extra":{"msg":"CLIENT -> SERVER:         <p>\r\n"}}
{"time":"2026-09-10T19:55:58+02:00","context":"includes/mailer.php","message":"SMTP debug","extra":{"msg":"[REDACTED]"}}
{"time":"2026-09-10T19:55:58+02:00","context":"includes/mailer.php","message":"SMTP debug","extra":{"msg":"CLIENT -> SERVER:         </p>\r\n"}}
{"time":"2026-09-10T19:55:58+02:00","context":"includes/mailer.php","message":"SMTP debug","extra":{"msg":"CLIENT -> SERVER:         <p>Si le bouton ne fonctionne pas, copiez et collez le lien suivant dans votre navigateur :</p>\r\n"}}
{"time":"2026-09-10T19:55:58+02:00","context":"includes/mailer.php","message":"SMTP debug","extra":{"msg":"CLIENT -> SERVER:         <p style=\"word-break: break-all; color: #6b7a6e;\">https://rando.partageonslaforet.be/?reset=1&amp;token=922c712ab6c20e4bd97458db38a43a7331b8c43dcda912a46505caef6f02fe46&amp;email=jarodhc4%40gmail.com</p>\r\n"}}
{"time":"2026-09-10T19:55:58+02:00","context":"includes/mailer.php","message":"SMTP debug","extra":{"msg":"CLIENT -> SERVER:         <p><strong>Note :</strong> ce lien est valable 1 heure et à usage unique.</p>\r\n"}}
{"time":"2026-09-10T19:55:58+02:00","context":"includes/mailer.php","message":"SMTP debug","extra":{"msg":"CLIENT -> SERVER:       </td>\r\n"}}
{"time":"2026-09-10T19:55:58+02:00","context":"includes/mailer.php","message":"SMTP debug","extra":{"msg":"CLIENT -> SERVER:     </tr>\r\n"}}
{"time":"2026-09-10T19:55:58+02:00","context":"includes/mailer.php","message":"SMTP debug","extra":{"msg":"CLIENT -> SERVER:     <tr>\r\n"}}
{"time":"2026-09-10T19:55:58+02:00","context":"includes/mailer.php","message":"SMTP debug","extra":{"msg":"CLIENT -> SERVER:       <td class=\"email-footer\">\r\n"}}
{"time":"2026-09-10T19:55:58+02:00","context":"includes/mailer.php","message":"SMTP debug","extra":{"msg":"CLIENT -> SERVER:         <p>Si vous n'avez pas demandé cette réinitialisation, vous pouvez ignorer cet e-mail.</p>\r\n"}}
{"time":"2026-09-10T19:55:58+02:00","context":"includes/mailer.php","message":"SMTP debug","extra":{"msg":"CLIENT -> SERVER:         <p>© 2026 Partageons La Forêt</p>\r\n"}}
{"time":"2026-09-10T19:55:58+02:00","context":"includes/mailer.php","message":"SMTP debug","extra":{"msg":"CLIENT -> SERVER:       </td>\r\n"}}
{"time":"2026-09-10T19:55:58+02:00","context":"includes/mailer.php","message":"SMTP debug","extra":{"msg":"CLIENT -> SERVER:     </tr>\r\n"}}
{"time":"2026-09-10T19:55:58+02:00","context":"includes/mailer.php","message":"SMTP debug","extra":{"msg":"CLIENT -> SERVER:   </table>\r\n"}}
{"time":"2026-09-10T19:55:58+02:00","context":"includes/mailer.php","message":"SMTP debug","extra":{"msg":"CLIENT -> SERVER: </body>\r\n"}}
{"time":"2026-09-10T19:55:58+02:00","context":"includes/mailer.php","message":"SMTP debug","extra":{"msg":"CLIENT -> SERVER: </html>\r\n"}}
{"time":"2026-09-10T19:55:58+02:00","context":"includes/mailer.php","message":"SMTP debug","extra":{"msg":"CLIENT -> SERVER: \r\n"}}
{"time":"2026-09-10T19:55:58+02:00","context":"includes/mailer.php","message":"SMTP debug","extra":{"msg":"CLIENT -> SERVER: \r\n"}}
{"time":"2026-09-10T19:55:58+02:00","context":"includes/mailer.php","message":"SMTP debug","extra":{"msg":"CLIENT -> SERVER: --b1=_bx21IQ4mwqMaCC5yvBtuB4Wo79DLw8XKyZrVMliplc--\r\n"}}
{"time":"2026-09-10T19:55:58+02:00","context":"includes/mailer.php","message":"SMTP debug","extra":{"msg":"CLIENT -> SERVER: \r\n"}}
{"time":"2026-09-10T19:55:58+02:00","context":"includes/mailer.php","message":"SMTP debug","extra":{"msg":"CLIENT -> SERVER: .\r\n"}}
{"time":"2026-09-10T19:55:58+02:00","context":"includes/mailer.php","message":"SMTP debug","extra":{"msg":"SERVER -> CLIENT: 250 OK id=1x4j0A-00000009P17-2he2\r\n"}}
{"time":"2026-09-10T19:55:58+02:00","context":"includes/mailer.php","message":"SMTP debug","extra":{"msg":"CLIENT -> SERVER: QUIT\r\n"}}
{"time":"2026-09-10T19:55:58+02:00","context":"includes/mailer.php","message":"SMTP debug","extra":{"msg":"SERVER -> CLIENT: 221 chat.o2switch.net closing connection\r\n"}}
{"time":"2026-09-10T19:55:58+02:00","context":"includes/mailer.php","message":"Envoi e-mail reussi","extra":{"to":"jarodhc4@gmail.com","subject":"Réinitialisation de votre mot de passe - Partageons La Forêt","transport":"smtp"}}
{"time":"2026-09-10T19:55:58+02:00","context":"api/auth/forgot-password.php","message":"Resultat envoi mail reset","extra":{"sent":true,"email":"jarodhc4@gmail.com"}}
{"time":"2026-09-10T19:57:04+02:00","context":"api/auth/login.php","message":"CSRF debug","extra":{"session_id":"5213egirt3m10cf3to7354ohoe","session_csrf":"594b491029f85fdde2eeb510127d7531399eeec9ad9b151bfd053e64198e9e7e","received_csrf":"594b491029f85fdde2eeb510127d7531399eeec9ad9b151bfd053e64198e9e7e","has_session":true,"has_input":true,"http_x_token":null,"email":"jarodhc4@gmail.com"}}
{"time":"2026-09-10T19:57:21+02:00","context":"api/auth/login.php","message":"CSRF debug","extra":{"session_id":"5213egirt3m10cf3to7354ohoe","session_csrf":"6b95f51403b5e550d2dcc331550e8f52e9f940ff20c0e99336c7f964bdc3c005","received_csrf":"6b95f51403b5e550d2dcc331550e8f52e9f940ff20c0e99336c7f964bdc3c005","has_session":true,"has_input":true,"http_x_token":null,"email":"jarodhc4@gmail.com"}}
